{
    "name": "root",
    "metadata": {
        "timer_format_version": "0.1.0",
        "start_time_seconds": "1749380883",
        "python_version": "3.10.2 | packaged by conda-forge | (main, Mar  8 2022, 15:52:47) [Clang 11.1.0 ]",
        "command_line_arguments": "/opt/anaconda3/envs/mlagents/bin/mlagents-learn config/test_config.yaml --run-id=0608_6",
        "mlagents_version": "1.0.0",
        "mlagents_envs_version": "1.0.0",
        "communication_protocol_version": "1.5.0",
        "pytorch_version": "1.13.1",
        "numpy_version": "1.23.1",
        "end_time_seconds": "1749380928"
    },
    "total": 44.85222045899718,
    "count": 1,
    "self": 0.002655668038642034,
    "children": {
        "run_training.setup": {
            "total": 0.011730499973054975,
            "count": 1,
            "self": 0.011730499973054975
        },
        "TrainerController.start_learning": {
            "total": 44.837834290985484,
            "count": 1,
            "self": 0.014709562645293772,
            "children": {
                "TrainerController._reset_env": {
                    "total": 3.671612250007456,
                    "count": 1,
                    "self": 3.671612250007456
                },
                "TrainerController.advance": {
                    "total": 41.09002639533719,
                    "count": 1271,
                    "self": 0.011279552651103586,
                    "children": {
                        "env_step": {
                            "total": 40.5681289844797,
                            "count": 1271,
                            "self": 39.72273317008512,
                            "children": {
                                "SubprocessEnvManager._take_step": {
                                    "total": 0.8374527445412241,
                                    "count": 1271,
                                    "self": 0.022180625790497288,
                                    "children": {
                                        "TorchPolicy.evaluate": {
                                            "total": 0.8152721187507268,
                                            "count": 1270,
                                            "self": 0.8152721187507268
                                        }
                                    }
                                },
                                "workers": {
                                    "total": 0.007943069853354245,
                                    "count": 1270,
                                    "self": 0.0,
                                    "children": {
                                        "worker_root": {
                                            "total": 38.77074848799384,
                                            "count": 1270,
                                            "is_parallel": true,
                                            "self": 1.9373325337364804,
                                            "children": {
                                                "steps_from_proto": {
                                                    "total": 0.0005539999983739108,
                                                    "count": 1,
                                                    "is_parallel": true,
                                                    "self": 0.00024916697293519974,
                                                    "children": {
                                                        "_process_rank_one_or_two_observation": {
                                                            "total": 0.00030483302543871105,
                                                            "count": 2,
                                                            "is_parallel": true,
                                                            "self": 0.00030483302543871105
                                                        }
                                                    }
                                                },
                                                "UnityEnvironment.step": {
                                                    "total": 36.83286195425899,
                                                    "count": 1270,
                                                    "is_parallel": true,
                                                    "self": 0.0518169061106164,
                                                    "children": {
                                                        "UnityEnvironment._generate_step_input": {
                                                            "total": 0.03639573761029169,
                                                            "count": 1270,
                                                            "is_parallel": true,
                                                            "self": 0.03639573761029169
                                                        },
                                                        "communicator.exchange": {
                                                            "total": 36.56493089522701,
                                                            "count": 1270,
                                                            "is_parallel": true,
                                                            "self": 36.56493089522701
                                                        },
                                                        "steps_from_proto": {
                                                            "total": 0.17971841531107202,
                                                            "count": 1270,
                                                            "is_parallel": true,
                                                            "self": 0.08805924406624399,
                                                            "children": {
                                                                "_process_rank_one_or_two_observation": {
                                                                    "total": 0.09165917124482803,
                                                                    "count": 2540,
                                                                    "is_parallel": true,
                                                                    "self": 0.09165917124482803
                                                                }
                                                            }
                                                        }
                                                    }
                                                }
                                            }
                                        }
                                    }
                                }
                            }
                        },
                        "trainer_advance": {
                            "total": 0.5106178582063876,
                            "count": 1270,
                            "self": 0.0166391869133804,
                            "children": {
                                "process_trajectory": {
                                    "total": 0.030916170333512127,
                                    "count": 1270,
                                    "self": 0.030916170333512127
                                },
                                "_update_policy": {
                                    "total": 0.4630625009594951,
                                    "count": 10,
                                    "self": 0.05693358404096216,
                                    "children": {
                                        "TorchPPOOptimizer.update": {
                                            "total": 0.4061289169185329,
                                            "count": 357,