{
    "name": "root",
    "metadata": {
        "timer_format_version": "0.1.0",
        "start_time_seconds": "1749242756",
        "python_version": "3.10.2 | packaged by conda-forge | (main, Mar  8 2022, 15:52:47) [Clang 11.1.0 ]",
        "command_line_arguments": "/opt/anaconda3/envs/mlagents/bin/mlagents-learn config/test_config.yaml --run-id=0606_18",
        "mlagents_version": "1.0.0",
        "mlagents_envs_version": "1.0.0",
        "communication_protocol_version": "1.5.0",
        "pytorch_version": "1.13.1",
        "numpy_version": "1.23.1",
        "end_time_seconds": "1749242860"
    },
    "total": 104.4013702920056,
    "count": 1,
    "self": 0.00263874999654945,
    "children": {
        "run_training.setup": {
            "total": 0.013728792007896118,
            "count": 1,
            "self": 0.013728792007896118
        },
        "TrainerController.start_learning": {
            "total": 104.38500275000115,
            "count": 1,
            "self": 0.013399020826909691,
            "children": {
                "TrainerController._reset_env": {
                    "total": 2.8011369169980753,
                    "count": 1,
                    "self": 2.8011369169980753
                },
                "TrainerController.advance": {
                    "total": 101.49657177117479,
                    "count": 1201,
                    "self": 0.01175324822543189,
                    "children": {
                        "env_step": {
                            "total": 101.01874200282327,
                            "count": 1201,
                            "self": 100.2111027326464,
                            "children": {
                                "SubprocessEnvManager._take_step": {
                                    "total": 0.8000061080529122,
                                    "count": 1201,
                                    "self": 0.020302511926274747,
                                    "children": {
                                        "TorchPolicy.evaluate": {
                                            "total": 0.7797035961266374,
                                            "count": 1201,
                                            "self": 0.7797035961266374
                                        }
                                    }
                                },
                                "workers": {
                                    "total": 0.007633162123966031,
                                    "count": 1200,
                                    "self": 0.0,
                                    "children": {
                                        "worker_root": {
                                            "total": 35.90739713511721,
                                            "count": 1200,
                                            "is_parallel": true,
                                            "self": 1.835138154521701,
                                            "children": {
                                                "steps_from_proto": {
                                                    "total": 0.0006554580031661317,
                                                    "count": 1,
                                                    "is_parallel": true,
                                                    "self": 0.00036583299515768886,
                                                    "children": {
                                                        "_process_rank_one_or_two_observation": {
                                                            "total": 0.0002896250080084428,
                                                            "count": 2,
                                                            "is_parallel": true,
                                                            "self": 0.0002896250080084428
                                                        }
                                                    }
                                                },
                                                "UnityEnvironment.step": {
                                                    "total": 34.07160352259234,
                                                    "count": 1200,
                                                    "is_parallel": true,
                                                    "self": 0.0521695620554965,
                                                    "children": {
                                                        "UnityEnvironment._generate_step_input": {
                                                            "total": 0.03435366244229954,
                                                            "count": 1200,
                                                            "is_parallel": true,
                                                            "self": 0.03435366244229954
                                                        },
                                                        "communicator.exchange": {
                                                            "total": 33.81099195222487,
                                                            "count": 1200,
                                                            "is_parallel": true,
                                                            "self": 33.81099195222487
                                                        },
                                                        "steps_from_proto": {
                                                            "total": 0.17408834586967714,
                                                            "count": 1200,
                                                            "is_parallel": true,
                                                            "self": 0.08581921389850322,
                                                            "children": {
                                                                "_process_rank_one_or_two_observation": {
                                                                    "total": 0.08826913197117392,
                                                                    "count": 2400,
                                                                    "is_parallel": true,
                                                                    "self": 0.08826913197117392
                                                                }
                                                            }
                                                        }
                                                    }
                                                }
                                            }
                                        }
                                    }
                                }
                            }
                        },
                        "trainer_advance": {
                            "total": 0.46607652012608014,
                            "count": 1200,
                            "self": 0.01641471114999149,
                            "children": {
                                "process_trajectory": {
                                    "total": 0.02874860198062379,
                                    "count": 1200,
                                    "self": 0.02874860198062379
                                },
                                "_update_policy": {
                                    "total": 0.42091320699546486,
                                    "count": 9,
                                    "self": 0.05113249213900417,
                                    "children": {
                                        "TorchPPOOptimizer.update": {
                                            "total": 0.3697807148564607,
                                            "count": 324,