{
    "name": "root",
    "metadata": {
        "timer_format_version": "0.1.0",
        "start_time_seconds": "1748342642",
        "python_version": "3.10.2 | packaged by conda-forge | (main, Mar  8 2022, 15:52:47) [Clang 11.1.0 ]",
        "command_line_arguments": "/opt/anaconda3/envs/mlagents/bin/mlagents-learn config/test_config.yaml --run-id=test0527_8",
        "mlagents_version": "1.0.0",
        "mlagents_envs_version": "1.0.0",
        "communication_protocol_version": "1.5.0",
        "pytorch_version": "1.13.1",
        "numpy_version": "1.23.1",
        "end_time_seconds": "1748342767"
    },
    "total": 124.76828429200395,
    "count": 1,
    "self": 0.002394500006630551,
    "children": {
        "run_training.setup": {
            "total": 0.011548791997483931,
            "count": 1,
            "self": 0.011548791997483931
        },
        "TrainerController.start_learning": {
            "total": 124.75434099999984,
            "count": 1,
            "self": 0.0005126650066813454,
            "children": {
                "TrainerController._reset_env": {
                    "total": 3.949509707999823,
                    "count": 1,
                    "self": 3.949509707999823
                },
                "TrainerController.advance": {
                    "total": 120.75359879399184,
                    "count": 22,
                    "self": 0.00024008802574826404,
                    "children": {
                        "env_step": {
                            "total": 120.75308695898275,
                            "count": 22,
                            "self": 120.73607621000701,
                            "children": {
                                "SubprocessEnvManager._take_step": {
                                    "total": 0.016893873980734497,
                                    "count": 22,
                                    "self": 0.0004480819625314325,
                                    "children": {
                                        "TorchPolicy.evaluate": {
                                            "total": 0.016445792018203065,
                                            "count": 22,
                                            "self": 0.016445792018203065
                                        }
                                    }
                                },
                                "workers": {
                                    "total": 0.00011687499500112608,
                                    "count": 21,
                                    "self": 0.0,
                                    "children": {
                                        "worker_root": {
                                            "total": 0.2887625410075998,
                                            "count": 21,
                                            "is_parallel": true,
                                            "self": 0.043065122023108415,
                                            "children": {
                                                "steps_from_proto": {
                                                    "total": 0.0008213749970309436,
                                                    "count": 1,
                                                    "is_parallel": true,
                                                    "self": 0.0004662919891416095,
                                                    "children": {
                                                        "_process_rank_one_or_two_observation": {
                                                            "total": 0.0003550830078893341,
                                                            "count": 2,
                                                            "is_parallel": true,
                                                            "self": 0.0003550830078893341
                                                        }
                                                    }
                                                },
                                                "UnityEnvironment.step": {
                                                    "total": 0.24487604398746043,
                                                    "count": 21,
                                                    "is_parallel": true,
                                                    "self": 0.0007517560006817803,
                                                    "children": {
                                                        "UnityEnvironment._generate_step_input": {
                                                            "total": 0.0007053729859762825,
                                                            "count": 21,
                                                            "is_parallel": true,
                                                            "self": 0.0007053729859762825
                                                        },
                                                        "communicator.exchange": {
                                                            "total": 0.24082812299457146,
                                                            "count": 21,
                                                            "is_parallel": true,
                                                            "self": 0.24082812299457146
                                                        },
                                                        "steps_from_proto": {
                                                            "total": 0.002590792006230913,
                                                            "count": 21,
                                                            "is_parallel": true,
                                                            "self": 0.0013430430190055631,
                                                            "children": {
                                                                "_process_rank_one_or_two_observation": {
                                                                    "total": 0.00124774898722535,
                                                                    "count": 42,
                                                                    "is_parallel": true,
                                                                    "self": 0.00124774898722535
                                                                }
                                                            }
                                                        }
                                                    }
                                                }
                                            }
                                        }
                                    }
                                }
                            }
                        },
                        "trainer_advance": {
                            "total": 0.000271746983344201,
                            "count": 21,
                            "self": 0.00018828798783943057,
                            "children": {
                                "process_trajectory": {
                                    "total": 8.345899550477043e-05,
                                    "count": 21,
                                    "self": 8.345899550477043e-05
                                }
                            }
                        }
                    }
                },
                "TrainerController._save_models": {
                    "total": 0.05071983300149441,
                    "count": 1,
                    "self": 0.00036929100315319374,
                    "children": {
                        "RLTrainer._checkpoint": {
                            "total": 0.050350541998341214,
                            "count": 1,