{
    "name": "root",
    "metadata": {
        "timer_format_version": "0.1.0",
        "start_time_seconds": "1748878979",
        "python_version": "3.10.2 | packaged by conda-forge | (main, Mar  8 2022, 15:52:47) [Clang 11.1.0 ]",
        "command_line_arguments": "/opt/anaconda3/envs/mlagents/bin/mlagents-learn config/test_config.yaml --run-id=0602_14",
        "mlagents_version": "1.0.0",
        "mlagents_envs_version": "1.0.0",
        "communication_protocol_version": "1.5.0",
        "pytorch_version": "1.13.1",
        "numpy_version": "1.23.1",
        "end_time_seconds": "1748878991"
    },
    "total": 11.872923292045016,
    "count": 1,
    "self": 0.002655334072187543,
    "children": {
        "run_training.setup": {
            "total": 0.012031624966766685,
            "count": 1,
            "self": 0.012031624966766685
        },
        "TrainerController.start_learning": {
            "total": 11.858236333006062,
            "count": 1,
            "self": 0.007486957008950412,
            "children": {
                "TrainerController._reset_env": {
                    "total": 3.023598125029821,
                    "count": 1,
                    "self": 3.023598125029821
                },
                "TrainerController.advance": {
                    "total": 8.768745208973996,
                    "count": 551,
                    "self": 0.0050207928288728,
                    "children": {
                        "env_step": {
                            "total": 8.553618329053279,
                            "count": 551,
                            "self": 8.183456201164518,
                            "children": {
                                "SubprocessEnvManager._take_step": {
                                    "total": 0.3667070425581187,
                                    "count": 551,
                                    "self": 0.009840335580520332,
                                    "children": {
                                        "TorchPolicy.evaluate": {
                                            "total": 0.35686670697759837,
                                            "count": 551,
                                            "self": 0.35686670697759837
                                        }
                                    }
                                },
                                "workers": {
                                    "total": 0.00345508533064276,
                                    "count": 550,
                                    "self": 0.0,
                                    "children": {
                                        "worker_root": {
                                            "total": 7.220501000818331,
                                            "count": 550,
                                            "is_parallel": true,
                                            "self": 0.8399749030941166,
                                            "children": {
                                                "steps_from_proto": {
                                                    "total": 0.0006382500287145376,
                                                    "count": 1,
                                                    "is_parallel": true,
                                                    "self": 0.0003602909855544567,
                                                    "children": {
                                                        "_process_rank_one_or_two_observation": {
                                                            "total": 0.0002779590431600809,
                                                            "count": 2,
                                                            "is_parallel": true,
                                                            "self": 0.0002779590431600809
                                                        }
                                                    }
                                                },
                                                "UnityEnvironment.step": {
                                                    "total": 6.3798878476955,
                                                    "count": 550,
                                                    "is_parallel": true,
                                                    "self": 0.020420343906152993,
                                                    "children": {
                                                        "UnityEnvironment._generate_step_input": {
                                                            "total": 0.01518012589076534,
                                                            "count": 550,
                                                            "is_parallel": true,
                                                            "self": 0.01518012589076534
                                                        },
                                                        "communicator.exchange": {
                                                            "total": 6.270554001908749,
                                                            "count": 550,
                                                            "is_parallel": true,
                                                            "self": 6.270554001908749
                                                        },
                                                        "steps_from_proto": {
                                                            "total": 0.07373337598983198,
                                                            "count": 550,
                                                            "is_parallel": true,
                                                            "self": 0.03677870339015499,
                                                            "children": {
                                                                "_process_rank_one_or_two_observation": {
                                                                    "total": 0.036954672599676996,
                                                                    "count": 1100,
                                                                    "is_parallel": true,
                                                                    "self": 0.036954672599676996
                                                                }
                                                            }
                                                        }
                                                    }
                                                }
                                            }
                                        }
                                    }
                                }
                            }
                        },
                        "trainer_advance": {
                            "total": 0.21010608709184453,
                            "count": 550,
                            "self": 0.007228966162074357,
                            "children": {
                                "process_trajectory": {
                                    "total": 0.013130787876434624,
                                    "count": 550,
                                    "self": 0.013130787876434624
                                },
                                "_update_policy": {
                                    "total": 0.18974633305333555,
                                    "count": 4,
                                    "self": 0.023112454917281866,
                                    "children": {
                                        "TorchPPOOptimizer.update": {
                                            "total": 0.16663387813605368,
                                            "count": 144,