{
    "name": "root",
    "metadata": {
        "timer_format_version": "0.1.0",
        "start_time_seconds": "1748545290",
        "python_version": "3.10.2 | packaged by conda-forge | (main, Mar  8 2022, 15:52:47) [Clang 11.1.0 ]",
        "command_line_arguments": "/opt/anaconda3/envs/mlagents/bin/mlagents-learn config/test_config.yaml --run-id=test0529_29",
        "mlagents_version": "1.0.0",
        "mlagents_envs_version": "1.0.0",
        "communication_protocol_version": "1.5.0",
        "pytorch_version": "1.13.1",
        "numpy_version": "1.23.1",
        "end_time_seconds": "1748545320"
    },
    "total": 29.76739666701178,
    "count": 1,
    "self": 0.002414417016552761,
    "children": {
        "run_training.setup": {
            "total": 0.01084862498100847,
            "count": 1,
            "self": 0.01084862498100847
        },
        "TrainerController.start_learning": {
            "total": 29.75413362501422,
            "count": 1,
            "self": 0.008820295945042744,
            "children": {
                "TrainerController._reset_env": {
                    "total": 3.4686588749755174,
                    "count": 1,
                    "self": 3.4686588749755174
                },
                "TrainerController.advance": {
                    "total": 26.20902303807088,
                    "count": 768,
                    "self": 0.007189397147158161,
                    "children": {
                        "env_step": {
                            "total": 25.920542869658675,
                            "count": 768,
                            "self": 25.376625487289857,
                            "children": {
                                "SubprocessEnvManager._take_step": {
                                    "total": 0.5388529287301935,
                                    "count": 768,
                                    "self": 0.0132980537309777,
                                    "children": {
                                        "TorchPolicy.evaluate": {
                                            "total": 0.5255548749992158,
                                            "count": 768,
                                            "self": 0.5255548749992158
                                        }
                                    }
                                },
                                "workers": {
                                    "total": 0.0050644536386244,
                                    "count": 767,
                                    "self": 0.0,
                                    "children": {
                                        "worker_root": {
                                            "total": 22.818103628989775,
                                            "count": 767,
                                            "is_parallel": true,
                                            "self": 1.1907162519928534,
                                            "children": {
                                                "steps_from_proto": {
                                                    "total": 0.0007917089969851077,
                                                    "count": 1,
                                                    "is_parallel": true,
                                                    "self": 0.0003985850198660046,
                                                    "children": {
                                                        "_process_rank_one_or_two_observation": {
                                                            "total": 0.0003931239771191031,
                                                            "count": 2,
                                                            "is_parallel": true,
                                                            "self": 0.0003931239771191031
                                                        }
                                                    }
                                                },
                                                "UnityEnvironment.step": {
                                                    "total": 21.626595667999936,
                                                    "count": 767,
                                                    "is_parallel": true,
                                                    "self": 0.031641894223866984,
                                                    "children": {
                                                        "UnityEnvironment._generate_step_input": {
                                                            "total": 0.020024048106279224,
                                                            "count": 767,
                                                            "is_parallel": true,
                                                            "self": 0.020024048106279224
                                                        },
                                                        "communicator.exchange": {
                                                            "total": 21.4655538595689,
                                                            "count": 767,
                                                            "is_parallel": true,
                                                            "self": 21.4655538595689
                                                        },
                                                        "steps_from_proto": {
                                                            "total": 0.10937586610089056,
                                                            "count": 767,
                                                            "is_parallel": true,
                                                            "self": 0.053606422210577875,
                                                            "children": {
                                                                "_process_rank_one_or_two_observation": {
                                                                    "total": 0.05576944389031269,
                                                                    "count": 1534,
                                                                    "is_parallel": true,
                                                                    "self": 0.05576944389031269
                                                                }
                                                            }
                                                        }
                                                    }
                                                }
                                            }
                                        }
                                    }
                                }
                            }
                        },
                        "trainer_advance": {
                            "total": 0.28129077126504853,
                            "count": 767,
                            "self": 0.011238734208745882,
                            "children": {
                                "process_trajectory": {
                                    "total": 0.018481912062270567,
                                    "count": 767,
                                    "self": 0.018481912062270567
                                },
                                "_update_policy": {
                                    "total": 0.2515701249940321,
                                    "count": 5,
                                    "self": 0.029741370730334893,
                                    "children": {
                                        "TorchPPOOptimizer.update": {
                                            "total": 0.2218287542636972,
                                            "count": 180,