{
    "name": "root",
    "metadata": {
        "timer_format_version": "0.1.0",
        "start_time_seconds": "1748542155",
        "python_version": "3.10.2 | packaged by conda-forge | (main, Mar  8 2022, 15:52:47) [Clang 11.1.0 ]",
        "command_line_arguments": "/opt/anaconda3/envs/mlagents/bin/mlagents-learn config/test_config.yaml --run-id=test0529_20",
        "mlagents_version": "1.0.0",
        "mlagents_envs_version": "1.0.0",
        "communication_protocol_version": "1.5.0",
        "pytorch_version": "1.13.1",
        "numpy_version": "1.23.1",
        "end_time_seconds": "1748542158"
    },
    "total": 3.6660389589960687,
    "count": 1,
    "self": 0.003536417963914573,
    "children": {
        "run_training.setup": {
            "total": 0.011212500015972182,
            "count": 1,
            "self": 0.011212500015972182
        },
        "TrainerController.start_learning": {
            "total": 3.651290041016182,
            "count": 1,
            "self": 7.387503865174949e-05,
            "children": {
                "TrainerController._reset_env": {
                    "total": 3.5987292079953477,
                    "count": 1,
                    "self": 3.5987292079953477
                },
                "TrainerController.advance": {
                    "total": 0.0343987499945797,
                    "count": 1,
                    "self": 2.9999937396496534e-06,
                    "children": {
                        "env_step": {
                            "total": 0.03439575000084005,
                            "count": 1,
                            "self": 7.604100392200053e-05,
                            "children": {
                                "SubprocessEnvManager._take_step": {
                                    "total": 0.03431970899691805,
                                    "count": 1,
                                    "self": 1.5125988284125924e-05,
                                    "children": {
                                        "TorchPolicy.evaluate": {
                                            "total": 0.034304583008633927,
                                            "count": 1,
                                            "self": 0.034304583008633927
                                        }
                                    }
                                }
                            }
                        }
                    }
                },
                "TrainerController._save_models": {
                    "total": 0.0180882079876028,
                    "count": 1,
                    "self": 1.1248979717493057e-05,
                    "children": {
                        "RLTrainer._checkpoint": {
                            "total": 0.018076959007885307,
                            "count": 1,
                            "self": 0.018076959007885307
                        }
                    }
                }
            }
        }
    }
}