{
    "name": "root",
    "metadata": {
        "timer_format_version": "0.1.0",
        "start_time_seconds": "1748787624",
        "python_version": "3.10.2 | packaged by conda-forge | (main, Mar  8 2022, 15:52:47) [Clang 11.1.0 ]",
        "command_line_arguments": "/opt/anaconda3/envs/mlagents/bin/mlagents-learn config/test_config.yaml --run-id=branchsize3_0601_031",
        "mlagents_version": "1.0.0",
        "mlagents_envs_version": "1.0.0",
        "communication_protocol_version": "1.5.0",
        "pytorch_version": "1.13.1",
        "numpy_version": "1.23.1",
        "end_time_seconds": "1748787712"
    },
    "total": 87.80587741697673,
    "count": 1,
    "self": 0.0026606249739415944,
    "children": {
        "run_training.setup": {
            "total": 0.013326624990440905,
            "count": 1,
            "self": 0.013326624990440905
        },
        "TrainerController.start_learning": {
            "total": 87.78989016701235,
            "count": 1,
            "self": 0.01791223743930459,
            "children": {
                "TrainerController._reset_env": {
                    "total": 2.6412390830228105,
                    "count": 1,
                    "self": 2.6412390830228105
                },
                "TrainerController.advance": {
                    "total": 85.05857084755553,
                    "count": 1648,
                    "self": 0.016370913188438863,
                    "children": {
                        "env_step": {
                            "total": 84.39957970677642,
                            "count": 1648,
                            "self": 83.24336743686581,
                            "children": {
                                "SubprocessEnvManager._take_step": {
                                    "total": 1.1451368580455892,
                                    "count": 1649,
                                    "self": 0.029542083095293492,
                                    "children": {
                                        "TorchPolicy.evaluate": {
                                            "total": 1.1155947749502957,
                                            "count": 1647,
                                            "self": 1.1155947749502957
                                        }
                                    }
                                },
                                "workers": {
                                    "total": 0.011075411865022033,
                                    "count": 1647,
                                    "self": 0.0,
                                    "children": {
                                        "worker_root": {
                                            "total": 71.91747951804427,
                                            "count": 1647,
                                            "is_parallel": true,
                                            "self": 2.6120194157701917,
                                            "children": {
                                                "steps_from_proto": {
                                                    "total": 0.0017322089988738298,
                                                    "count": 2,
                                                    "is_parallel": true,
                                                    "self": 0.0009082909673452377,
                                                    "children": {
                                                        "_process_rank_one_or_two_observation": {
                                                            "total": 0.0008239180315285921,
                                                            "count": 4,
                                                            "is_parallel": true,
                                                            "self": 0.0008239180315285921
                                                        }
                                                    }
                                                },
                                                "UnityEnvironment.step": {
                                                    "total": 69.30372789327521,
                                                    "count": 1647,
                                                    "is_parallel": true,
                                                    "self": 0.0703291543177329,
                                                    "children": {
                                                        "UnityEnvironment._generate_step_input": {
                                                            "total": 0.04855267039965838,
                                                            "count": 1647,
                                                            "is_parallel": true,
                                                            "self": 0.04855267039965838
                                                        },
                                                        "communicator.exchange": {
                                                            "total": 68.93592068838188,
                                                            "count": 1647,
                                                            "is_parallel": true,
                                                            "self": 68.93592068838188
                                                        },
                                                        "steps_from_proto": {
                                                            "total": 0.24892538017593324,
                                                            "count": 1645,
                                                            "is_parallel": true,
                                                            "self": 0.12474111042683944,
                                                            "children": {
                                                                "_process_rank_one_or_two_observation": {
                                                                    "total": 0.1241842697490938,
                                                                    "count": 3290,
                                                                    "is_parallel": true,
                                                                    "self": 0.1241842697490938
                                                                }
                                                            }
                                                        }
                                                    }
                                                }
                                            }
                                        }
                                    }
                                }
                            }
                        },
                        "trainer_advance": {
                            "total": 0.642620227590669,
                            "count": 1647,
                            "self": 0.02390151785220951,
                            "children": {
                                "process_trajectory": {
                                    "total": 0.03996075375471264,
                                    "count": 1647,
                                    "self": 0.03996075375471264
                                },
                                "_update_policy": {
                                    "total": 0.5787579559837468,
                                    "count": 12,
                                    "self": 0.07136545376852155,
                                    "children": {
                                        "TorchPPOOptimizer.update": {
                                            "total": 0.5073925022152252,
                                            "count": 432,