{
    "name": "root",
    "metadata": {
        "timer_format_version": "0.1.0",
        "start_time_seconds": "1748757423",
        "python_version": "3.10.2 | packaged by conda-forge | (main, Mar  8 2022, 15:52:47) [Clang 11.1.0 ]",
        "command_line_arguments": "/opt/anaconda3/envs/mlagents/bin/mlagents-learn config/test_config.yaml --run-id=branchsize3_0601_24",
        "mlagents_version": "1.0.0",
        "mlagents_envs_version": "1.0.0",
        "communication_protocol_version": "1.5.0",
        "pytorch_version": "1.13.1",
        "numpy_version": "1.23.1",
        "end_time_seconds": "1748757515"
    },
    "total": 92.46633670799201,
    "count": 1,
    "self": 10.002323832944967,
    "children": {
        "run_training.setup": {
            "total": 0.011256625002715737,
            "count": 1,
            "self": 0.011256625002715737
        },
        "TrainerController.start_learning": {
            "total": 82.45275625004433,
            "count": 1,
            "self": 0.0057606277405284345,
            "children": {
                "TrainerController._reset_env": {
                    "total": 3.664536375028547,
                    "count": 1,
                    "self": 3.664536375028547
                },
                "TrainerController.advance": {
                    "total": 78.74574137228774,
                    "count": 551,
                    "self": 0.005189833464100957,
                    "children": {
                        "env_step": {
                            "total": 78.5733775489498,
                            "count": 551,
                            "self": 78.19298914767569,
                            "children": {
                                "SubprocessEnvManager._take_step": {
                                    "total": 0.37695120298303664,
                                    "count": 552,
                                    "self": 0.010231874883174896,
                                    "children": {
                                        "TorchPolicy.evaluate": {
                                            "total": 0.36671932809986174,
                                            "count": 552,
                                            "self": 0.36671932809986174
                                        }
                                    }
                                },
                                "workers": {
                                    "total": 0.003437198291067034,
                                    "count": 550,
                                    "self": 0.0,
                                    "children": {
                                        "worker_root": {
                                            "total": 47.32473957911134,
                                            "count": 550,
                                            "is_parallel": true,
                                            "self": 0.8113919975585304,
                                            "children": {
                                                "steps_from_proto": {
                                                    "total": 0.0013237500097602606,
                                                    "count": 2,
                                                    "is_parallel": true,
                                                    "self": 0.0007127919816412032,
                                                    "children": {
                                                        "_process_rank_one_or_two_observation": {
                                                            "total": 0.0006109580281190574,
                                                            "count": 4,
                                                            "is_parallel": true,
                                                            "self": 0.0006109580281190574
                                                        }
                                                    }
                                                },
                                                "UnityEnvironment.step": {
                                                    "total": 46.51202383154305,
                                                    "count": 550,
                                                    "is_parallel": true,
                                                    "self": 0.022979356814175844,
                                                    "children": {
                                                        "UnityEnvironment._generate_step_input": {
                                                            "total": 0.016073676466476172,
                                                            "count": 550,
                                                            "is_parallel": true,
                                                            "self": 0.016073676466476172
                                                        },
                                                        "communicator.exchange": {
                                                            "total": 46.39642475306755,
                                                            "count": 550,
                                                            "is_parallel": true,
                                                            "self": 46.39642475306755
                                                        },
                                                        "steps_from_proto": {
                                                            "total": 0.07654604519484565,
                                                            "count": 550,
                                                            "is_parallel": true,
                                                            "self": 0.039231665956322104,
                                                            "children": {
                                                                "_process_rank_one_or_two_observation": {
                                                                    "total": 0.03731437923852354,
                                                                    "count": 1100,
                                                                    "is_parallel": true,
                                                                    "self": 0.03731437923852354
                                                                }
                                                            }
                                                        }
                                                    }
                                                }
                                            }
                                        }
                                    }
                                }
                            }
                        },
                        "trainer_advance": {
                            "total": 0.16717398987384513,
                            "count": 550,
                            "self": 0.007022910285741091,
                            "children": {
                                "process_trajectory": {
                                    "total": 0.012129829556215554,
                                    "count": 550,
                                    "self": 0.012129829556215554
                                },
                                "_update_policy": {
                                    "total": 0.14802125003188848,
                                    "count": 3,
                                    "self": 0.017021292238496244,
                                    "children": {
                                        "TorchPPOOptimizer.update": {
                                            "total": 0.13099995779339224,
                                            "count": 108,