{
    "name": "root",
    "metadata": {
        "timer_format_version": "0.1.0",
        "start_time_seconds": "1748787116",
        "python_version": "3.10.2 | packaged by conda-forge | (main, Mar  8 2022, 15:52:47) [Clang 11.1.0 ]",
        "command_line_arguments": "/opt/anaconda3/envs/mlagents/bin/mlagents-learn config/test_config.yaml --run-id=branchsize3_0601_030",
        "mlagents_version": "1.0.0",
        "mlagents_envs_version": "1.0.0",
        "communication_protocol_version": "1.5.0",
        "pytorch_version": "1.13.1",
        "numpy_version": "1.23.1",
        "end_time_seconds": "1748787152"
    },
    "total": 35.756379165977705,
    "count": 1,
    "self": 0.0026449159486219287,
    "children": {
        "run_training.setup": {
            "total": 0.022126041003502905,
            "count": 1,
            "self": 0.022126041003502905
        },
        "TrainerController.start_learning": {
            "total": 35.73160820902558,
            "count": 1,
            "self": 0.004391333379317075,
            "children": {
                "TrainerController._reset_env": {
                    "total": 2.8991770000429824,
                    "count": 1,
                    "self": 2.8991770000429824
                },
                "TrainerController.advance": {
                    "total": 32.771982042642776,
                    "count": 287,
                    "self": 0.002897049125749618,
                    "children": {
                        "env_step": {
                            "total": 32.65589050197741,
                            "count": 287,
                            "self": 32.45354292582488,
                            "children": {
                                "SubprocessEnvManager._take_step": {
                                    "total": 0.2004363350570202,
                                    "count": 287,
                                    "self": 0.0051465805736370385,
                                    "children": {
                                        "TorchPolicy.evaluate": {
                                            "total": 0.19528975448338315,
                                            "count": 287,
                                            "self": 0.19528975448338315
                                        }
                                    }
                                },
                                "workers": {
                                    "total": 0.0019112410955131054,
                                    "count": 286,
                                    "self": 0.0,
                                    "children": {
                                        "worker_root": {
                                            "total": 8.999266126309521,
                                            "count": 286,
                                            "is_parallel": true,
                                            "self": 0.46201824879972264,
                                            "children": {
                                                "steps_from_proto": {
                                                    "total": 0.0006886659539304674,
                                                    "count": 1,
                                                    "is_parallel": true,
                                                    "self": 0.0003827909240499139,
                                                    "children": {
                                                        "_process_rank_one_or_two_observation": {
                                                            "total": 0.0003058750298805535,
                                                            "count": 2,
                                                            "is_parallel": true,
                                                            "self": 0.0003058750298805535
                                                        }
                                                    }
                                                },
                                                "UnityEnvironment.step": {
                                                    "total": 8.536559211555868,
                                                    "count": 286,
                                                    "is_parallel": true,
                                                    "self": 0.011606277606915683,
                                                    "children": {
                                                        "UnityEnvironment._generate_step_input": {
                                                            "total": 0.007964033808093518,
                                                            "count": 286,
                                                            "is_parallel": true,
                                                            "self": 0.007964033808093518
                                                        },
                                                        "communicator.exchange": {
                                                            "total": 8.476662298839074,
                                                            "count": 286,
                                                            "is_parallel": true,
                                                            "self": 8.476662298839074
                                                        },
                                                        "steps_from_proto": {
                                                            "total": 0.04032660130178556,
                                                            "count": 286,
                                                            "is_parallel": true,
                                                            "self": 0.02041294565424323,
                                                            "children": {
                                                                "_process_rank_one_or_two_observation": {
                                                                    "total": 0.019913655647542328,
                                                                    "count": 572,
                                                                    "is_parallel": true,
                                                                    "self": 0.019913655647542328
                                                                }
                                                            }
                                                        }
                                                    }
                                                }
                                            }
                                        }
                                    }
                                }
                            }
                        },
                        "trainer_advance": {
                            "total": 0.11319449153961614,
                            "count": 286,
                            "self": 0.004138146468903869,
                            "children": {
                                "process_trajectory": {
                                    "total": 0.007054512039758265,
                                    "count": 286,
                                    "self": 0.007054512039758265
                                },
                                "_update_policy": {
                                    "total": 0.102001833030954,
                                    "count": 2,
                                    "self": 0.01163729012478143,
                                    "children": {
                                        "TorchPPOOptimizer.update": {
                                            "total": 0.09036454290617257,
                                            "count": 72,