{
    "name": "root",
    "metadata": {
        "timer_format_version": "0.1.0",
        "start_time_seconds": "1748755223",
        "python_version": "3.10.2 | packaged by conda-forge | (main, Mar  8 2022, 15:52:47) [Clang 11.1.0 ]",
        "command_line_arguments": "/opt/anaconda3/envs/mlagents/bin/mlagents-learn config/test_config.yaml --run-id=branchsize3_0601_11",
        "mlagents_version": "1.0.0",
        "mlagents_envs_version": "1.0.0",
        "communication_protocol_version": "1.5.0",
        "pytorch_version": "1.13.1",
        "numpy_version": "1.23.1",
        "end_time_seconds": "1748755270"
    },
    "total": 46.98568799998611,
    "count": 1,
    "self": 0.0024996669380925596,
    "children": {
        "run_training.setup": {
            "total": 0.011774167011026293,
            "count": 1,
            "self": 0.011774167011026293
        },
        "TrainerController.start_learning": {
            "total": 46.97141416603699,
            "count": 1,
            "self": 0.0024482093867845833,
            "children": {
                "TrainerController._reset_env": {
                    "total": 2.9989543330157176,
                    "count": 1,
                    "self": 2.9989543330157176
                },
                "TrainerController.advance": {
                    "total": 43.912017831695266,
                    "count": 139,
                    "self": 0.0012561185867525637,
                    "children": {
                        "env_step": {
                            "total": 43.852940587094054,
                            "count": 139,
                            "self": 43.76585771230748,
                            "children": {
                                "SubprocessEnvManager._take_step": {
                                    "total": 0.0863070001360029,
                                    "count": 139,
                                    "self": 0.0022860856843180954,
                                    "children": {
                                        "TorchPolicy.evaluate": {
                                            "total": 0.0840209144516848,
                                            "count": 139,
                                            "self": 0.0840209144516848
                                        }
                                    }
                                },
                                "workers": {
                                    "total": 0.0007758746505714953,
                                    "count": 138,
                                    "self": 0.0,
                                    "children": {
                                        "worker_root": {
                                            "total": 6.6668521738029085,
                                            "count": 138,
                                            "is_parallel": true,
                                            "self": 0.21634650614578277,
                                            "children": {
                                                "steps_from_proto": {
                                                    "total": 0.0006152919959276915,
                                                    "count": 1,
                                                    "is_parallel": true,
                                                    "self": 0.0003496260615065694,
                                                    "children": {
                                                        "_process_rank_one_or_two_observation": {
                                                            "total": 0.0002656659344211221,
                                                            "count": 2,
                                                            "is_parallel": true,
                                                            "self": 0.0002656659344211221
                                                        }
                                                    }
                                                },
                                                "UnityEnvironment.step": {
                                                    "total": 6.449890375661198,
                                                    "count": 138,
                                                    "is_parallel": true,
                                                    "self": 0.005076034634839743,
                                                    "children": {
                                                        "UnityEnvironment._generate_step_input": {
                                                            "total": 0.0036450402694754303,
                                                            "count": 138,
                                                            "is_parallel": true,
                                                            "self": 0.0036450402694754303
                                                        },
                                                        "communicator.exchange": {
                                                            "total": 6.423751214053482,
                                                            "count": 138,
                                                            "is_parallel": true,
                                                            "self": 6.423751214053482
                                                        },
                                                        "steps_from_proto": {
                                                            "total": 0.01741808670340106,
                                                            "count": 138,
                                                            "is_parallel": true,
                                                            "self": 0.008900676853954792,
                                                            "children": {
                                                                "_process_rank_one_or_two_observation": {
                                                                    "total": 0.008517409849446267,
                                                                    "count": 276,
                                                                    "is_parallel": true,
                                                                    "self": 0.008517409849446267
                                                                }
                                                            }
                                                        }
                                                    }
                                                }
                                            }
                                        }
                                    }
                                }
                            }
                        },
                        "trainer_advance": {
                            "total": 0.05782112601445988,
                            "count": 138,
                            "self": 0.0015425418969243765,
                            "children": {
                                "process_trajectory": {
                                    "total": 0.0031795420800335705,
                                    "count": 138,
                                    "self": 0.0031795420800335705
                                },
                                "_update_policy": {
                                    "total": 0.05309904203750193,
                                    "count": 1,
                                    "self": 0.005627918057143688,
                                    "children": {
                                        "TorchPPOOptimizer.update": {
                                            "total": 0.04747112398035824,
                                            "count": 36,