{
    "name": "root",
    "metadata": {
        "timer_format_version": "0.1.0",
        "start_time_seconds": "1749241697",
        "python_version": "3.10.2 | packaged by conda-forge | (main, Mar  8 2022, 15:52:47) [Clang 11.1.0 ]",
        "command_line_arguments": "/opt/anaconda3/envs/mlagents/bin/mlagents-learn config/test_config.yaml --run-id=0606_15",
        "mlagents_version": "1.0.0",
        "mlagents_envs_version": "1.0.0",
        "communication_protocol_version": "1.5.0",
        "pytorch_version": "1.13.1",
        "numpy_version": "1.23.1",
        "end_time_seconds": "1749241889"
    },
    "total": 191.5351626670017,
    "count": 1,
    "self": 0.0021785419958177954,
    "children": {
        "run_training.setup": {
            "total": 0.012552167012472637,
            "count": 1,
            "self": 0.012552167012472637
        },
        "TrainerController.start_learning": {
            "total": 191.52043195799342,
            "count": 1,
            "self": 0.028484406633651815,
            "children": {
                "TrainerController._reset_env": {
                    "total": 2.992339249991346,
                    "count": 1,
                    "self": 2.992339249991346
                },
                "TrainerController.advance": {
                    "total": 188.44776359236857,
                    "count": 2696,
                    "self": 0.024412232625763863,
                    "children": {
                        "env_step": {
                            "total": 187.3916022067133,
                            "count": 2696,
                            "self": 185.492147871817,
                            "children": {
                                "SubprocessEnvManager._take_step": {
                                    "total": 1.8817259585339343,
                                    "count": 2697,
                                    "self": 0.04859867431514431,
                                    "children": {
                                        "TorchPolicy.evaluate": {
                                            "total": 1.83312728421879,
                                            "count": 2696,
                                            "self": 1.83312728421879
                                        }
                                    }
                                },
                                "workers": {
                                    "total": 0.017728376362356357,
                                    "count": 2695,
                                    "self": 0.0,
                                    "children": {
                                        "worker_root": {
                                            "total": 117.83787741271954,
                                            "count": 2695,
                                            "is_parallel": true,
                                            "self": 4.225337944852072,
                                            "children": {
                                                "steps_from_proto": {
                                                    "total": 0.0014555000088876113,
                                                    "count": 2,
                                                    "is_parallel": true,
                                                    "self": 0.0007638319948455319,
                                                    "children": {
                                                        "_process_rank_one_or_two_observation": {
                                                            "total": 0.0006916680140420794,
                                                            "count": 4,
                                                            "is_parallel": true,
                                                            "self": 0.0006916680140420794
                                                        }
                                                    }
                                                },
                                                "UnityEnvironment.step": {
                                                    "total": 113.61108396785858,
                                                    "count": 2695,
                                                    "is_parallel": true,
                                                    "self": 0.11633482231991366,
                                                    "children": {
                                                        "UnityEnvironment._generate_step_input": {
                                                            "total": 0.07954808007343672,
                                                            "count": 2695,
                                                            "is_parallel": true,
                                                            "self": 0.07954808007343672
                                                        },
                                                        "communicator.exchange": {
                                                            "total": 113.01801083848113,
                                                            "count": 2695,
                                                            "is_parallel": true,
                                                            "self": 113.01801083848113
                                                        },
                                                        "steps_from_proto": {
                                                            "total": 0.3971902269840939,
                                                            "count": 2695,
                                                            "is_parallel": true,
                                                            "self": 0.19976333451631945,
                                                            "children": {
                                                                "_process_rank_one_or_two_observation": {
                                                                    "total": 0.19742689246777445,
                                                                    "count": 5390,
                                                                    "is_parallel": true,
                                                                    "self": 0.19742689246777445
                                                                }
                                                            }
                                                        }
                                                    }
                                                }
                                            }
                                        }
                                    }
                                }
                            }
                        },
                        "trainer_advance": {
                            "total": 1.0317491530295229,
                            "count": 2695,
                            "self": 0.04080840064852964,
                            "children": {
                                "process_trajectory": {
                                    "total": 0.06588112734607421,
                                    "count": 2695,
                                    "self": 0.06588112734607421
                                },
                                "_update_policy": {
                                    "total": 0.925059625034919,
                                    "count": 20,
                                    "self": 0.11483957088785246,
                                    "children": {
                                        "TorchPPOOptimizer.update": {
                                            "total": 0.8102200541470665,
                                            "count": 717,