{
    "name": "root",
    "metadata": {
        "timer_format_version": "0.1.0",
        "start_time_seconds": "1748879892",
        "python_version": "3.10.2 | packaged by conda-forge | (main, Mar  8 2022, 15:52:47) [Clang 11.1.0 ]",
        "command_line_arguments": "/opt/anaconda3/envs/mlagents/bin/mlagents-learn config/test_config.yaml --run-id=0602_18",
        "mlagents_version": "1.0.0",
        "mlagents_envs_version": "1.0.0",
        "communication_protocol_version": "1.5.0",
        "pytorch_version": "1.13.1",
        "numpy_version": "1.23.1",
        "end_time_seconds": "1748879968"
    },
    "total": 75.2489225420286,
    "count": 1,
    "self": 0.0024990010424517095,
    "children": {
        "run_training.setup": {
            "total": 0.012327999982517213,
            "count": 1,
            "self": 0.012327999982517213
        },
        "TrainerController.start_learning": {
            "total": 75.23409554100363,
            "count": 1,
            "self": 0.007356993854045868,
            "children": {
                "TrainerController._reset_env": {
                    "total": 3.5179539170349017,
                    "count": 1,
                    "self": 3.5179539170349017
                },
                "TrainerController.advance": {
                    "total": 71.63767154712696,
                    "count": 682,
                    "self": 0.005773077602498233,
                    "children": {
                        "env_step": {
                            "total": 70.68307588825701,
                            "count": 682,
                            "self": 70.2441133862012,
                            "children": {
                                "SubprocessEnvManager._take_step": {
                                    "total": 0.4349009800935164,
                                    "count": 682,
                                    "self": 0.011926005827262998,
                                    "children": {
                                        "TorchPolicy.evaluate": {
                                            "total": 0.4229749742662534,
                                            "count": 682,
                                            "self": 0.4229749742662534
                                        }
                                    }
                                },
                                "workers": {
                                    "total": 0.004061521962285042,
                                    "count": 681,
                                    "self": 0.0,
                                    "children": {
                                        "worker_root": {
                                            "total": 11.11255766818067,
                                            "count": 681,
                                            "is_parallel": true,
                                            "self": 1.712527308438439,
                                            "children": {
                                                "steps_from_proto": {
                                                    "total": 0.0007531250012107193,
                                                    "count": 1,
                                                    "is_parallel": true,
                                                    "self": 0.00037099997280165553,
                                                    "children": {
                                                        "_process_rank_one_or_two_observation": {
                                                            "total": 0.0003821250284090638,
                                                            "count": 2,
                                                            "is_parallel": true,
                                                            "self": 0.0003821250284090638
                                                        }
                                                    }
                                                },
                                                "UnityEnvironment.step": {
                                                    "total": 9.399277234741021,
                                                    "count": 681,
                                                    "is_parallel": true,
                                                    "self": 0.029821365082170814,
                                                    "children": {
                                                        "UnityEnvironment._generate_step_input": {
                                                            "total": 0.025716671138070524,
                                                            "count": 681,
                                                            "is_parallel": true,
                                                            "self": 0.025716671138070524
                                                        },
                                                        "communicator.exchange": {
                                                            "total": 9.243275052809622,
                                                            "count": 681,
                                                            "is_parallel": true,
                                                            "self": 9.243275052809622
                                                        },
                                                        "steps_from_proto": {
                                                            "total": 0.10046414571115747,
                                                            "count": 681,
                                                            "is_parallel": true,
                                                            "self": 0.04530601412989199,
                                                            "children": {
                                                                "_process_rank_one_or_two_observation": {
                                                                    "total": 0.05515813158126548,
                                                                    "count": 1362,
                                                                    "is_parallel": true,
                                                                    "self": 0.05515813158126548
                                                                }
                                                            }
                                                        }
                                                    }
                                                }
                                            }
                                        }
                                    }
                                }
                            }
                        },
                        "trainer_advance": {
                            "total": 0.94882258126745,
                            "count": 681,
                            "self": 0.009003592887893319,
                            "children": {
                                "process_trajectory": {
                                    "total": 0.04408327938290313,
                                    "count": 681,
                                    "self": 0.04408327938290313
                                },
                                "_update_policy": {
                                    "total": 0.8957357089966536,
                                    "count": 10,
                                    "self": 0.10888372082263231,
                                    "children": {
                                        "TorchPPOOptimizer.update": {
                                            "total": 0.7868519881740212,
                                            "count": 750,