{
    "name": "root",
    "metadata": {
        "timer_format_version": "0.1.0",
        "start_time_seconds": "1749293304",
        "python_version": "3.10.2 | packaged by conda-forge | (main, Mar  8 2022, 15:52:47) [Clang 11.1.0 ]",
        "command_line_arguments": "/opt/anaconda3/envs/mlagents/bin/mlagents-learn config/test_config.yaml --run-id=0607_13",
        "mlagents_version": "1.0.0",
        "mlagents_envs_version": "1.0.0",
        "communication_protocol_version": "1.5.0",
        "pytorch_version": "1.13.1",
        "numpy_version": "1.23.1",
        "end_time_seconds": "1749293479"
    },
    "total": 174.86596637498587,
    "count": 1,
    "self": 0.0026302920014131814,
    "children": {
        "run_training.setup": {
            "total": 0.011193249985808507,
            "count": 1,
            "self": 0.011193249985808507
        },
        "TrainerController.start_learning": {
            "total": 174.85214283299865,
            "count": 1,
            "self": 0.04008658358361572,
            "children": {
                "TrainerController._reset_env": {
                    "total": 2.66877770901192,
                    "count": 1,
                    "self": 2.66877770901192
                },
                "TrainerController.advance": {
                    "total": 172.07091816540924,
                    "count": 3758,
                    "self": 0.0328019215085078,
                    "children": {
                        "env_step": {
                            "total": 170.57225175900385,
                            "count": 3758,
                            "self": 168.0698862914578,
                            "children": {
                                "SubprocessEnvManager._take_step": {
                                    "total": 2.477948150713928,
                                    "count": 3758,
                                    "self": 0.06428512174170464,
                                    "children": {
                                        "TorchPolicy.evaluate": {
                                            "total": 2.4136630289722234,
                                            "count": 3755,
                                            "self": 2.4136630289722234
                                        }
                                    }
                                },
                                "workers": {
                                    "total": 0.02441731683211401,
                                    "count": 3757,
                                    "self": 0.0,
                                    "children": {
                                        "worker_root": {
                                            "total": 111.53010386248934,
                                            "count": 3757,
                                            "is_parallel": true,
                                            "self": 5.662392743251985,
                                            "children": {
                                                "steps_from_proto": {
                                                    "total": 0.0006652080046478659,
                                                    "count": 1,
                                                    "is_parallel": true,
                                                    "self": 0.0003719590313266963,
                                                    "children": {
                                                        "_process_rank_one_or_two_observation": {
                                                            "total": 0.0002932489733211696,
                                                            "count": 2,
                                                            "is_parallel": true,
                                                            "self": 0.0002932489733211696
                                                        }
                                                    }
                                                },
                                                "UnityEnvironment.step": {
                                                    "total": 105.86704591123271,
                                                    "count": 3757,
                                                    "is_parallel": true,
                                                    "self": 0.15808832630864345,
                                                    "children": {
                                                        "UnityEnvironment._generate_step_input": {
                                                            "total": 0.10907298952224664,
                                                            "count": 3757,
                                                            "is_parallel": true,
                                                            "self": 0.10907298952224664
                                                        },
                                                        "communicator.exchange": {
                                                            "total": 105.0677960832254,
                                                            "count": 3757,
                                                            "is_parallel": true,
                                                            "self": 105.0677960832254
                                                        },
                                                        "steps_from_proto": {
                                                            "total": 0.532088512176415,
                                                            "count": 3757,
                                                            "is_parallel": true,
                                                            "self": 0.26070649540633895,
                                                            "children": {
                                                                "_process_rank_one_or_two_observation": {
                                                                    "total": 0.271382016770076,
                                                                    "count": 7514,
                                                                    "is_parallel": true,
                                                                    "self": 0.271382016770076
                                                                }
                                                            }
                                                        }
                                                    }
                                                }
                                            }
                                        }
                                    }
                                }
                            }
                        },
                        "trainer_advance": {
                            "total": 1.4658644848968834,
                            "count": 3757,
                            "self": 0.05444891189108603,
                            "children": {
                                "process_trajectory": {
                                    "total": 0.0910915739950724,
                                    "count": 3757,
                                    "self": 0.0910915739950724
                                },
                                "_update_policy": {
                                    "total": 1.320323999010725,
                                    "count": 29,
                                    "self": 0.16190365931834094,
                                    "children": {
                                        "TorchPPOOptimizer.update": {
                                            "total": 1.158420339692384,
                                            "count": 1035,