{
    "name": "root",
    "metadata": {
        "timer_format_version": "0.1.0",
        "start_time_seconds": "1748545036",
        "python_version": "3.10.2 | packaged by conda-forge | (main, Mar  8 2022, 15:52:47) [Clang 11.1.0 ]",
        "command_line_arguments": "/opt/anaconda3/envs/mlagents/bin/mlagents-learn config/test_config.yaml --run-id=test0529_28",
        "mlagents_version": "1.0.0",
        "mlagents_envs_version": "1.0.0",
        "communication_protocol_version": "1.5.0",
        "pytorch_version": "1.13.1",
        "numpy_version": "1.23.1",
        "end_time_seconds": "1748545039"
    },
    "total": 3.116804791003233,
    "count": 1,
    "self": 0.0037557489995379,
    "children": {
        "run_training.setup": {
            "total": 0.011387125006876886,
            "count": 1,
            "self": 0.011387125006876886
        },
        "TrainerController.start_learning": {
            "total": 3.101661916996818,
            "count": 1,
            "self": 0.00010145999840460718,
            "children": {
                "TrainerController._reset_env": {
                    "total": 3.0791526659741066,
                    "count": 1,
                    "self": 3.0791526659741066
                },
                "TrainerController.advance": {
                    "total": 0.010696000012103468,
                    "count": 1,
                    "self": 7.5410061981529e-06,
                    "children": {
                        "env_step": {
                            "total": 0.010688459005905315,
                            "count": 1,
                            "self": 0.00012262602103874087,
                            "children": {
                                "SubprocessEnvManager._take_step": {
                                    "total": 0.010565832984866574,
                                    "count": 1,
                                    "self": 3.266596468165517e-05,
                                    "children": {
                                        "TorchPolicy.evaluate": {
                                            "total": 0.01053316702018492,
                                            "count": 1,
                                            "self": 0.01053316702018492
                                        }
                                    }
                                }
                            }
                        }
                    }
                },
                "TrainerController._save_models": {
                    "total": 0.01171179101220332,
                    "count": 1,
                    "self": 1.6708014300093055e-05,
                    "children": {
                        "RLTrainer._checkpoint": {
                            "total": 0.011695082997903228,
                            "count": 1,
                            "self": 0.011695082997903228
                        }
                    }
                }
            }
        }
    }
}