{
    "name": "root",
    "metadata": {
        "timer_format_version": "0.1.0",
        "start_time_seconds": "1749294309",
        "python_version": "3.10.2 | packaged by conda-forge | (main, Mar  8 2022, 15:52:47) [Clang 11.1.0 ]",
        "command_line_arguments": "/opt/anaconda3/envs/mlagents/bin/mlagents-learn config/test_config.yaml --run-id=0607_17",
        "mlagents_version": "1.0.0",
        "mlagents_envs_version": "1.0.0",
        "communication_protocol_version": "1.5.0",
        "pytorch_version": "1.13.1",
        "numpy_version": "1.23.1",
        "end_time_seconds": "1749294586"
    },
    "total": 277.2641021250165,
    "count": 1,
    "self": 0.0026557490054983646,
    "children": {
        "run_training.setup": {
            "total": 0.011578292003832757,
            "count": 1,
            "self": 0.011578292003832757
        },
        "TrainerController.start_learning": {
            "total": 277.2498680840072,
            "count": 1,
            "self": 0.05876531670219265,
            "children": {
                "TrainerController._reset_env": {
                    "total": 2.5239114580035675,
                    "count": 1,
                    "self": 2.5239114580035675
                },
                "TrainerController.advance": {
                    "total": 274.5928668922861,
                    "count": 5999,
                    "self": 0.05343839339911938,
                    "children": {
                        "env_step": {
                            "total": 272.22181053026,
                            "count": 5999,
                            "self": 268.1530842289794,
                            "children": {
                                "SubprocessEnvManager._take_step": {
                                    "total": 4.028732334350934,
                                    "count": 6000,
                                    "self": 0.10380222761887126,
                                    "children": {
                                        "TorchPolicy.evaluate": {
                                            "total": 3.924930106732063,
                                            "count": 5997,
                                            "self": 3.924930106732063
                                        }
                                    }
                                },
                                "workers": {
                                    "total": 0.039993966929614544,
                                    "count": 5998,
                                    "self": 0.0,
                                    "children": {
                                        "worker_root": {
                                            "total": 183.70538904232671,
                                            "count": 5998,
                                            "is_parallel": true,
                                            "self": 9.117853098112391,
                                            "children": {
                                                "steps_from_proto": {
                                                    "total": 0.0012773339985869825,
                                                    "count": 2,
                                                    "is_parallel": true,
                                                    "self": 0.0007240000413730741,
                                                    "children": {
                                                        "_process_rank_one_or_two_observation": {
                                                            "total": 0.0005533339572139084,
                                                            "count": 4,
                                                            "is_parallel": true,
                                                            "self": 0.0005533339572139084
                                                        }
                                                    }
                                                },
                                                "UnityEnvironment.step": {
                                                    "total": 174.58625861021574,
                                                    "count": 5998,
                                                    "is_parallel": true,
                                                    "self": 0.24932653075666167,
                                                    "children": {
                                                        "UnityEnvironment._generate_step_input": {
                                                            "total": 0.16602055740077049,
                                                            "count": 5998,
                                                            "is_parallel": true,
                                                            "self": 0.16602055740077049
                                                        },
                                                        "communicator.exchange": {
                                                            "total": 173.312548520189,
                                                            "count": 5998,
                                                            "is_parallel": true,
                                                            "self": 173.312548520189
                                                        },
                                                        "steps_from_proto": {
                                                            "total": 0.8583630018692929,
                                                            "count": 5998,
                                                            "is_parallel": true,
                                                            "self": 0.428489709738642,
                                                            "children": {
                                                                "_process_rank_one_or_two_observation": {
                                                                    "total": 0.42987329213065095,
                                                                    "count": 11996,
                                                                    "is_parallel": true,
                                                                    "self": 0.42987329213065095
                                                                }
                                                            }
                                                        }
                                                    }
                                                }
                                            }
                                        }
                                    }
                                }
                            }
                        },
                        "trainer_advance": {
                            "total": 2.317617968627019,
                            "count": 5998,
                            "self": 0.08621088974177837,
                            "children": {
                                "process_trajectory": {
                                    "total": 0.1454192417440936,
                                    "count": 5998,
                                    "self": 0.1454192417440936
                                },
                                "_update_policy": {
                                    "total": 2.085987837141147,
                                    "count": 46,
                                    "self": 0.25777055392973125,
                                    "children": {
                                        "TorchPPOOptimizer.update": {
                                            "total": 1.8282172832114156,
                                            "count": 1647,