{
    "name": "root",
    "metadata": {
        "timer_format_version": "0.1.0",
        "start_time_seconds": "1749391821",
        "python_version": "3.10.2 | packaged by conda-forge | (main, Mar  8 2022, 15:52:47) [Clang 11.1.0 ]",
        "command_line_arguments": "/opt/anaconda3/envs/mlagents/bin/mlagents-learn config/test_config2.yaml --run-id=0608_16",
        "mlagents_version": "1.0.0",
        "mlagents_envs_version": "1.0.0",
        "communication_protocol_version": "1.5.0",
        "pytorch_version": "1.13.1",
        "numpy_version": "1.23.1",
        "end_time_seconds": "1749391881"
    },
    "total": 60.38346291700145,
    "count": 1,
    "self": 0.0029995420190971345,
    "children": {
        "run_training.setup": {
            "total": 0.017092374997446314,
            "count": 1,
            "self": 0.017092374997446314
        },
        "TrainerController.start_learning": {
            "total": 60.36337099998491,
            "count": 1,
            "self": 0.007603923353599384,
            "children": {
                "TrainerController._reset_env": {
                    "total": 7.0025508330145385,
                    "count": 1,
                    "self": 7.0025508330145385
                },
                "TrainerController.advance": {
                    "total": 53.25256382659427,
                    "count": 671,
                    "self": 0.006147797539597377,
                    "children": {
                        "env_step": {
                            "total": 53.20777916442603,
                            "count": 671,
                            "self": 52.64075076484005,
                            "children": {
                                "SubprocessEnvManager._take_step": {
                                    "total": 0.5625408316263929,
                                    "count": 671,
                                    "self": 0.013246627466287464,
                                    "children": {
                                        "TorchPolicy.evaluate": {
                                            "total": 0.5492942041601054,
                                            "count": 671,
                                            "self": 0.5492942041601054
                                        }
                                    }
                                },
                                "workers": {
                                    "total": 0.004487567959586158,
                                    "count": 670,
                                    "self": 0.0,
                                    "children": {
                                        "worker_root": {
                                            "total": 48.48734911784413,
                                            "count": 670,
                                            "is_parallel": true,
                                            "self": 0.9435704506468028,
                                            "children": {
                                                "steps_from_proto": {
                                                    "total": 0.0003200000210199505,
                                                    "count": 1,
                                                    "is_parallel": true,
                                                    "self": 0.00016462503117509186,
                                                    "children": {
                                                        "_process_rank_one_or_two_observation": {
                                                            "total": 0.00015537498984485865,
                                                            "count": 2,
                                                            "is_parallel": true,
                                                            "self": 0.00015537498984485865
                                                        }
                                                    }
                                                },
                                                "UnityEnvironment.step": {
                                                    "total": 47.54345866717631,
                                                    "count": 670,
                                                    "is_parallel": true,
                                                    "self": 0.027628753916360438,
                                                    "children": {
                                                        "UnityEnvironment._generate_step_input": {
                                                            "total": 0.01859552101814188,
                                                            "count": 670,
                                                            "is_parallel": true,
                                                            "self": 0.01859552101814188
                                                        },
                                                        "communicator.exchange": {
                                                            "total": 47.40188836373272,
                                                            "count": 670,
                                                            "is_parallel": true,
                                                            "self": 47.40188836373272
                                                        },
                                                        "steps_from_proto": {
                                                            "total": 0.09534602850908414,
                                                            "count": 670,
                                                            "is_parallel": true,
                                                            "self": 0.04713675391394645,
                                                            "children": {
                                                                "_process_rank_one_or_two_observation": {
                                                                    "total": 0.048209274595137686,
                                                                    "count": 1340,
                                                                    "is_parallel": true,
                                                                    "self": 0.048209274595137686
                                                                }
                                                            }
                                                        }
                                                    }
                                                }
                                            }
                                        }
                                    }
                                }
                            }
                        },
                        "trainer_advance": {
                            "total": 0.0386368646286428,
                            "count": 670,
                            "self": 0.010319745633751154,
                            "children": {
                                "process_trajectory": {
                                    "total": 0.028317118994891644,
                                    "count": 670,
                                    "self": 0.028317118994891644
                                }
                            }
                        }
                    }
                },
                "trainer_threads": {
                    "total": 1.8330174498260021e-06,
                    "count": 1,
                    "self": 1.8330174498260021e-06
                },
                "TrainerController._save_models": {
                    "total": 0.10065058400505222,
                    "count": 1,
                    "self": 0.0004591670003719628,