{
    "name": "root",
    "metadata": {
        "timer_format_version": "0.1.0",
        "start_time_seconds": "1749388192",
        "python_version": "3.10.2 (tags/v3.10.2:a58ebcc, Jan 17 2022, 14:12:15) [MSC v.1929 64 bit (AMD64)]",
        "command_line_arguments": "C:\\Users\\kang\\AppData\\Local\\Programs\\Python\\Python310\\Scripts\\mlagents-learn config/test_config.yaml --run-id=test0529_222",
        "mlagents_version": "1.0.0",
        "mlagents_envs_version": "1.0.0",
        "communication_protocol_version": "1.5.0",
        "pytorch_version": "1.13.1+cu117",
        "numpy_version": "1.23.1",
        "end_time_seconds": "1749388276"
    },
    "total": 84.20492410000224,
    "count": 1,
    "self": 10.003934500004107,
    "children": {
        "run_training.setup": {
            "total": 0.06723729999794159,
            "count": 1,
            "self": 0.06723729999794159
        },
        "TrainerController.start_learning": {
            "total": 74.1337523000002,
            "count": 1,
            "self": 0.01746060001096339,
            "children": {
                "TrainerController._reset_env": {
                    "total": 6.46782290000192,
                    "count": 1,
                    "self": 6.46782290000192
                },
                "TrainerController.advance": {
                    "total": 67.53667219998533,
                    "count": 1075,
                    "self": 0.015117200073291315,
                    "children": {
                        "env_step": {
                            "total": 65.36104109989174,
                            "count": 1075,
                            "self": 62.47146559991597,
                            "children": {
                                "SubprocessEnvManager._take_step": {
                                    "total": 2.87936300000365,
                                    "count": 1076,
                                    "self": 0.03912750008748844,
                                    "children": {
                                        "TorchPolicy.evaluate": {
                                            "total": 2.8402354999161616,
                                            "count": 1076,
                                            "self": 2.8402354999161616
                                        }
                                    }
                                },
                                "workers": {
                                    "total": 0.01021249997211271,
                                    "count": 1074,
                                    "self": 0.0,
                                    "children": {
                                        "worker_root": {
                                            "total": 26.22548859996823,
                                            "count": 1074,
                                            "is_parallel": true,
                                            "self": 5.85577989993908,
                                            "children": {
                                                "steps_from_proto": {
                                                    "total": 0.000652299993816996,
                                                    "count": 2,
                                                    "is_parallel": true,
                                                    "self": 0.00036029999318998307,
                                                    "children": {
                                                        "_process_rank_one_or_two_observation": {
                                                            "total": 0.0002920000006270129,
                                                            "count": 4,
                                                            "is_parallel": true,
                                                            "self": 0.0002920000006270129
                                                        }
                                                    }
                                                },
                                                "UnityEnvironment.step": {
                                                    "total": 20.369056400035333,
                                                    "count": 1074,
                                                    "is_parallel": true,
                                                    "self": 0.0662404000722745,
                                                    "children": {
                                                        "UnityEnvironment._generate_step_input": {
                                                            "total": 0.05393639998146682,
                                                            "count": 1074,
                                                            "is_parallel": true,
                                                            "self": 0.05393639998146682
                                                        },
                                                        "communicator.exchange": {
                                                            "total": 20.048886399978073,
                                                            "count": 1074,
                                                            "is_parallel": true,
                                                            "self": 20.048886399978073
                                                        },
                                                        "steps_from_proto": {
                                                            "total": 0.19999320000351872,
                                                            "count": 1074,
                                                            "is_parallel": true,
                                                            "self": 0.11937110000872053,
                                                            "children": {
                                                                "_process_rank_one_or_two_observation": {
                                                                    "total": 0.08062209999479819,
                                                                    "count": 2148,
                                                                    "is_parallel": true,
                                                                    "self": 0.08062209999479819
                                                                }
                                                            }
                                                        }
                                                    }
                                                }
                                            }
                                        }
                                    }
                                }
                            }
                        },
                        "trainer_advance": {
                            "total": 2.1605139000203053,
                            "count": 1074,
                            "self": 0.022282400052063167,
                            "children": {
                                "process_trajectory": {
                                    "total": 0.06425199996738229,
                                    "count": 1074,
                                    "self": 0.06425199996738229
                                },
                                "_update_policy": {
                                    "total": 2.07397950000086,
                                    "count": 8,
                                    "self": 0.09046989998387289,
                                    "children": {
                                        "TorchPPOOptimizer.update": {
                                            "total": 1.983509600016987,
                                            "count": 306,