{
    "name": "root",
    "metadata": {
        "timer_format_version": "0.1.0",
        "start_time_seconds": "1748788489",
        "python_version": "3.10.2 | packaged by conda-forge | (main, Mar  8 2022, 15:52:47) [Clang 11.1.0 ]",
        "command_line_arguments": "/opt/anaconda3/envs/mlagents/bin/mlagents-learn config/test_config.yaml --run-id=branchsize3_0601_037",
        "mlagents_version": "1.0.0",
        "mlagents_envs_version": "1.0.0",
        "communication_protocol_version": "1.5.0",
        "pytorch_version": "1.13.1",
        "numpy_version": "1.23.1",
        "end_time_seconds": "1748788547"
    },
    "total": 57.73374979197979,
    "count": 1,
    "self": 0.0024591669789515436,
    "children": {
        "run_training.setup": {
            "total": 0.011054750008042902,
            "count": 1,
            "self": 0.011054750008042902
        },
        "TrainerController.start_learning": {
            "total": 57.720235874992795,
            "count": 1,
            "self": 0.014357774402014911,
            "children": {
                "TrainerController._reset_env": {
                    "total": 3.1665670000365935,
                    "count": 1,
                    "self": 3.1665670000365935
                },
                "TrainerController.advance": {
                    "total": 54.48325659951661,
                    "count": 1201,
                    "self": 0.012209965323563665,
                    "children": {
                        "env_step": {
                            "total": 54.005813475116156,
                            "count": 1201,
                            "self": 53.15239763673162,
                            "children": {
                                "SubprocessEnvManager._take_step": {
                                    "total": 0.8453398902202025,
                                    "count": 1201,
                                    "self": 0.022335227869916707,
                                    "children": {
                                        "TorchPolicy.evaluate": {
                                            "total": 0.8230046623502858,
                                            "count": 1201,
                                            "self": 0.8230046623502858
                                        }
                                    }
                                },
                                "workers": {
                                    "total": 0.008075948164332658,
                                    "count": 1200,
                                    "self": 0.0,
                                    "children": {
                                        "worker_root": {
                                            "total": 37.821147025038954,
                                            "count": 1200,
                                            "is_parallel": true,
                                            "self": 1.8974344616872258,
                                            "children": {
                                                "steps_from_proto": {
                                                    "total": 0.0005831249873153865,
                                                    "count": 1,
                                                    "is_parallel": true,
                                                    "self": 0.00033454096410423517,
                                                    "children": {
                                                        "_process_rank_one_or_two_observation": {
                                                            "total": 0.00024858402321115136,
                                                            "count": 2,
                                                            "is_parallel": true,
                                                            "self": 0.00024858402321115136
                                                        }
                                                    }
                                                },
                                                "UnityEnvironment.step": {
                                                    "total": 35.92312943836441,
                                                    "count": 1200,
                                                    "is_parallel": true,
                                                    "self": 0.04900076618650928,
                                                    "children": {
                                                        "UnityEnvironment._generate_step_input": {
                                                            "total": 0.03290987835498527,
                                                            "count": 1200,
                                                            "is_parallel": true,
                                                            "self": 0.03290987835498527
                                                        },
                                                        "communicator.exchange": {
                                                            "total": 35.668902466481086,
                                                            "count": 1200,
                                                            "is_parallel": true,
                                                            "self": 35.668902466481086
                                                        },
                                                        "steps_from_proto": {
                                                            "total": 0.17231632734183222,
                                                            "count": 1200,
                                                            "is_parallel": true,
                                                            "self": 0.08712384197860956,
                                                            "children": {
                                                                "_process_rank_one_or_two_observation": {
                                                                    "total": 0.08519248536322266,
                                                                    "count": 2400,
                                                                    "is_parallel": true,
                                                                    "self": 0.08519248536322266
                                                                }
                                                            }
                                                        }
                                                    }
                                                }
                                            }
                                        }
                                    }
                                }
                            }
                        },
                        "trainer_advance": {
                            "total": 0.4652331590768881,
                            "count": 1200,
                            "self": 0.01776526914909482,
                            "children": {
                                "process_trajectory": {
                                    "total": 0.02975322090787813,
                                    "count": 1200,
                                    "self": 0.02975322090787813
                                },
                                "_update_policy": {
                                    "total": 0.41771466901991516,
                                    "count": 9,
                                    "self": 0.05162646865937859,
                                    "children": {
                                        "TorchPPOOptimizer.update": {
                                            "total": 0.3660882003605366,
                                            "count": 324,