{
    "name": "root",
    "metadata": {
        "timer_format_version": "0.1.0",
        "start_time_seconds": "1748789303",
        "python_version": "3.10.2 | packaged by conda-forge | (main, Mar  8 2022, 15:52:47) [Clang 11.1.0 ]",
        "command_line_arguments": "/opt/anaconda3/envs/mlagents/bin/mlagents-learn config/test_config.yaml --run-id=branchsize3_0601_042",
        "mlagents_version": "1.0.0",
        "mlagents_envs_version": "1.0.0",
        "communication_protocol_version": "1.5.0",
        "pytorch_version": "1.13.1",
        "numpy_version": "1.23.1",
        "end_time_seconds": "1748789387"
    },
    "total": 84.18027783301659,
    "count": 1,
    "self": 0.002603499044198543,
    "children": {
        "run_training.setup": {
            "total": 0.011501625005621463,
            "count": 1,
            "self": 0.011501625005621463
        },
        "TrainerController.start_learning": {
            "total": 84.16617270896677,
            "count": 1,
            "self": 0.003944669791962951,
            "children": {
                "TrainerController._reset_env": {
                    "total": 3.0834177079959773,
                    "count": 1,
                    "self": 3.0834177079959773
                },
                "TrainerController.advance": {
                    "total": 81.00699558114866,
                    "count": 330,
                    "self": 0.003182658110745251,
                    "children": {
                        "env_step": {
                            "total": 80.8891753347707,
                            "count": 330,
                            "self": 80.6486815084354,
                            "children": {
                                "SubprocessEnvManager._take_step": {
                                    "total": 0.23834721016464755,
                                    "count": 330,
                                    "self": 0.0062257914687506855,
                                    "children": {
                                        "TorchPolicy.evaluate": {
                                            "total": 0.23212141869589686,
                                            "count": 330,
                                            "self": 0.23212141869589686
                                        }
                                    }
                                },
                                "workers": {
                                    "total": 0.0021466161706484854,
                                    "count": 329,
                                    "self": 0.0,
                                    "children": {
                                        "worker_root": {
                                            "total": 20.463822424702812,
                                            "count": 329,
                                            "is_parallel": true,
                                            "self": 0.5269517253618687,
                                            "children": {
                                                "steps_from_proto": {
                                                    "total": 0.0008455420029349625,
                                                    "count": 1,
                                                    "is_parallel": true,
                                                    "self": 0.00047441694187000394,
                                                    "children": {
                                                        "_process_rank_one_or_two_observation": {
                                                            "total": 0.00037112506106495857,
                                                            "count": 2,
                                                            "is_parallel": true,
                                                            "self": 0.00037112506106495857
                                                        }
                                                    }
                                                },
                                                "UnityEnvironment.step": {
                                                    "total": 19.93602515733801,
                                                    "count": 329,
                                                    "is_parallel": true,
                                                    "self": 0.014127354079391807,
                                                    "children": {
                                                        "UnityEnvironment._generate_step_input": {
                                                            "total": 0.009591412148438394,
                                                            "count": 329,
                                                            "is_parallel": true,
                                                            "self": 0.009591412148438394
                                                        },
                                                        "communicator.exchange": {
                                                            "total": 19.864304752263706,
                                                            "count": 329,
                                                            "is_parallel": true,
                                                            "self": 19.864304752263706
                                                        },
                                                        "steps_from_proto": {
                                                            "total": 0.048001638846471906,
                                                            "count": 329,
                                                            "is_parallel": true,
                                                            "self": 0.023873376194387674,
                                                            "children": {
                                                                "_process_rank_one_or_two_observation": {
                                                                    "total": 0.02412826265208423,
                                                                    "count": 658,
                                                                    "is_parallel": true,
                                                                    "self": 0.02412826265208423
                                                                }
                                                            }
                                                        }
                                                    }
                                                }
                                            }
                                        }
                                    }
                                }
                            }
                        },
                        "trainer_advance": {
                            "total": 0.1146375882672146,
                            "count": 329,
                            "self": 0.004584050853736699,
                            "children": {
                                "process_trajectory": {
                                    "total": 0.008337453415151685,
                                    "count": 329,
                                    "self": 0.008337453415151685
                                },
                                "_update_policy": {
                                    "total": 0.10171608399832621,
                                    "count": 2,
                                    "self": 0.01159062481019646,
                                    "children": {
                                        "TorchPPOOptimizer.update": {
                                            "total": 0.09012545918812975,
                                            "count": 72,