{
    "name": "root",
    "metadata": {
        "timer_format_version": "0.1.0",
        "start_time_seconds": "1749380674",
        "python_version": "3.10.2 | packaged by conda-forge | (main, Mar  8 2022, 15:52:47) [Clang 11.1.0 ]",
        "command_line_arguments": "/opt/anaconda3/envs/mlagents/bin/mlagents-learn config/test_config.yaml --run-id=0608_4",
        "mlagents_version": "1.0.0",
        "mlagents_envs_version": "1.0.0",
        "communication_protocol_version": "1.5.0",
        "pytorch_version": "1.13.1",
        "numpy_version": "1.23.1",
        "end_time_seconds": "1749380724"
    },
    "total": 50.87880887501524,
    "count": 1,
    "self": 0.002550166012952104,
    "children": {
        "run_training.setup": {
            "total": 0.011831084004370496,
            "count": 1,
            "self": 0.011831084004370496
        },
        "TrainerController.start_learning": {
            "total": 50.864427624997916,
            "count": 1,
            "self": 0.016315509739797562,
            "children": {
                "TrainerController._reset_env": {
                    "total": 2.9402336660132278,
                    "count": 1,
                    "self": 2.9402336660132278
                },
                "TrainerController.advance": {
                    "total": 47.846000074234325,
                    "count": 1415,
                    "self": 0.013082961580948904,
                    "children": {
                        "env_step": {
                            "total": 47.257163265225245,
                            "count": 1415,
                            "self": 46.26086701545864,
                            "children": {
                                "SubprocessEnvManager._take_step": {
                                    "total": 0.9866698837431613,
                                    "count": 1415,
                                    "self": 0.026390381186502054,
                                    "children": {
                                        "TorchPolicy.evaluate": {
                                            "total": 0.9602795025566593,
                                            "count": 1414,
                                            "self": 0.9602795025566593
                                        }
                                    }
                                },
                                "workers": {
                                    "total": 0.009626366023439914,
                                    "count": 1414,
                                    "self": 0.0,
                                    "children": {
                                        "worker_root": {
                                            "total": 45.762650248158025,
                                            "count": 1414,
                                            "is_parallel": true,
                                            "self": 2.2469418453110848,
                                            "children": {
                                                "steps_from_proto": {
                                                    "total": 0.0004913749871775508,
                                                    "count": 1,
                                                    "is_parallel": true,
                                                    "self": 0.00023087498266249895,
                                                    "children": {
                                                        "_process_rank_one_or_two_observation": {
                                                            "total": 0.00026050000451505184,
                                                            "count": 2,
                                                            "is_parallel": true,
                                                            "self": 0.00026050000451505184
                                                        }
                                                    }
                                                },
                                                "UnityEnvironment.step": {
                                                    "total": 43.51521702785976,
                                                    "count": 1414,
                                                    "is_parallel": true,
                                                    "self": 0.05964057115488686,
                                                    "children": {
                                                        "UnityEnvironment._generate_step_input": {
                                                            "total": 0.04343250874080695,
                                                            "count": 1414,
                                                            "is_parallel": true,
                                                            "self": 0.04343250874080695
                                                        },
                                                        "communicator.exchange": {
                                                            "total": 43.202202261280036,
                                                            "count": 1414,
                                                            "is_parallel": true,
                                                            "self": 43.202202261280036
                                                        },
                                                        "steps_from_proto": {
                                                            "total": 0.2099416866840329,
                                                            "count": 1414,
                                                            "is_parallel": true,
                                                            "self": 0.10454118376947008,
                                                            "children": {
                                                                "_process_rank_one_or_two_observation": {
                                                                    "total": 0.10540050291456282,
                                                                    "count": 2828,
                                                                    "is_parallel": true,
                                                                    "self": 0.10540050291456282
                                                                }
                                                            }
                                                        }
                                                    }
                                                }
                                            }
                                        }
                                    }
                                }
                            }
                        },
                        "trainer_advance": {
                            "total": 0.5757538474281318,
                            "count": 1414,
                            "self": 0.020068037178134546,
                            "children": {
                                "process_trajectory": {
                                    "total": 0.03601901815272868,
                                    "count": 1414,
                                    "self": 0.03601901815272868
                                },
                                "_update_policy": {
                                    "total": 0.5196667920972686,
                                    "count": 11,
                                    "self": 0.06269669919856824,
                                    "children": {
                                        "TorchPPOOptimizer.update": {
                                            "total": 0.4569700928987004,
                                            "count": 393,