{
    "name": "root",
    "metadata": {
        "timer_format_version": "0.1.0",
        "start_time_seconds": "1749292128",
        "python_version": "3.10.2 | packaged by conda-forge | (main, Mar  8 2022, 15:52:47) [Clang 11.1.0 ]",
        "command_line_arguments": "/opt/anaconda3/envs/mlagents/bin/mlagents-learn config/test_config.yaml --run-id=0607_10",
        "mlagents_version": "1.0.0",
        "mlagents_envs_version": "1.0.0",
        "communication_protocol_version": "1.5.0",
        "pytorch_version": "1.13.1",
        "numpy_version": "1.23.1",
        "end_time_seconds": "1749292184"
    },
    "total": 55.78167600001325,
    "count": 1,
    "self": 10.002241874986794,
    "children": {
        "run_training.setup": {
            "total": 0.011885000014444813,
            "count": 1,
            "self": 0.011885000014444813
        },
        "TrainerController.start_learning": {
            "total": 45.76754912501201,
            "count": 1,
            "self": 0.011020923149771988,
            "children": {
                "TrainerController._reset_env": {
                    "total": 3.1155368750041816,
                    "count": 1,
                    "self": 3.1155368750041816
                },
                "TrainerController.advance": {
                    "total": 42.60276124387747,
                    "count": 1001,
                    "self": 0.010502774908673018,
                    "children": {
                        "env_step": {
                            "total": 42.22461976282648,
                            "count": 1001,
                            "self": 41.52360067967675,
                            "children": {
                                "SubprocessEnvManager._take_step": {
                                    "total": 0.6939865912136156,
                                    "count": 1002,
                                    "self": 0.01851577975321561,
                                    "children": {
                                        "TorchPolicy.evaluate": {
                                            "total": 0.6754708114604,
                                            "count": 1002,
                                            "self": 0.6754708114604
                                        }
                                    }
                                },
                                "workers": {
                                    "total": 0.007032491936115548,
                                    "count": 1000,
                                    "self": 0.0,
                                    "children": {
                                        "worker_root": {
                                            "total": 32.58939983989694,
                                            "count": 1000,
                                            "is_parallel": true,
                                            "self": 1.5543682915740646,
                                            "children": {
                                                "steps_from_proto": {
                                                    "total": 0.0012871250219177455,
                                                    "count": 2,
                                                    "is_parallel": true,
                                                    "self": 0.0007021250203251839,
                                                    "children": {
                                                        "_process_rank_one_or_two_observation": {
                                                            "total": 0.0005850000015925616,
                                                            "count": 4,
                                                            "is_parallel": true,
                                                            "self": 0.0005850000015925616
                                                        }
                                                    }
                                                },
                                                "UnityEnvironment.step": {
                                                    "total": 31.03374442330096,
                                                    "count": 1000,
                                                    "is_parallel": true,
                                                    "self": 0.041803152998909354,
                                                    "children": {
                                                        "UnityEnvironment._generate_step_input": {
                                                            "total": 0.026666086982004344,
                                                            "count": 1000,
                                                            "is_parallel": true,
                                                            "self": 0.026666086982004344
                                                        },
                                                        "communicator.exchange": {
                                                            "total": 30.81822446838487,
                                                            "count": 1000,
                                                            "is_parallel": true,
                                                            "self": 30.81822446838487
                                                        },
                                                        "steps_from_proto": {
                                                            "total": 0.14705071493517607,
                                                            "count": 1000,
                                                            "is_parallel": true,
                                                            "self": 0.07327053492190316,
                                                            "children": {
                                                                "_process_rank_one_or_two_observation": {
                                                                    "total": 0.07378018001327291,
                                                                    "count": 2000,
                                                                    "is_parallel": true,
                                                                    "self": 0.07378018001327291
                                                                }
                                                            }
                                                        }
                                                    }
                                                }
                                            }
                                        }
                                    }
                                }
                            }
                        },
                        "trainer_advance": {
                            "total": 0.36763870614231564,
                            "count": 1000,
                            "self": 0.01594154624035582,
                            "children": {
                                "process_trajectory": {
                                    "total": 0.023453867906937376,
                                    "count": 1000,
                                    "self": 0.023453867906937376
                                },
                                "_update_policy": {
                                    "total": 0.32824329199502245,
                                    "count": 7,
                                    "self": 0.039677213673712686,
                                    "children": {
                                        "TorchPPOOptimizer.update": {
                                            "total": 0.28856607832130976,
                                            "count": 252,