{
    "name": "root",
    "metadata": {
        "timer_format_version": "0.1.0",
        "start_time_seconds": "1749291128",
        "python_version": "3.10.2 | packaged by conda-forge | (main, Mar  8 2022, 15:52:47) [Clang 11.1.0 ]",
        "command_line_arguments": "/opt/anaconda3/envs/mlagents/bin/mlagents-learn config/test_config.yaml --run-id=0607_3",
        "mlagents_version": "1.0.0",
        "mlagents_envs_version": "1.0.0",
        "communication_protocol_version": "1.5.0",
        "pytorch_version": "1.13.1",
        "numpy_version": "1.23.1",
        "end_time_seconds": "1749291181"
    },
    "total": 53.46321208300651,
    "count": 1,
    "self": 0.00333612400572747,
    "children": {
        "run_training.setup": {
            "total": 0.018232999980682507,
            "count": 1,
            "self": 0.018232999980682507
        },
        "TrainerController.start_learning": {
            "total": 53.4416429590201,
            "count": 1,
            "self": 0.013778071937849745,
            "children": {
                "TrainerController._reset_env": {
                    "total": 2.5682956249802373,
                    "count": 1,
                    "self": 2.5682956249802373
                },
                "TrainerController.advance": {
                    "total": 50.792562387068756,
                    "count": 1200,
                    "self": 0.01122959895292297,
                    "children": {
                        "env_step": {
                            "total": 50.303274812176824,
                            "count": 1200,
                            "self": 49.47546600419446,
                            "children": {
                                "SubprocessEnvManager._take_step": {
                                    "total": 0.8197465919947717,
                                    "count": 1200,
                                    "self": 0.020650177350034937,
                                    "children": {
                                        "TorchPolicy.evaluate": {
                                            "total": 0.7990964146447368,
                                            "count": 1200,
                                            "self": 0.7990964146447368
                                        }
                                    }
                                },
                                "workers": {
                                    "total": 0.008062215987592936,
                                    "count": 1199,
                                    "self": 0.0,
                                    "children": {
                                        "worker_root": {
                                            "total": 35.51776514732046,
                                            "count": 1199,
                                            "is_parallel": true,
                                            "self": 1.8825638414127752,
                                            "children": {
                                                "steps_from_proto": {
                                                    "total": 0.0009001659927889705,
                                                    "count": 1,
                                                    "is_parallel": true,
                                                    "self": 0.00045945800957269967,
                                                    "children": {
                                                        "_process_rank_one_or_two_observation": {
                                                            "total": 0.0004407079832162708,
                                                            "count": 2,
                                                            "is_parallel": true,
                                                            "self": 0.0004407079832162708
                                                        }
                                                    }
                                                },
                                                "UnityEnvironment.step": {
                                                    "total": 33.634301139914896,
                                                    "count": 1199,
                                                    "is_parallel": true,
                                                    "self": 0.048421254876302555,
                                                    "children": {
                                                        "UnityEnvironment._generate_step_input": {
                                                            "total": 0.03373010165523738,
                                                            "count": 1199,
                                                            "is_parallel": true,
                                                            "self": 0.03373010165523738
                                                        },
                                                        "communicator.exchange": {
                                                            "total": 33.37562548808637,
                                                            "count": 1199,
                                                            "is_parallel": true,
                                                            "self": 33.37562548808637
                                                        },
                                                        "steps_from_proto": {
                                                            "total": 0.17652429529698566,
                                                            "count": 1199,
                                                            "is_parallel": true,
                                                            "self": 0.08702824535430409,
                                                            "children": {
                                                                "_process_rank_one_or_two_observation": {
                                                                    "total": 0.08949604994268157,
                                                                    "count": 2398,
                                                                    "is_parallel": true,
                                                                    "self": 0.08949604994268157
                                                                }
                                                            }
                                                        }
                                                    }
                                                }
                                            }
                                        }
                                    }
                                }
                            }
                        },
                        "trainer_advance": {
                            "total": 0.47805797593900934,
                            "count": 1199,
                            "self": 0.016787440632469952,
                            "children": {
                                "process_trajectory": {
                                    "total": 0.03222220329917036,
                                    "count": 1199,
                                    "self": 0.03222220329917036
                                },
                                "_update_policy": {
                                    "total": 0.429048332007369,
                                    "count": 9,
                                    "self": 0.05257054907269776,
                                    "children": {
                                        "TorchPPOOptimizer.update": {
                                            "total": 0.37647778293467127,
                                            "count": 324,