{
    "name": "root",
    "gauges": {
        "Agent.Policy.Entropy.mean": {
            "value": 3.3561508655548096,
            "min": 3.3072850704193115,
            "max": 4.141767501831055,
            "count": 200
        },
        "Agent.Policy.Entropy.sum": {
            "value": 33866.91796875,
            "min": 32221.5546875,
            "max": 44615.12109375,
            "count": 200
        },
        "Agent.Environment.EpisodeLength.mean": {
            "value": 799.0,
            "min": 16.0,
            "max": 799.3571428571429,
            "count": 200
        },
        "Agent.Environment.EpisodeLength.sum": {
            "value": 11186.0,
            "min": 240.0,
            "max": 11985.0,
            "count": 200
        },
        "Agent.Step.mean": {
            "value": 1999940.0,
            "min": 9983.0,
            "max": 1999940.0,
            "count": 200
        },
        "Agent.Step.sum": {
            "value": 1999940.0,
            "min": 9983.0,
            "max": 1999940.0,
            "count": 200
        },
        "Agent.Policy.ExtrinsicValueEstimate.mean": {
            "value": 0.4829963147640228,
            "min": -0.07742410153150558,
            "max": 0.6255348920822144,
            "count": 200
        },
        "Agent.Policy.ExtrinsicValueEstimate.sum": {
            "value": 78.72840118408203,
            "min": -12.620128631591797,
            "max": 101.96218872070312,
            "count": 200
        },
        "Agent.Environment.CumulativeReward.mean": {
            "value": 5.2901429478411695,
            "min": -0.07599997390061616,
            "max": 6.406500057084486,
            "count": 200
        },
        "Agent.Environment.CumulativeReward.sum": {
            "value": 74.06200126977637,
            "min": -0.37999986950308084,
            "max": 77.64000038336962,
            "count": 200
        },
        "Agent.Policy.ExtrinsicReward.mean": {
            "value": 5.2901429478411695,
            "min": -0.07599997390061616,
            "max": 6.406500057084486,
            "count": 200
        },
        "Agent.Policy.ExtrinsicReward.sum": {
            "value": 74.06200126977637,
            "min": -0.37999986950308084,
            "max": 77.64000038336962,
            "count": 200
        },
        "Agent.IsTraining.mean": {
            "value": 1.0,
            "min": 1.0,
            "max": 1.0,
            "count": 200
        },
        "Agent.IsTraining.sum": {
            "value": 1.0,
            "min": 1.0,
            "max": 1.0,
            "count": 200
        },
        "Agent.Losses.PolicyLoss.mean": {
            "value": 0.07326173501108618,
            "min": 0.07326173501108618,
            "max": 0.1620650854944769,
            "count": 134
        },
        "Agent.Losses.PolicyLoss.sum": {
            "value": 0.07326173501108618,
            "min": 0.07326173501108618,
            "max": 0.1620650854944769,
            "count": 134
        },
        "Agent.Losses.ValueLoss.mean": {
            "value": 0.029561635396546788,
            "min": 0.010516319382521842,
            "max": 0.060956346657541065,
            "count": 134
        },
        "Agent.Losses.ValueLoss.sum": {
            "value": 0.029561635396546788,
            "min": 0.010516319382521842,
            "max": 0.060956346657541065,
            "count": 134
        },
        "Agent.Policy.LearningRate.mean": {
            "value": 1.237899587399989e-06,
            "min": 1.237899587399989e-06,
            "max": 0.00029784495071835,
            "count": 134
        },
        "Agent.Policy.LearningRate.sum": {
            "value": 1.237899587399989e-06,
            "min": 1.237899587399989e-06,
            "max": 0.00029784495071835,
            "count": 134
        },
        "Agent.Policy.Epsilon.mean": {
            "value": 0.10041260000000005,
            "min": 0.10041260000000005,
            "max": 0.19928164999999995,
            "count": 134
        },
        "Agent.Policy.Epsilon.sum": {
            "value": 0.10041260000000005,
            "min": 0.10041260000000005,
            "max": 0.19928164999999995,
            "count": 134
        },
        "Agent.Policy.Beta.mean": {
            "value": 1.2021739999999978e-05,
            "min": 1.2021739999999978e-05,
            "max": 0.000496480085,
            "count": 134
        },
        "Agent.Policy.Beta.sum": {
            "value": 1.2021739999999978e-05,
            "min": 1.2021739999999978e-05,
            "max": 0.000496480085,
            "count": 134
        }
    },
    "metadata": {
        "timer_format_version": "0.1.0",
        "start_time_seconds": "1749660464",
        "python_version": "3.10.2 (tags/v3.10.2:a58ebcc, Jan 17 2022, 14:12:15) [MSC v.1929 64 bit (AMD64)]",
        "command_line_arguments": "C:\\Users\\kang\\AppData\\Local\\Programs\\Python\\Python310\\Scripts\\mlagents-learn C:\\RubbleRumble-seunghee\\config\\test_config.yaml --env=C:\\RubbleRumble\\qwer\\UnityEnvironment.exe --run-id=qqqqqq --num-envs=15 --torch-device cuda",
        "mlagents_version": "1.0.0",
        "mlagents_envs_version": "1.0.0",
        "communication_protocol_version": "1.5.0",
        "pytorch_version": "1.13.1+cu117",
        "numpy_version": "1.23.1",
        "end_time_seconds": "1749668751"
    },
    "total": 8287.543870000009,
    "count": 1,
    "self": 10.130254800009425,
    "children": {
        "run_training.setup": {
            "total": 1.2585504000016954,
            "count": 1,
            "self": 1.2585504000016954
        },
        "TrainerController.start_learning": {
            "total": 8276.155064799997,
            "count": 1,
            "self": 6.234925203723833,
            "children": {
                "TrainerController._reset_env": {
                    "total": 10.056543999991845,
                    "count": 1,
                    "self": 10.056543999991845
                },
                "TrainerController.advance": {
                    "total": 8259.770603496276,
                    "count": 145347,
                    "self": 2.73428149803658,
                    "children": {
                        "env_step": {
                            "total": 7949.802197798781,
                            "count": 145347,
                            "self": 572.6995425084897,
                            "children": {
                                "SubprocessEnvManager._take_step": {
                                    "total": 7365.530193291081,
                                    "count": 2000592,
                                    "self": 86.88444610353326,
                                    "children": {
                                        "TorchPolicy.evaluate": {
                                            "total": 7278.645747187547,
                                            "count": 2000592,
                                            "self": 7278.645747187547
                                        }
                                    }
                                },
                                "workers": {
                                    "total": 11.572461999210645,
                                    "count": 145347,
                                    "self": 0.0,
                                    "children": {
                                        "worker_root": {
                                            "total": 123959.83834019885,
                                            "count": 2000591,
                                            "is_parallel": true,
                                            "self": 115870.3291538965,
                                            "children": {
                                                "steps_from_proto": {
                                                    "total": 0.005786100038676523,
                                                    "count": 15,