{
    "name": "root",
    "metadata": {
        "timer_format_version": "0.1.0",
        "start_time_seconds": "1749291290",
        "python_version": "3.10.2 | packaged by conda-forge | (main, Mar  8 2022, 15:52:47) [Clang 11.1.0 ]",
        "command_line_arguments": "/opt/anaconda3/envs/mlagents/bin/mlagents-learn config/test_config.yaml --run-id=0607_5",
        "mlagents_version": "1.0.0",
        "mlagents_envs_version": "1.0.0",
        "communication_protocol_version": "1.5.0",
        "pytorch_version": "1.13.1",
        "numpy_version": "1.23.1",
        "end_time_seconds": "1749291352"
    },
    "total": 61.70402574999025,
    "count": 1,
    "self": 0.002504416013834998,
    "children": {
        "run_training.setup": {
            "total": 0.012141833984060213,
            "count": 1,
            "self": 0.012141833984060213
        },
        "TrainerController.start_learning": {
            "total": 61.689379499992356,
            "count": 1,
            "self": 0.02057975233765319,
            "children": {
                "TrainerController._reset_env": {
                    "total": 3.2234490840055514,
                    "count": 1,
                    "self": 3.2234490840055514
                },
                "TrainerController.advance": {
                    "total": 58.38301649663481,
                    "count": 1873,
                    "self": 0.01685241496306844,
                    "children": {
                        "env_step": {
                            "total": 57.65113274709438,
                            "count": 1873,
                            "self": 56.389356234139996,
                            "children": {
                                "SubprocessEnvManager._take_step": {
                                    "total": 1.2498478129855357,
                                    "count": 1873,
                                    "self": 0.03169697945122607,
                                    "children": {
                                        "TorchPolicy.evaluate": {
                                            "total": 1.2181508335343096,
                                            "count": 1872,
                                            "self": 1.2181508335343096
                                        }
                                    }
                                },
                                "workers": {
                                    "total": 0.011928699968848377,
                                    "count": 1872,
                                    "self": 0.0,
                                    "children": {
                                        "worker_root": {
                                            "total": 56.48443892088835,
                                            "count": 1872,
                                            "is_parallel": true,
                                            "self": 2.835170702979667,
                                            "children": {
                                                "steps_from_proto": {
                                                    "total": 0.0006034580001141876,
                                                    "count": 1,
                                                    "is_parallel": true,
                                                    "self": 0.00034133298322558403,
                                                    "children": {
                                                        "_process_rank_one_or_two_observation": {
                                                            "total": 0.00026212501688860357,
                                                            "count": 2,
                                                            "is_parallel": true,
                                                            "self": 0.00026212501688860357
                                                        }
                                                    }
                                                },
                                                "UnityEnvironment.step": {
                                                    "total": 53.64866475990857,
                                                    "count": 1872,
                                                    "is_parallel": true,
                                                    "self": 0.0751759918348398,
                                                    "children": {
                                                        "UnityEnvironment._generate_step_input": {
                                                            "total": 0.052068341843551025,
                                                            "count": 1872,
                                                            "is_parallel": true,
                                                            "self": 0.052068341843551025
                                                        },
                                                        "communicator.exchange": {
                                                            "total": 53.254451415268704,
                                                            "count": 1872,
                                                            "is_parallel": true,
                                                            "self": 53.254451415268704
                                                        },
                                                        "steps_from_proto": {
                                                            "total": 0.26696901096147485,
                                                            "count": 1872,
                                                            "is_parallel": true,
                                                            "self": 0.13240436179330572,
                                                            "children": {
                                                                "_process_rank_one_or_two_observation": {
                                                                    "total": 0.13456464916816913,
                                                                    "count": 3744,
                                                                    "is_parallel": true,
                                                                    "self": 0.13456464916816913
                                                                }
                                                            }
                                                        }
                                                    }
                                                }
                                            }
                                        }
                                    }
                                }
                            }
                        },
                        "trainer_advance": {
                            "total": 0.7150313345773611,
                            "count": 1872,
                            "self": 0.02464024256914854,
                            "children": {
                                "process_trajectory": {
                                    "total": 0.04560558995581232,
                                    "count": 1872,
                                    "self": 0.04560558995581232
                                },
                                "_update_policy": {
                                    "total": 0.6447855020524003,
                                    "count": 14,
                                    "self": 0.08015325959422626,
                                    "children": {
                                        "TorchPPOOptimizer.update": {
                                            "total": 0.564632242458174,
                                            "count": 501,