{
    "name": "root",
    "metadata": {
        "timer_format_version": "0.1.0",
        "start_time_seconds": "1748757157",
        "python_version": "3.10.2 | packaged by conda-forge | (main, Mar  8 2022, 15:52:47) [Clang 11.1.0 ]",
        "command_line_arguments": "/opt/anaconda3/envs/mlagents/bin/mlagents-learn config/test_config.yaml --run-id=branchsize3_0601_23",
        "mlagents_version": "1.0.0",
        "mlagents_envs_version": "1.0.0",
        "communication_protocol_version": "1.5.0",
        "pytorch_version": "1.13.1",
        "numpy_version": "1.23.1",
        "end_time_seconds": "1748757202"
    },
    "total": 44.91825012495974,
    "count": 1,
    "self": 10.002293832949363,
    "children": {
        "run_training.setup": {
            "total": 0.011441042006481439,
            "count": 1,
            "self": 0.011441042006481439
        },
        "TrainerController.start_learning": {
            "total": 34.9045152500039,
            "count": 1,
            "self": 0.0009119140449911356,
            "children": {
                "TrainerController._reset_env": {
                    "total": 3.3658435420366004,
                    "count": 1,
                    "self": 3.3658435420366004
                },
                "TrainerController.advance": {
                    "total": 31.504500752897002,
                    "count": 87,
                    "self": 0.00079582748003304,
                    "children": {
                        "env_step": {
                            "total": 31.502678381395526,
                            "count": 87,
                            "self": 31.439073792425916,
                            "children": {
                                "SubprocessEnvManager._take_step": {
                                    "total": 0.06309537682682276,
                                    "count": 88,
                                    "self": 0.0018320817616768181,
                                    "children": {
                                        "TorchPolicy.evaluate": {
                                            "total": 0.06126329506514594,
                                            "count": 88,
                                            "self": 0.06126329506514594
                                        }
                                    }
                                },
                                "workers": {
                                    "total": 0.0005092121427878737,
                                    "count": 86,
                                    "self": 0.0,
                                    "children": {
                                        "worker_root": {
                                            "total": 17.25106125016464,
                                            "count": 86,
                                            "is_parallel": true,
                                            "self": 0.11508853494888172,
                                            "children": {
                                                "steps_from_proto": {
                                                    "total": 0.0012132510310038924,
                                                    "count": 2,
                                                    "is_parallel": true,
                                                    "self": 0.0006864600582048297,
                                                    "children": {
                                                        "_process_rank_one_or_two_observation": {
                                                            "total": 0.0005267909727990627,
                                                            "count": 4,
                                                            "is_parallel": true,
                                                            "self": 0.0005267909727990627
                                                        }
                                                    }
                                                },
                                                "UnityEnvironment.step": {
                                                    "total": 17.134759464184754,
                                                    "count": 86,
                                                    "is_parallel": true,
                                                    "self": 0.003491497947834432,
                                                    "children": {
                                                        "UnityEnvironment._generate_step_input": {
                                                            "total": 0.0026319616590626538,
                                                            "count": 86,
                                                            "is_parallel": true,
                                                            "self": 0.0026319616590626538
                                                        },
                                                        "communicator.exchange": {
                                                            "total": 17.117003670253325,
                                                            "count": 86,
                                                            "is_parallel": true,
                                                            "self": 17.117003670253325
                                                        },
                                                        "steps_from_proto": {
                                                            "total": 0.011632334324531257,
                                                            "count": 86,
                                                            "is_parallel": true,
                                                            "self": 0.00598558213096112,
                                                            "children": {
                                                                "_process_rank_one_or_two_observation": {
                                                                    "total": 0.005646752193570137,
                                                                    "count": 172,
                                                                    "is_parallel": true,
                                                                    "self": 0.005646752193570137
                                                                }
                                                            }
                                                        }
                                                    }
                                                }
                                            }
                                        }
                                    }
                                }
                            }
                        },
                        "trainer_advance": {
                            "total": 0.0010265440214425325,
                            "count": 86,
                            "self": 0.0006698379293084145,
                            "children": {
                                "process_trajectory": {
                                    "total": 0.0003567060921341181,
                                    "count": 86,
                                    "self": 0.0003567060921341181
                                }
                            }
                        }
                    }
                },
                "trainer_threads": {
                    "total": 5.00003807246685e-07,
                    "count": 1,
                    "self": 5.00003807246685e-07
                },
                "TrainerController._save_models": {
                    "total": 0.03325854102149606,
                    "count": 1,
                    "self": 0.0002513740328140557,