{
    "name": "root",
    "metadata": {
        "timer_format_version": "0.1.0",
        "start_time_seconds": "1748543012",
        "python_version": "3.10.2 | packaged by conda-forge | (main, Mar  8 2022, 15:52:47) [Clang 11.1.0 ]",
        "command_line_arguments": "/opt/anaconda3/envs/mlagents/bin/mlagents-learn config/test_config.yaml --run-id=test0529_22",
        "mlagents_version": "1.0.0",
        "mlagents_envs_version": "1.0.0",
        "communication_protocol_version": "1.5.0",
        "pytorch_version": "1.13.1",
        "numpy_version": "1.23.1",
        "end_time_seconds": "1748543015"
    },
    "total": 3.196809624991147,
    "count": 1,
    "self": 0.0038834989827591926,
    "children": {
        "run_training.setup": {
            "total": 0.011579959013033658,
            "count": 1,
            "self": 0.011579959013033658
        },
        "TrainerController.start_learning": {
            "total": 3.181346166995354,
            "count": 1,
            "self": 0.0001263340236619115,
            "children": {
                "TrainerController._reset_env": {
                    "total": 3.153355999995256,
                    "count": 1,
                    "self": 3.153355999995256
                },
                "TrainerController.advance": {
                    "total": 0.012905332987429574,
                    "count": 1,
                    "self": 7.791997632011771e-06,
                    "children": {
                        "env_step": {
                            "total": 0.012897540989797562,
                            "count": 1,
                            "self": 0.00017462499090470374,
                            "children": {
                                "SubprocessEnvManager._take_step": {
                                    "total": 0.012722915998892859,
                                    "count": 1,
                                    "self": 3.5958015359938145e-05,
                                    "children": {
                                        "TorchPolicy.evaluate": {
                                            "total": 0.01268695798353292,
                                            "count": 1,
                                            "self": 0.01268695798353292
                                        }
                                    }
                                }
                            }
                        }
                    }
                },
                "TrainerController._save_models": {
                    "total": 0.014958499989006668,
                    "count": 1,
                    "self": 1.1208961950615048e-05,
                    "children": {
                        "RLTrainer._checkpoint": {
                            "total": 0.014947291027056053,
                            "count": 1,
                            "self": 0.014947291027056053
                        }
                    }
                }
            }
        }
    }
}