{
    "name": "root",
    "metadata": {
        "timer_format_version": "0.1.0",
        "start_time_seconds": "1749194139",
        "python_version": "3.10.2 | packaged by conda-forge | (main, Mar  8 2022, 15:52:47) [Clang 11.1.0 ]",
        "command_line_arguments": "/opt/anaconda3/envs/mlagents/bin/mlagents-learn config/test_config.yaml --run-id=0606_3",
        "mlagents_version": "1.0.0",
        "mlagents_envs_version": "1.0.0",
        "communication_protocol_version": "1.5.0",
        "pytorch_version": "1.13.1",
        "numpy_version": "1.23.1",
        "end_time_seconds": "1749194296"
    },
    "total": 157.16992808299983,
    "count": 1,
    "self": 0.003080541006056592,
    "children": {
        "run_training.setup": {
            "total": 0.011629666994849686,
            "count": 1,
            "self": 0.011629666994849686
        },
        "TrainerController.start_learning": {
            "total": 157.15521787499893,
            "count": 1,
            "self": 0.011807944021711592,
            "children": {
                "TrainerController._reset_env": {
                    "total": 2.82429399999819,
                    "count": 1,
                    "self": 2.82429399999819
                },
                "TrainerController.advance": {
                    "total": 154.2597490149783,
                    "count": 1201,
                    "self": 0.010258998736389913,
                    "children": {
                        "env_step": {
                            "total": 153.79142119306198,
                            "count": 1201,
                            "self": 152.987986887405,
                            "children": {
                                "SubprocessEnvManager._take_step": {
                                    "total": 0.7959166630243999,
                                    "count": 1201,
                                    "self": 0.02185802008898463,
                                    "children": {
                                        "TorchPolicy.evaluate": {
                                            "total": 0.7740586429354153,
                                            "count": 1201,
                                            "self": 0.7740586429354153
                                        }
                                    }
                                },
                                "workers": {
                                    "total": 0.0075176426325924695,
                                    "count": 1200,
                                    "self": 0.0,
                                    "children": {
                                        "worker_root": {
                                            "total": 33.44842578389944,
                                            "count": 1200,
                                            "is_parallel": true,
                                            "self": 1.81845248692116,
                                            "children": {
                                                "steps_from_proto": {
                                                    "total": 0.0006094580021454021,
                                                    "count": 1,
                                                    "is_parallel": true,
                                                    "self": 0.0003468750073807314,
                                                    "children": {
                                                        "_process_rank_one_or_two_observation": {
                                                            "total": 0.00026258299476467073,
                                                            "count": 2,
                                                            "is_parallel": true,
                                                            "self": 0.00026258299476467073
                                                        }
                                                    }
                                                },
                                                "UnityEnvironment.step": {
                                                    "total": 31.629363838976133,
                                                    "count": 1200,
                                                    "is_parallel": true,
                                                    "self": 0.05073917088157032,
                                                    "children": {
                                                        "UnityEnvironment._generate_step_input": {
                                                            "total": 0.035338287059857976,
                                                            "count": 1200,
                                                            "is_parallel": true,
                                                            "self": 0.035338287059857976
                                                        },
                                                        "communicator.exchange": {
                                                            "total": 31.370810596032243,
                                                            "count": 1200,
                                                            "is_parallel": true,
                                                            "self": 31.370810596032243
                                                        },
                                                        "steps_from_proto": {
                                                            "total": 0.17247578500246163,
                                                            "count": 1200,
                                                            "is_parallel": true,
                                                            "self": 0.08725187689560698,
                                                            "children": {
                                                                "_process_rank_one_or_two_observation": {
                                                                    "total": 0.08522390810685465,
                                                                    "count": 2400,
                                                                    "is_parallel": true,
                                                                    "self": 0.08522390810685465
                                                                }
                                                            }
                                                        }
                                                    }
                                                }
                                            }
                                        }
                                    }
                                }
                            }
                        },
                        "trainer_advance": {
                            "total": 0.4580688231799286,
                            "count": 1200,
                            "self": 0.017667791122221388,
                            "children": {
                                "process_trajectory": {
                                    "total": 0.028282907078391872,
                                    "count": 1200,
                                    "self": 0.028282907078391872
                                },
                                "_update_policy": {
                                    "total": 0.4121181249793153,
                                    "count": 9,
                                    "self": 0.05196925283235032,
                                    "children": {
                                        "TorchPPOOptimizer.update": {
                                            "total": 0.360148872146965,
                                            "count": 324,