{
    "name": "root",
    "metadata": {
        "timer_format_version": "0.1.0",
        "start_time_seconds": "1748775273",
        "python_version": "3.10.2 | packaged by conda-forge | (main, Mar  8 2022, 15:52:47) [Clang 11.1.0 ]",
        "command_line_arguments": "/opt/anaconda3/envs/mlagents/bin/mlagents-learn config/test_config.yaml --run-id=branchsize3_0601_014",
        "mlagents_version": "1.0.0",
        "mlagents_envs_version": "1.0.0",
        "communication_protocol_version": "1.5.0",
        "pytorch_version": "1.13.1",
        "numpy_version": "1.23.1",
        "end_time_seconds": "1748775431"
    },
    "total": 158.47437991702463,
    "count": 1,
    "self": 0.0025392500101588666,
    "children": {
        "run_training.setup": {
            "total": 0.011618708027526736,
            "count": 1,
            "self": 0.011618708027526736
        },
        "TrainerController.start_learning": {
            "total": 158.46022195898695,
            "count": 1,
            "self": 0.004612965392880142,
            "children": {
                "TrainerController._reset_env": {
                    "total": 5.4405295419855975,
                    "count": 1,
                    "self": 5.4405295419855975
                },
                "TrainerController.advance": {
                    "total": 152.94467086863006,
                    "count": 401,
                    "self": 0.003961780748795718,
                    "children": {
                        "env_step": {
                            "total": 152.7740617544041,
                            "count": 401,
                            "self": 152.50219624419697,
                            "children": {
                                "SubprocessEnvManager._take_step": {
                                    "total": 0.268947635544464,
                                    "count": 401,
                                    "self": 0.007001260062679648,
                                    "children": {
                                        "TorchPolicy.evaluate": {
                                            "total": 0.26194637548178434,
                                            "count": 401,
                                            "self": 0.26194637548178434
                                        }
                                    }
                                },
                                "workers": {
                                    "total": 0.002917874662671238,
                                    "count": 400,
                                    "self": 0.0,
                                    "children": {
                                        "worker_root": {
                                            "total": 32.44877279625507,
                                            "count": 400,
                                            "is_parallel": true,
                                            "self": 0.6458743059192784,
                                            "children": {
                                                "steps_from_proto": {
                                                    "total": 0.0006005829782225192,
                                                    "count": 1,
                                                    "is_parallel": true,
                                                    "self": 0.00035437499172985554,
                                                    "children": {
                                                        "_process_rank_one_or_two_observation": {
                                                            "total": 0.0002462079864926636,
                                                            "count": 2,
                                                            "is_parallel": true,
                                                            "self": 0.0002462079864926636
                                                        }
                                                    }
                                                },
                                                "UnityEnvironment.step": {
                                                    "total": 31.80229790735757,
                                                    "count": 400,
                                                    "is_parallel": true,
                                                    "self": 0.01785874873166904,
                                                    "children": {
                                                        "UnityEnvironment._generate_step_input": {
                                                            "total": 0.011273996497038752,
                                                            "count": 400,
                                                            "is_parallel": true,
                                                            "self": 0.011273996497038752
                                                        },
                                                        "communicator.exchange": {
                                                            "total": 31.7092542895698,
                                                            "count": 400,
                                                            "is_parallel": true,
                                                            "self": 31.7092542895698
                                                        },
                                                        "steps_from_proto": {
                                                            "total": 0.06391087255906314,
                                                            "count": 400,
                                                            "is_parallel": true,
                                                            "self": 0.0313628459116444,
                                                            "children": {
                                                                "_process_rank_one_or_two_observation": {
                                                                    "total": 0.03254802664741874,
                                                                    "count": 800,
                                                                    "is_parallel": true,
                                                                    "self": 0.03254802664741874
                                                                }
                                                            }
                                                        }
                                                    }
                                                }
                                            }
                                        }
                                    }
                                }
                            }
                        },
                        "trainer_advance": {
                            "total": 0.1666473334771581,
                            "count": 400,
                            "self": 0.005640222108922899,
                            "children": {
                                "process_trajectory": {
                                    "total": 0.010832402447704226,
                                    "count": 400,
                                    "self": 0.010832402447704226
                                },
                                "_update_policy": {
                                    "total": 0.15017470892053097,
                                    "count": 3,
                                    "self": 0.017729673068970442,
                                    "children": {
                                        "TorchPPOOptimizer.update": {
                                            "total": 0.13244503585156053,
                                            "count": 108,