{
    "name": "root",
    "gauges": {
        "Agent.Policy.Entropy.mean": {
            "value": 2.9589481353759766,
            "min": 2.824814558029175,
            "max": 3.0204715728759766,
            "count": 45
        },
        "Agent.Policy.Entropy.sum": {
            "value": 28482.833984375,
            "min": 26665.6953125,
            "max": 31094.890625,
            "count": 45
        },
        "Agent.Environment.EpisodeLength.mean": {
            "value": 1199.0,
            "min": 16.0,
            "max": 1199.0,
            "count": 42
        },
        "Agent.Environment.EpisodeLength.sum": {
            "value": 13189.0,
            "min": 240.0,
            "max": 17985.0,
            "count": 42
        },
        "Agent.Step.mean": {
            "value": 6809964.0,
            "min": 6369980.0,
            "max": 6809964.0,
            "count": 45
        },
        "Agent.Step.sum": {
            "value": 6809964.0,
            "min": 6369980.0,
            "max": 6809964.0,
            "count": 45
        },
        "Agent.Policy.ExtrinsicValueEstimate.mean": {
            "value": 0.42051640152931213,
            "min": 0.26048311591148376,
            "max": 0.879592776298523,
            "count": 45
        },
        "Agent.Policy.ExtrinsicValueEstimate.sum": {
            "value": 66.86210632324219,
            "min": 40.63536834716797,
            "max": 125.78176879882812,
            "count": 45
        },
        "Agent.Environment.CumulativeReward.mean": {
            "value": 5.139091005972163,
            "min": -0.017000000923871994,
            "max": 9.119999947026372,
            "count": 42
        },
        "Agent.Environment.CumulativeReward.sum": {
            "value": 56.530001065693796,
            "min": -0.2550000138580799,
            "max": 111.48600135650486,
            "count": 42
        },
        "Agent.Policy.ExtrinsicReward.mean": {
            "value": 5.139091005972163,
            "min": -0.017000000923871994,
            "max": 9.119999947026372,
            "count": 42
        },
        "Agent.Policy.ExtrinsicReward.sum": {
            "value": 56.530001065693796,
            "min": -0.2550000138580799,
            "max": 111.48600135650486,
            "count": 42
        },
        "Agent.IsTraining.mean": {
            "value": 1.0,
            "min": 1.0,
            "max": 1.0,
            "count": 45
        },
        "Agent.IsTraining.sum": {
            "value": 1.0,
            "min": 1.0,
            "max": 1.0,
            "count": 45
        },
        "Agent.Losses.PolicyLoss.mean": {
            "value": 0.12170418488223933,
            "min": 0.09213529714486665,
            "max": 0.14033807631995943,
            "count": 29
        },
        "Agent.Losses.PolicyLoss.sum": {
            "value": 0.12170418488223933,
            "min": 0.09213529714486665,
            "max": 0.14033807631995943,
            "count": 29
        },
        "Agent.Losses.ValueLoss.mean": {
            "value": 0.023933969789908992,
            "min": 0.014862496504146191,
            "max": 0.03136381550381581,
            "count": 29
        },
        "Agent.Losses.ValueLoss.sum": {
            "value": 0.023933969789908992,
            "min": 0.014862496504146191,
            "max": 0.03136381550381581,
            "count": 29
        },
        "Agent.Policy.LearningRate.mean": {
            "value": 4.489849013545987e-05,
            "min": 4.489849013545987e-05,
            "max": 6.0888468815481164e-05,
            "count": 29
        },
        "Agent.Policy.LearningRate.sum": {
            "value": 4.489849013545987e-05,
            "min": 4.489849013545987e-05,
            "max": 6.0888468815481164e-05,
            "count": 29
        },
        "Agent.Policy.Epsilon.mean": {
            "value": 0.11496613503386496,
            "min": 0.11496613503386496,
            "max": 0.12029612970387031,
            "count": 29
        },
        "Agent.Policy.Epsilon.sum": {
            "value": 0.11496613503386496,
            "min": 0.11496613503386496,
            "max": 0.12029612970387031,
            "count": 29
        },
        "Agent.Policy.Beta.mean": {
            "value": 8.333406166593835e-05,
            "min": 8.333406166593835e-05,
            "max": 0.00010945103554896445,
            "count": 29
        },
        "Agent.Policy.Beta.sum": {
            "value": 8.333406166593835e-05,
            "min": 8.333406166593835e-05,
            "max": 0.00010945103554896445,
            "count": 29
        }
    },
    "metadata": {
        "timer_format_version": "0.1.0",
        "start_time_seconds": "1749689712",
        "python_version": "3.10.2 (tags/v3.10.2:a58ebcc, Jan 17 2022, 14:12:15) [MSC v.1929 64 bit (AMD64)]",
        "command_line_arguments": "C:\\Users\\kang\\AppData\\Local\\Programs\\Python\\Python310\\Scripts\\mlagents-learn C:\\RubbleRumble-seunghee\\config\\test_config.yaml --env=C:\\RubbleRumble\\qwer1\\UnityEnvironment.exe --run-id=qqqqqq --resume --num-envs=15",
        "mlagents_version": "1.0.0",
        "mlagents_envs_version": "1.0.0",
        "communication_protocol_version": "1.5.0",
        "pytorch_version": "1.13.1+cu117",
        "numpy_version": "1.23.1",
        "end_time_seconds": "1749691672"
    },
    "total": 1960.7064003999985,
    "count": 1,
    "self": 10.122764200001257,
    "children": {
        "run_training.setup": {
            "total": 1.3306709000025876,
            "count": 1,
            "self": 1.3306709000025876
        },
        "TrainerController.start_learning": {
            "total": 1949.2529652999947,
            "count": 1,
            "self": 1.4490630941290874,
            "children": {
                "TrainerController._reset_env": {
                    "total": 9.595919900020817,
                    "count": 1,
                    "self": 9.595919900020817
                },
                "TrainerController.advance": {
                    "total": 1937.9947955058597,
                    "count": 33044,
                    "self": 0.6475446055992506,
                    "children": {
                        "env_step": {
                            "total": 1863.8455006011063,
                            "count": 33044,
                            "self": 135.15933569523622,
                            "children": {
                                "SubprocessEnvManager._take_step": {
                                    "total": 1725.9120607027435,
                                    "count": 454248,
                                    "self": 20.62230739009101,
                                    "children": {
                                        "TorchPolicy.evaluate": {
                                            "total": 1705.2897533126525,
                                            "count": 454248,
                                            "self": 1705.2897533126525
                                        }
                                    }
                                },
                                "workers": {
                                    "total": 2.774104203126626,
                                    "count": 33043,
                                    "self": 0.0,
                                    "children": {
                                        "worker_root": {
                                            "total": 29114.03469040472,
                                            "count": 454234,
                                            "is_parallel": true,
                                            "self": 27209.415356290236,
                                            "children": {
                                                "steps_from_proto": {
                                                    "total": 0.005763899942394346,
                                                    "count": 15,