{
    "name": "root",
    "metadata": {
        "timer_format_version": "0.1.0",
        "start_time_seconds": "1748340525",
        "python_version": "3.10.2 | packaged by conda-forge | (main, Mar  8 2022, 15:52:47) [Clang 11.1.0 ]",
        "command_line_arguments": "/opt/anaconda3/envs/mlagents/bin/mlagents-learn config/test_config.yaml --run-id=test0527_3",
        "mlagents_version": "1.0.0",
        "mlagents_envs_version": "1.0.0",
        "communication_protocol_version": "1.5.0",
        "pytorch_version": "1.13.1",
        "numpy_version": "1.23.1",
        "end_time_seconds": "1748340656"
    },
    "total": 131.20690333299717,
    "count": 1,
    "self": 0.0025054159996216185,
    "children": {
        "run_training.setup": {
            "total": 0.011378124996554106,
            "count": 1,
            "self": 0.011378124996554106
        },
        "TrainerController.start_learning": {
            "total": 131.193019792001,
            "count": 1,
            "self": 0.002363250001508277,
            "children": {
                "TrainerController._reset_env": {
                    "total": 8.336129333998542,
                    "count": 1,
                    "self": 8.336129333998542
                },
                "TrainerController.advance": {
                    "total": 122.78264795799623,
                    "count": 210,
                    "self": 0.0019555449835024774,
                    "children": {
                        "env_step": {
                            "total": 122.7109789150054,
                            "count": 210,
                            "self": 122.57591311205033,
                            "children": {
                                "SubprocessEnvManager._take_step": {
                                    "total": 0.1339167549740523,
                                    "count": 210,
                                    "self": 0.0035040479706367478,
                                    "children": {
                                        "TorchPolicy.evaluate": {
                                            "total": 0.13041270700341556,
                                            "count": 210,
                                            "self": 0.13041270700341556
                                        }
                                    }
                                },
                                "workers": {
                                    "total": 0.0011490479810163379,
                                    "count": 209,
                                    "self": 0.0,
                                    "children": {
                                        "worker_root": {
                                            "total": 2.307514875967172,
                                            "count": 209,
                                            "is_parallel": true,
                                            "self": 0.30508565996569814,
                                            "children": {
                                                "steps_from_proto": {
                                                    "total": 0.00048066599993035197,
                                                    "count": 1,
                                                    "is_parallel": true,
                                                    "self": 0.00028841600578743964,
                                                    "children": {
                                                        "_process_rank_one_or_two_observation": {
                                                            "total": 0.00019224999414291233,
                                                            "count": 2,
                                                            "is_parallel": true,
                                                            "self": 0.00019224999414291233
                                                        }
                                                    }
                                                },
                                                "UnityEnvironment.step": {
                                                    "total": 2.0019485500015435,
                                                    "count": 209,
                                                    "is_parallel": true,
                                                    "self": 0.007109225924068596,
                                                    "children": {
                                                        "UnityEnvironment._generate_step_input": {
                                                            "total": 0.005699865068891086,
                                                            "count": 209,
                                                            "is_parallel": true,
                                                            "self": 0.005699865068891086
                                                        },
                                                        "communicator.exchange": {
                                                            "total": 1.964246210998681,
                                                            "count": 209,
                                                            "is_parallel": true,
                                                            "self": 1.964246210998681
                                                        },
                                                        "steps_from_proto": {
                                                            "total": 0.02489324800990289,
                                                            "count": 209,
                                                            "is_parallel": true,
                                                            "self": 0.012844165008573327,
                                                            "children": {
                                                                "_process_rank_one_or_two_observation": {
                                                                    "total": 0.012049083001329564,
                                                                    "count": 418,
                                                                    "is_parallel": true,
                                                                    "self": 0.012049083001329564
                                                                }
                                                            }
                                                        }
                                                    }
                                                }
                                            }
                                        }
                                    }
                                }
                            }
                        },
                        "trainer_advance": {
                            "total": 0.06971349800733151,
                            "count": 209,
                            "self": 0.0025437889926251955,
                            "children": {
                                "process_trajectory": {
                                    "total": 0.005697709013475105,
                                    "count": 209,
                                    "self": 0.005697709013475105
                                },
                                "_update_policy": {
                                    "total": 0.06147200000123121,
                                    "count": 1,
                                    "self": 0.006534663989441469,
                                    "children": {
                                        "TorchPPOOptimizer.update": {
                                            "total": 0.05493733601178974,
                                            "count": 36,