{
    "name": "root",
    "metadata": {
        "timer_format_version": "0.1.0",
        "start_time_seconds": "1748788168",
        "python_version": "3.10.2 | packaged by conda-forge | (main, Mar  8 2022, 15:52:47) [Clang 11.1.0 ]",
        "command_line_arguments": "/opt/anaconda3/envs/mlagents/bin/mlagents-learn config/test_config.yaml --run-id=branchsize3_0601_034",
        "mlagents_version": "1.0.0",
        "mlagents_envs_version": "1.0.0",
        "communication_protocol_version": "1.5.0",
        "pytorch_version": "1.13.1",
        "numpy_version": "1.23.1",
        "end_time_seconds": "1748788224"
    },
    "total": 55.823811707959976,
    "count": 1,
    "self": 0.0025890410179272294,
    "children": {
        "run_training.setup": {
            "total": 0.015302874962799251,
            "count": 1,
            "self": 0.015302874962799251
        },
        "TrainerController.start_learning": {
            "total": 55.80591979197925,
            "count": 1,
            "self": 0.007045015867333859,
            "children": {
                "TrainerController._reset_env": {
                    "total": 3.819134125020355,
                    "count": 1,
                    "self": 3.819134125020355
                },
                "TrainerController.advance": {
                    "total": 51.920259068137966,
                    "count": 490,
                    "self": 0.004970640409737825,
                    "children": {
                        "env_step": {
                            "total": 51.73472046083771,
                            "count": 490,
                            "self": 51.35722835722845,
                            "children": {
                                "SubprocessEnvManager._take_step": {
                                    "total": 0.3739261358859949,
                                    "count": 490,
                                    "self": 0.00895883480552584,
                                    "children": {
                                        "TorchPolicy.evaluate": {
                                            "total": 0.36496730108046904,
                                            "count": 490,
                                            "self": 0.36496730108046904
                                        }
                                    }
                                },
                                "workers": {
                                    "total": 0.003565967723261565,
                                    "count": 489,
                                    "self": 0.0,
                                    "children": {
                                        "worker_root": {
                                            "total": 15.848646788974293,
                                            "count": 489,
                                            "is_parallel": true,
                                            "self": 0.8320569762727246,
                                            "children": {
                                                "steps_from_proto": {
                                                    "total": 0.00035262497840449214,
                                                    "count": 1,
                                                    "is_parallel": true,
                                                    "self": 0.00019754096865653992,
                                                    "children": {
                                                        "_process_rank_one_or_two_observation": {
                                                            "total": 0.00015508400974795222,
                                                            "count": 2,
                                                            "is_parallel": true,
                                                            "self": 0.00015508400974795222
                                                        }
                                                    }
                                                },
                                                "UnityEnvironment.step": {
                                                    "total": 15.016237187723164,
                                                    "count": 489,
                                                    "is_parallel": true,
                                                    "self": 0.021707571228034794,
                                                    "children": {
                                                        "UnityEnvironment._generate_step_input": {
                                                            "total": 0.014692088239826262,
                                                            "count": 489,
                                                            "is_parallel": true,
                                                            "self": 0.014692088239826262
                                                        },
                                                        "communicator.exchange": {
                                                            "total": 14.903453460603487,
                                                            "count": 489,
                                                            "is_parallel": true,
                                                            "self": 14.903453460603487
                                                        },
                                                        "steps_from_proto": {
                                                            "total": 0.07638406765181571,
                                                            "count": 489,
                                                            "is_parallel": true,
                                                            "self": 0.037733902456238866,
                                                            "children": {
                                                                "_process_rank_one_or_two_observation": {
                                                                    "total": 0.03865016519557685,
                                                                    "count": 978,
                                                                    "is_parallel": true,
                                                                    "self": 0.03865016519557685
                                                                }
                                                            }
                                                        }
                                                    }
                                                }
                                            }
                                        }
                                    }
                                }
                            }
                        },
                        "trainer_advance": {
                            "total": 0.18056796689052135,
                            "count": 489,
                            "self": 0.007924003119114786,
                            "children": {
                                "process_trajectory": {
                                    "total": 0.013473547820467502,
                                    "count": 489,
                                    "self": 0.013473547820467502
                                },
                                "_update_policy": {
                                    "total": 0.15917041595093906,
                                    "count": 3,
                                    "self": 0.018076410051435232,
                                    "children": {
                                        "TorchPPOOptimizer.update": {
                                            "total": 0.14109400589950383,
                                            "count": 108,