{
    "name": "root",
    "metadata": {
        "timer_format_version": "0.1.0",
        "start_time_seconds": "1749394107",
        "python_version": "3.10.2 | packaged by conda-forge | (main, Mar  8 2022, 15:52:47) [Clang 11.1.0 ]",
        "command_line_arguments": "/opt/anaconda3/envs/mlagents/bin/mlagents-learn config/test_config2.yaml --run-id=0608_17",
        "mlagents_version": "1.0.0",
        "mlagents_envs_version": "1.0.0",
        "communication_protocol_version": "1.5.0",
        "pytorch_version": "1.13.1",
        "numpy_version": "1.23.1",
        "end_time_seconds": "1749394288"
    },
    "total": 180.59062841601553,
    "count": 1,
    "self": 0.0024630000407341868,
    "children": {
        "run_training.setup": {
            "total": 0.013401374977547675,
            "count": 1,
            "self": 0.013401374977547675
        },
        "TrainerController.start_learning": {
            "total": 180.57476404099725,
            "count": 1,
            "self": 0.037549197499174625,
            "children": {
                "TrainerController._reset_env": {
                    "total": 3.1976019160065334,
                    "count": 1,
                    "self": 3.1976019160065334
                },
                "TrainerController.advance": {
                    "total": 177.2413026354916,
                    "count": 3663,
                    "self": 0.03414167958544567,
                    "children": {
                        "env_step": {
                            "total": 176.40592713202932,
                            "count": 3663,
                            "self": 173.5279723885469,
                            "children": {
                                "SubprocessEnvManager._take_step": {
                                    "total": 2.853591732273344,
                                    "count": 3663,
                                    "self": 0.07264480533194728,
                                    "children": {
                                        "TorchPolicy.evaluate": {
                                            "total": 2.7809469269413967,
                                            "count": 3660,
                                            "self": 2.7809469269413967
                                        }
                                    }
                                },
                                "workers": {
                                    "total": 0.02436301120906137,
                                    "count": 3662,
                                    "self": 0.0,
                                    "children": {
                                        "worker_root": {
                                            "total": 116.70777822102536,
                                            "count": 3662,
                                            "is_parallel": true,
                                            "self": 5.390475539054023,
                                            "children": {
                                                "steps_from_proto": {
                                                    "total": 0.0005998749984428287,
                                                    "count": 1,
                                                    "is_parallel": true,
                                                    "self": 0.0003049990045838058,
                                                    "children": {
                                                        "_process_rank_one_or_two_observation": {
                                                            "total": 0.00029487599385902286,
                                                            "count": 2,
                                                            "is_parallel": true,
                                                            "self": 0.00029487599385902286
                                                        }
                                                    }
                                                },
                                                "UnityEnvironment.step": {
                                                    "total": 111.3167028069729,
                                                    "count": 3662,
                                                    "is_parallel": true,
                                                    "self": 0.15319615456974134,
                                                    "children": {
                                                        "UnityEnvironment._generate_step_input": {
                                                            "total": 0.10148066241526976,
                                                            "count": 3662,
                                                            "is_parallel": true,
                                                            "self": 0.10148066241526976
                                                        },
                                                        "communicator.exchange": {
                                                            "total": 110.53938115207711,
                                                            "count": 3662,
                                                            "is_parallel": true,
                                                            "self": 110.53938115207711
                                                        },
                                                        "steps_from_proto": {
                                                            "total": 0.5226448379107751,
                                                            "count": 3662,
                                                            "is_parallel": true,
                                                            "self": 0.25951507725403644,
                                                            "children": {
                                                                "_process_rank_one_or_two_observation": {
                                                                    "total": 0.26312976065673865,
                                                                    "count": 7324,
                                                                    "is_parallel": true,
                                                                    "self": 0.26312976065673865
                                                                }
                                                            }
                                                        }
                                                    }
                                                }
                                            }
                                        }
                                    }
                                }
                            }
                        },
                        "trainer_advance": {
                            "total": 0.801233823876828,
                            "count": 3662,
                            "self": 0.053183463984169066,
                            "children": {
                                "process_trajectory": {
                                    "total": 0.1604831518488936,
                                    "count": 3662,
                                    "self": 0.1604831518488936
                                },
                                "_update_policy": {
                                    "total": 0.5875672080437653,
                                    "count": 3,
                                    "self": 0.015052621020004153,
                                    "children": {
                                        "TorchPPOOptimizer.update": {
                                            "total": 0.5725145870237611,
                                            "count": 72,