{
    "name": "root",
    "metadata": {
        "timer_format_version": "0.1.0",
        "start_time_seconds": "1748777110",
        "python_version": "3.10.2 | packaged by conda-forge | (main, Mar  8 2022, 15:52:47) [Clang 11.1.0 ]",
        "command_line_arguments": "/opt/anaconda3/envs/mlagents/bin/mlagents-learn config/test_config.yaml --run-id=branchsize3_0601_017",
        "mlagents_version": "1.0.0",
        "mlagents_envs_version": "1.0.0",
        "communication_protocol_version": "1.5.0",
        "pytorch_version": "1.13.1",
        "numpy_version": "1.23.1",
        "end_time_seconds": "1748777195"
    },
    "total": 84.92622799996752,
    "count": 1,
    "self": 0.0024403329589404166,
    "children": {
        "run_training.setup": {
            "total": 0.0123784170136787,
            "count": 1,
            "self": 0.0123784170136787
        },
        "TrainerController.start_learning": {
            "total": 84.9114092499949,
            "count": 1,
            "self": 0.005642503034323454,
            "children": {
                "TrainerController._reset_env": {
                    "total": 3.179877208021935,
                    "count": 1,
                    "self": 3.179877208021935
                },
                "TrainerController.advance": {
                    "total": 81.66729707992636,
                    "count": 401,
                    "self": 0.004129332606680691,
                    "children": {
                        "env_step": {
                            "total": 81.49768891278654,
                            "count": 401,
                            "self": 81.19934603082947,
                            "children": {
                                "SubprocessEnvManager._take_step": {
                                    "total": 0.2955733804847114,
                                    "count": 401,
                                    "self": 0.007569541165139526,
                                    "children": {
                                        "TorchPolicy.evaluate": {
                                            "total": 0.28800383931957185,
                                            "count": 401,
                                            "self": 0.28800383931957185
                                        }
                                    }
                                },
                                "workers": {
                                    "total": 0.0027695014723576605,
                                    "count": 400,
                                    "self": 0.0,
                                    "children": {
                                        "worker_root": {
                                            "total": 39.302025461685844,
                                            "count": 400,
                                            "is_parallel": true,
                                            "self": 0.6679355393862352,
                                            "children": {
                                                "steps_from_proto": {
                                                    "total": 0.0004202909767627716,
                                                    "count": 1,
                                                    "is_parallel": true,
                                                    "self": 0.00023520796094089746,
                                                    "children": {
                                                        "_process_rank_one_or_two_observation": {
                                                            "total": 0.00018508301582187414,
                                                            "count": 2,
                                                            "is_parallel": true,
                                                            "self": 0.00018508301582187414
                                                        }
                                                    }
                                                },
                                                "UnityEnvironment.step": {
                                                    "total": 38.633669631322846,
                                                    "count": 400,
                                                    "is_parallel": true,
                                                    "self": 0.017245192837435752,
                                                    "children": {
                                                        "UnityEnvironment._generate_step_input": {
                                                            "total": 0.01201798883266747,
                                                            "count": 400,
                                                            "is_parallel": true,
                                                            "self": 0.01201798883266747
                                                        },
                                                        "communicator.exchange": {
                                                            "total": 38.54428665933665,
                                                            "count": 400,
                                                            "is_parallel": true,
                                                            "self": 38.54428665933665
                                                        },
                                                        "steps_from_proto": {
                                                            "total": 0.06011979031609371,
                                                            "count": 400,
                                                            "is_parallel": true,
                                                            "self": 0.030182259564753622,
                                                            "children": {
                                                                "_process_rank_one_or_two_observation": {
                                                                    "total": 0.02993753075134009,
                                                                    "count": 800,
                                                                    "is_parallel": true,
                                                                    "self": 0.02993753075134009
                                                                }
                                                            }
                                                        }
                                                    }
                                                }
                                            }
                                        }
                                    }
                                }
                            }
                        },
                        "trainer_advance": {
                            "total": 0.1654788345331326,
                            "count": 400,
                            "self": 0.005787501635495573,
                            "children": {
                                "process_trajectory": {
                                    "total": 0.009962457872461528,
                                    "count": 400,
                                    "self": 0.009962457872461528
                                },
                                "_update_policy": {
                                    "total": 0.1497288750251755,
                                    "count": 3,
                                    "self": 0.017595709883607924,
                                    "children": {
                                        "TorchPPOOptimizer.update": {
                                            "total": 0.1321331651415676,
                                            "count": 108,