{
    "name": "root",
    "metadata": {
        "timer_format_version": "0.1.0",
        "start_time_seconds": "1749279653",
        "python_version": "3.10.2 | packaged by conda-forge | (main, Mar  8 2022, 15:52:47) [Clang 11.1.0 ]",
        "command_line_arguments": "/opt/anaconda3/envs/mlagents/bin/mlagents-learn config/test_config.yaml --run-id=0607_1",
        "mlagents_version": "1.0.0",
        "mlagents_envs_version": "1.0.0",
        "communication_protocol_version": "1.5.0",
        "pytorch_version": "1.13.1",
        "numpy_version": "1.23.1",
        "end_time_seconds": "1749279679"
    },
    "total": 26.152295541993226,
    "count": 1,
    "self": 10.002478583992342,
    "children": {
        "run_training.setup": {
            "total": 0.013159207999706268,
            "count": 1,
            "self": 0.013159207999706268
        },
        "TrainerController.start_learning": {
            "total": 16.136657750001177,
            "count": 1,
            "self": 0.00020187301561236382,
            "children": {
                "TrainerController._reset_env": {
                    "total": 3.263239332998637,
                    "count": 1,
                    "self": 3.263239332998637
                },
                "TrainerController.advance": {
                    "total": 12.820978250994813,
                    "count": 7,
                    "self": 0.000150956999277696,
                    "children": {
                        "env_step": {
                            "total": 12.820698418989195,
                            "count": 7,
                            "self": 12.792090168979485,
                            "children": {
                                "SubprocessEnvManager._take_step": {
                                    "total": 0.02855504101898987,
                                    "count": 8,
                                    "self": 0.0003544980281731114,
                                    "children": {
                                        "TorchPolicy.evaluate": {
                                            "total": 0.028200542990816757,
                                            "count": 8,
                                            "self": 0.028200542990816757
                                        }
                                    }
                                },
                                "workers": {
                                    "total": 5.3208990721032023e-05,
                                    "count": 6,
                                    "self": 0.0,
                                    "children": {
                                        "worker_root": {
                                            "total": 0.09124400198925287,
                                            "count": 6,
                                            "is_parallel": true,
                                            "self": 0.06552033500338439,
                                            "children": {
                                                "steps_from_proto": {
                                                    "total": 0.0017860839870991185,
                                                    "count": 2,
                                                    "is_parallel": true,
                                                    "self": 0.0009277089848183095,
                                                    "children": {
                                                        "_process_rank_one_or_two_observation": {
                                                            "total": 0.000858375002280809,
                                                            "count": 4,
                                                            "is_parallel": true,
                                                            "self": 0.000858375002280809
                                                        }
                                                    }
                                                },
                                                "UnityEnvironment.step": {
                                                    "total": 0.023937582998769358,
                                                    "count": 6,
                                                    "is_parallel": true,
                                                    "self": 0.0002867910225177184,
                                                    "children": {
                                                        "UnityEnvironment._generate_step_input": {
                                                            "total": 0.0004237089742673561,
                                                            "count": 6,
                                                            "is_parallel": true,
                                                            "self": 0.0004237089742673561
                                                        },
                                                        "communicator.exchange": {
                                                            "total": 0.022283958023763262,
                                                            "count": 6,
                                                            "is_parallel": true,
                                                            "self": 0.022283958023763262
                                                        },
                                                        "steps_from_proto": {
                                                            "total": 0.0009431249782210216,
                                                            "count": 6,
                                                            "is_parallel": true,
                                                            "self": 0.0005674159619957209,
                                                            "children": {
                                                                "_process_rank_one_or_two_observation": {
                                                                    "total": 0.00037570901622530073,
                                                                    "count": 12,
                                                                    "is_parallel": true,
                                                                    "self": 0.00037570901622530073
                                                                }
                                                            }
                                                        }
                                                    }
                                                }
                                            }
                                        }
                                    }
                                }
                            }
                        },
                        "trainer_advance": {
                            "total": 0.00012887500633951277,
                            "count": 6,
                            "self": 8.754200825933367e-05,
                            "children": {
                                "process_trajectory": {
                                    "total": 4.1332998080179095e-05,
                                    "count": 6,
                                    "self": 4.1332998080179095e-05
                                }
                            }
                        }
                    }
                },
                "trainer_threads": {
                    "total": 4.5899651013314724e-07,
                    "count": 1,
                    "self": 4.5899651013314724e-07
                },
                "TrainerController._save_models": {
                    "total": 0.05223783399560489,
                    "count": 1,
                    "self": 0.0003238339995732531,