{
    "name": "root",
    "metadata": {
        "timer_format_version": "0.1.0",
        "start_time_seconds": "1748760782",
        "python_version": "3.10.2 | packaged by conda-forge | (main, Mar  8 2022, 15:52:47) [Clang 11.1.0 ]",
        "command_line_arguments": "/opt/anaconda3/envs/mlagents/bin/mlagents-learn config/test_config.yaml --run-id=branchsize3_0601_011",
        "mlagents_version": "1.0.0",
        "mlagents_envs_version": "1.0.0",
        "communication_protocol_version": "1.5.0",
        "pytorch_version": "1.13.1",
        "numpy_version": "1.23.1",
        "end_time_seconds": "1748760823"
    },
    "total": 40.362000124994665,
    "count": 1,
    "self": 0.002485708042513579,
    "children": {
        "run_training.setup": {
            "total": 0.012624416965991259,
            "count": 1,
            "self": 0.012624416965991259
        },
        "TrainerController.start_learning": {
            "total": 40.34688999998616,
            "count": 1,
            "self": 0.011750433302950114,
            "children": {
                "TrainerController._reset_env": {
                    "total": 2.8701057920116,
                    "count": 1,
                    "self": 2.8701057920116
                },
                "TrainerController.advance": {
                    "total": 37.40673231566325,
                    "count": 960,
                    "self": 0.00972410972462967,
                    "children": {
                        "env_step": {
                            "total": 37.03662375046406,
                            "count": 960,
                            "self": 36.36744397843722,
                            "children": {
                                "SubprocessEnvManager._take_step": {
                                    "total": 0.6622147392481565,
                                    "count": 960,
                                    "self": 0.0164987999596633,
                                    "children": {
                                        "TorchPolicy.evaluate": {
                                            "total": 0.6457159392884932,
                                            "count": 960,
                                            "self": 0.6457159392884932
                                        }
                                    }
                                },
                                "workers": {
                                    "total": 0.0069650327786803246,
                                    "count": 959,
                                    "self": 0.0,
                                    "children": {
                                        "worker_root": {
                                            "total": 26.714833640202414,
                                            "count": 959,
                                            "is_parallel": true,
                                            "self": 1.5014060430694371,
                                            "children": {
                                                "steps_from_proto": {
                                                    "total": 0.0008040000102482736,
                                                    "count": 1,
                                                    "is_parallel": true,
                                                    "self": 0.0004134589689783752,
                                                    "children": {
                                                        "_process_rank_one_or_two_observation": {
                                                            "total": 0.0003905410412698984,
                                                            "count": 2,
                                                            "is_parallel": true,
                                                            "self": 0.0003905410412698984
                                                        }
                                                    }
                                                },
                                                "UnityEnvironment.step": {
                                                    "total": 25.21262359712273,
                                                    "count": 959,
                                                    "is_parallel": true,
                                                    "self": 0.039750594238284975,
                                                    "children": {
                                                        "UnityEnvironment._generate_step_input": {
                                                            "total": 0.025725984596647322,
                                                            "count": 959,
                                                            "is_parallel": true,
                                                            "self": 0.025725984596647322
                                                        },
                                                        "communicator.exchange": {
                                                            "total": 25.006509300903417,
                                                            "count": 959,
                                                            "is_parallel": true,
                                                            "self": 25.006509300903417
                                                        },
                                                        "steps_from_proto": {
                                                            "total": 0.14063771738437936,
                                                            "count": 959,
                                                            "is_parallel": true,
                                                            "self": 0.06914047914324328,
                                                            "children": {
                                                                "_process_rank_one_or_two_observation": {
                                                                    "total": 0.07149723824113607,
                                                                    "count": 1918,
                                                                    "is_parallel": true,
                                                                    "self": 0.07149723824113607
                                                                }
                                                            }
                                                        }
                                                    }
                                                }
                                            }
                                        }
                                    }
                                }
                            }
                        },
                        "trainer_advance": {
                            "total": 0.3603844554745592,
                            "count": 959,
                            "self": 0.015175367938354611,
                            "children": {
                                "process_trajectory": {
                                    "total": 0.023231796571053565,
                                    "count": 959,
                                    "self": 0.023231796571053565
                                },
                                "_update_policy": {
                                    "total": 0.32197729096515104,
                                    "count": 7,
                                    "self": 0.03923686873167753,
                                    "children": {
                                        "TorchPPOOptimizer.update": {
                                            "total": 0.2827404222334735,
                                            "count": 252,