{
    "name": "root",
    "gauges": {
        "Agent.Policy.Entropy.mean": {
            "value": 2.847158193588257,
            "min": 2.847158193588257,
            "max": 3.475867509841919,
            "count": 2
        },
        "Agent.Policy.Entropy.sum": {
            "value": 28471.58203125,
            "min": 28471.58203125,
            "max": 34817.765625,
            "count": 2
        },
        "Agent.Environment.EpisodeLength.mean": {
            "value": 499.0,
            "min": 476.0,
            "max": 499.0,
            "count": 2
        },
        "Agent.Environment.EpisodeLength.sum": {
            "value": 9980.0,
            "min": 9980.0,
            "max": 9996.0,
            "count": 2
        },
        "Agent.Step.mean": {
            "value": 19965.0,
            "min": 9965.0,
            "max": 19965.0,
            "count": 2
        },
        "Agent.Step.sum": {
            "value": 19965.0,
            "min": 9965.0,
            "max": 19965.0,
            "count": 2
        },
        "Agent.Policy.ExtrinsicValueEstimate.mean": {
            "value": 35.01771926879883,
            "min": 35.01771926879883,
            "max": 37.317901611328125,
            "count": 2
        },
        "Agent.Policy.ExtrinsicValueEstimate.sum": {
            "value": 5602.8349609375,
            "min": 5602.8349609375,
            "max": 5970.8642578125,
            "count": 2
        },
        "Agent.Environment.CumulativeReward.mean": {
            "value": 231.36752500757575,
            "min": 186.2401991153136,
            "max": 231.36752500757575,
            "count": 2
        },
        "Agent.Environment.CumulativeReward.sum": {
            "value": 4627.350500151515,
            "min": 3724.803982306272,
            "max": 4627.350500151515,
            "count": 2
        },
        "Agent.Policy.ExtrinsicReward.mean": {
            "value": 231.36752500757575,
            "min": 186.2401991153136,
            "max": 231.36752500757575,
            "count": 2
        },
        "Agent.Policy.ExtrinsicReward.sum": {
            "value": 4627.350500151515,
            "min": 3724.803982306272,
            "max": 4627.350500151515,
            "count": 2
        },
        "Agent.Losses.PolicyLoss.mean": {
            "value": 0.24714232780843498,
            "min": 0.24523462903042567,
            "max": 0.24714232780843498,
            "count": 2
        },
        "Agent.Losses.PolicyLoss.sum": {
            "value": 19.7713862246748,
            "min": 19.37353569340363,
            "max": 19.7713862246748,
            "count": 2
        },
        "Agent.Losses.ValueLoss.mean": {
            "value": 662.7901154933211,
            "min": 642.0626504595883,
            "max": 662.7901154933211,
            "count": 2
        },
        "Agent.Losses.ValueLoss.sum": {
            "value": 53023.20923946569,
            "min": 50722.94938630748,
            "max": 53023.20923946569,
            "count": 2
        },
        "Agent.Policy.LearningRate.mean": {
            "value": 0.0002910246029918,
            "min": 0.0002910246029918,
            "max": 0.0002969870668270962,
            "count": 2
        },
        "Agent.Policy.LearningRate.sum": {
            "value": 0.023281968239344,
            "min": 0.023281968239344,
            "max": 0.023461978279340597,
            "count": 2
        },
        "Agent.Policy.Epsilon.mean": {
            "value": 0.19700820000000002,
            "min": 0.19700820000000002,
            "max": 0.19899568860759498,
            "count": 2
        },
        "Agent.Policy.Epsilon.sum": {
            "value": 15.760656,
            "min": 15.720659400000002,
            "max": 15.760656,
            "count": 2
        },
        "Agent.Policy.Beta.mean": {
            "value": 0.0005000000000000001,
            "min": 0.0005000000000000001,
            "max": 0.0005000000000000001,
            "count": 2
        },
        "Agent.Policy.Beta.sum": {
            "value": 0.04000000000000001,
            "min": 0.03950000000000001,
            "max": 0.04000000000000001,
            "count": 2
        },
        "Agent.IsTraining.mean": {
            "value": 1.0,
            "min": 1.0,
            "max": 1.0,
            "count": 2
        },
        "Agent.IsTraining.sum": {
            "value": 1.0,
            "min": 1.0,
            "max": 1.0,
            "count": 2
        }
    },
    "metadata": {
        "timer_format_version": "0.1.0",
        "start_time_seconds": "1748725729",
        "python_version": "3.10.2 (tags/v3.10.2:a58ebcc, Jan 17 2022, 14:12:15) [MSC v.1929 64 bit (AMD64)]",
        "command_line_arguments": "C:\\Users\\kang\\AppData\\Local\\Programs\\Python\\Python310\\Scripts\\mlagents-learn config/test_config.yaml --run-id=test12345",
        "mlagents_version": "1.0.0",
        "mlagents_envs_version": "1.0.0",
        "communication_protocol_version": "1.5.0",
        "pytorch_version": "1.13.1+cu117",
        "numpy_version": "1.23.1",
        "end_time_seconds": "1748726350"
    },
    "total": 620.8497298000002,
    "count": 1,
    "self": 0.004770699997607153,
    "children": {
        "run_training.setup": {
            "total": 0.06621879999875091,
            "count": 1,
            "self": 0.06621879999875091
        },
        "TrainerController.start_learning": {
            "total": 620.7787403000038,
            "count": 1,
            "self": 0.36965670012432383,
            "children": {
                "TrainerController._reset_env": {
                    "total": 6.50654239999858,
                    "count": 1,
                    "self": 6.50654239999858
                },
                "TrainerController.advance": {
                    "total": 613.821130499884,
                    "count": 24435,
                    "self": 0.3178931990696583,
                    "children": {
                        "env_step": {
                            "total": 564.0436040004206,
                            "count": 24435,
                            "self": 509.09706020031444,
                            "children": {
                                "SubprocessEnvManager._take_step": {
                                    "total": 54.70188509959553,
                                    "count": 24435,
                                    "self": 0.8371733004023554,
                                    "children": {
                                        "TorchPolicy.evaluate": {
                                            "total": 53.864711799193174,
                                            "count": 24435,
                                            "self": 53.864711799193174
                                        }
                                    }
                                },
                                "workers": {
                                    "total": 0.24465870051062666,
                                    "count": 24434,
                                    "self": 0.0,
                                    "children": {
                                        "worker_root": {
                                            "total": 551.6453044001973,
                                            "count": 24434,
                                            "is_parallel": true,
                                            "self": 121.82822779945127,
                                            "children": {
                                                "steps_from_proto": {
                                                    "total": 0.0003175999954692088,
                                                    "count": 1,
                                                    "is_parallel": true,
                                                    "self": 0.00018769999587675557,