{
    "name": "root",
    "metadata": {
        "timer_format_version": "0.1.0",
        "start_time_seconds": "1749563548",
        "python_version": "3.10.2 | packaged by conda-forge | (main, Mar  8 2022, 15:52:47) [Clang 11.1.0 ]",
        "command_line_arguments": "/opt/anaconda3/envs/mlagents/bin/mlagents-learn config/test_config2.yaml --run-id=06010_4",
        "mlagents_version": "1.0.0",
        "mlagents_envs_version": "1.0.0",
        "communication_protocol_version": "1.5.0",
        "pytorch_version": "1.13.1",
        "numpy_version": "1.23.1",
        "end_time_seconds": "1749563628"
    },
    "total": 80.06656204198953,
    "count": 1,
    "self": 0.0021989999804645777,
    "children": {
        "run_training.setup": {
            "total": 0.011703542026225477,
            "count": 1,
            "self": 0.011703542026225477
        },
        "TrainerController.start_learning": {
            "total": 80.05265949998284,
            "count": 1,
            "self": 0.01294809888349846,
            "children": {
                "TrainerController._reset_env": {
                    "total": 7.246412291016895,
                    "count": 1,
                    "self": 7.246412291016895
                },
                "TrainerController.advance": {
                    "total": 72.70898031810066,
                    "count": 1169,
                    "self": 0.010720361489802599,
                    "children": {
                        "env_step": {
                            "total": 72.43354418489616,
                            "count": 1169,
                            "self": 71.51447632629424,
                            "children": {
                                "SubprocessEnvManager._take_step": {
                                    "total": 0.9116998256067745,
                                    "count": 1169,
                                    "self": 0.02291844633873552,
                                    "children": {
                                        "TorchPolicy.evaluate": {
                                            "total": 0.888781379268039,
                                            "count": 1169,
                                            "self": 0.888781379268039
                                        }
                                    }
                                },
                                "workers": {
                                    "total": 0.007368032995145768,
                                    "count": 1168,
                                    "self": 0.0,
                                    "children": {
                                        "worker_root": {
                                            "total": 35.3565131482319,
                                            "count": 1168,
                                            "is_parallel": true,
                                            "self": 1.727333141141571,
                                            "children": {
                                                "steps_from_proto": {
                                                    "total": 0.00038191705243662,
                                                    "count": 1,
                                                    "is_parallel": true,
                                                    "self": 0.00018595904111862183,
                                                    "children": {
                                                        "_process_rank_one_or_two_observation": {
                                                            "total": 0.00019595801131799817,
                                                            "count": 2,
                                                            "is_parallel": true,
                                                            "self": 0.00019595801131799817
                                                        }
                                                    }
                                                },
                                                "UnityEnvironment.step": {
                                                    "total": 33.62879809003789,
                                                    "count": 1168,
                                                    "is_parallel": true,
                                                    "self": 0.05108659656252712,
                                                    "children": {
                                                        "UnityEnvironment._generate_step_input": {
                                                            "total": 0.03300521423807368,
                                                            "count": 1168,
                                                            "is_parallel": true,
                                                            "self": 0.03300521423807368
                                                        },
                                                        "communicator.exchange": {
                                                            "total": 33.368756278126966,
                                                            "count": 1168,
                                                            "is_parallel": true,
                                                            "self": 33.368756278126966
                                                        },
                                                        "steps_from_proto": {
                                                            "total": 0.17595000111032277,
                                                            "count": 1168,
                                                            "is_parallel": true,
                                                            "self": 0.08334267372265458,
                                                            "children": {
                                                                "_process_rank_one_or_two_observation": {
                                                                    "total": 0.09260732738766819,
                                                                    "count": 2336,
                                                                    "is_parallel": true,
                                                                    "self": 0.09260732738766819
                                                                }
                                                            }
                                                        }
                                                    }
                                                }
                                            }
                                        }
                                    }
                                }
                            }
                        },
                        "trainer_advance": {
                            "total": 0.2647157717146911,
                            "count": 1168,
                            "self": 0.017039896396454424,
                            "children": {
                                "process_trajectory": {
                                    "total": 0.0459812093176879,
                                    "count": 1168,
                                    "self": 0.0459812093176879
                                },
                                "_update_policy": {
                                    "total": 0.20169466600054875,
                                    "count": 1,
                                    "self": 0.0045608297805301845,
                                    "children": {
                                        "TorchPPOOptimizer.update": {
                                            "total": 0.19713383622001857,
                                            "count": 24,