{
    "name": "root",
    "metadata": {
        "timer_format_version": "0.1.0",
        "start_time_seconds": "1748777917",
        "python_version": "3.10.2 (tags/v3.10.2:a58ebcc, Jan 17 2022, 14:12:15) [MSC v.1929 64 bit (AMD64)]",
        "command_line_arguments": "C:\\Users\\kang\\AppData\\Local\\Programs\\Python\\Python310\\Scripts\\mlagents-learn config/test_config.yaml --run-id=test0529_204647",
        "mlagents_version": "1.0.0",
        "mlagents_envs_version": "1.0.0",
        "communication_protocol_version": "1.5.0",
        "pytorch_version": "1.13.1+cu117",
        "numpy_version": "1.23.1",
        "end_time_seconds": "1748777953"
    },
    "total": 35.61273640000218,
    "count": 1,
    "self": 0.004025500002171611,
    "children": {
        "run_training.setup": {
            "total": 0.06692069999917294,
            "count": 1,
            "self": 0.06692069999917294
        },
        "TrainerController.start_learning": {
            "total": 35.54179020000083,
            "count": 1,
            "self": 0.018353699982981198,
            "children": {
                "TrainerController._reset_env": {
                    "total": 4.94054309999774,
                    "count": 1,
                    "self": 4.94054309999774
                },
                "TrainerController.advance": {
                    "total": 30.489197200022318,
                    "count": 1140,
                    "self": 0.015155000022787135,
                    "children": {
                        "env_step": {
                            "total": 28.24367129998791,
                            "count": 1140,
                            "self": 25.205722699894977,
                            "children": {
                                "SubprocessEnvManager._take_step": {
                                    "total": 3.0268691000346735,
                                    "count": 1140,
                                    "self": 0.042446299932635156,
                                    "children": {
                                        "TorchPolicy.evaluate": {
                                            "total": 2.9844228001020383,
                                            "count": 1140,
                                            "self": 2.9844228001020383
                                        }
                                    }
                                },
                                "workers": {
                                    "total": 0.011079500058258418,
                                    "count": 1139,
                                    "self": 0.0,
                                    "children": {
                                        "worker_root": {
                                            "total": 27.45733929999915,
                                            "count": 1139,
                                            "is_parallel": true,
                                            "self": 6.642579899958946,
                                            "children": {
                                                "steps_from_proto": {
                                                    "total": 0.00027850000333273783,
                                                    "count": 1,
                                                    "is_parallel": true,
                                                    "self": 0.00014710000687045977,
                                                    "children": {
                                                        "_process_rank_one_or_two_observation": {
                                                            "total": 0.00013139999646227807,
                                                            "count": 2,
                                                            "is_parallel": true,
                                                            "self": 0.00013139999646227807
                                                        }
                                                    }
                                                },
                                                "UnityEnvironment.step": {
                                                    "total": 20.81448090003687,
                                                    "count": 1139,
                                                    "is_parallel": true,
                                                    "self": 0.07240679988171905,
                                                    "children": {
                                                        "UnityEnvironment._generate_step_input": {
                                                            "total": 0.05902260004222626,
                                                            "count": 1139,
                                                            "is_parallel": true,
                                                            "self": 0.05902260004222626
                                                        },
                                                        "communicator.exchange": {
                                                            "total": 20.4582500000688,
                                                            "count": 1139,
                                                            "is_parallel": true,
                                                            "self": 20.4582500000688
                                                        },
                                                        "steps_from_proto": {
                                                            "total": 0.2248015000441228,
                                                            "count": 1139,
                                                            "is_parallel": true,
                                                            "self": 0.13029129999995348,
                                                            "children": {
                                                                "_process_rank_one_or_two_observation": {
                                                                    "total": 0.09451020004416932,
                                                                    "count": 2278,
                                                                    "is_parallel": true,
                                                                    "self": 0.09451020004416932
                                                                }
                                                            }
                                                        }
                                                    }
                                                }
                                            }
                                        }
                                    }
                                }
                            }
                        },
                        "trainer_advance": {
                            "total": 2.2303709000116214,
                            "count": 1139,
                            "self": 0.02413820001675049,
                            "children": {
                                "process_trajectory": {
                                    "total": 0.061541299994132714,
                                    "count": 1139,
                                    "self": 0.061541299994132714
                                },
                                "_update_policy": {
                                    "total": 2.144691400000738,
                                    "count": 9,
                                    "self": 0.09455100000923267,
                                    "children": {
                                        "TorchPPOOptimizer.update": {
                                            "total": 2.0501403999915055,
                                            "count": 312,