{
    "name": "root",
    "metadata": {
        "timer_format_version": "0.1.0",
        "start_time_seconds": "1748723905",
        "python_version": "3.10.2 (tags/v3.10.2:a58ebcc, Jan 17 2022, 14:12:15) [MSC v.1929 64 bit (AMD64)]",
        "command_line_arguments": "C:\\Users\\kang\\AppData\\Local\\Programs\\Python\\Python310\\Scripts\\mlagents-learn config/test_config.yaml --run-id=test9879874564456555556",
        "mlagents_version": "1.0.0",
        "mlagents_envs_version": "1.0.0",
        "communication_protocol_version": "1.5.0",
        "pytorch_version": "1.13.1+cu117",
        "numpy_version": "1.23.1",
        "end_time_seconds": "1748723986"
    },
    "total": 80.91199989999586,
    "count": 1,
    "self": 0.003940100003092084,
    "children": {
        "run_training.setup": {
            "total": 0.06779949999327073,
            "count": 1,
            "self": 0.06779949999327073
        },
        "TrainerController.start_learning": {
            "total": 80.8402602999995,
            "count": 1,
            "self": 0.0076723999009118415,
            "children": {
                "TrainerController._reset_env": {
                    "total": 6.198415599996224,
                    "count": 1,
                    "self": 6.198415599996224
                },
                "TrainerController.advance": {
                    "total": 74.54390560009779,
                    "count": 479,
                    "self": 0.006595000137167517,
                    "children": {
                        "env_step": {
                            "total": 73.68944519998331,
                            "count": 479,
                            "self": 72.21112209992862,
                            "children": {
                                "SubprocessEnvManager._take_step": {
                                    "total": 1.4737968000627006,
                                    "count": 479,
                                    "self": 0.017209200042998418,
                                    "children": {
                                        "TorchPolicy.evaluate": {
                                            "total": 1.4565876000197022,
                                            "count": 479,
                                            "self": 1.4565876000197022
                                        }
                                    }
                                },
                                "workers": {
                                    "total": 0.004526299991994165,
                                    "count": 478,
                                    "self": 0.0,
                                    "children": {
                                        "worker_root": {
                                            "total": 12.514289000144345,
                                            "count": 478,
                                            "is_parallel": true,
                                            "self": 3.1684563000380876,
                                            "children": {
                                                "steps_from_proto": {
                                                    "total": 0.0003352000057930127,
                                                    "count": 1,
                                                    "is_parallel": true,
                                                    "self": 0.00018790001195156947,
                                                    "children": {
                                                        "_process_rank_one_or_two_observation": {
                                                            "total": 0.0001472999938414432,
                                                            "count": 2,
                                                            "is_parallel": true,
                                                            "self": 0.0001472999938414432
                                                        }
                                                    }
                                                },
                                                "UnityEnvironment.step": {
                                                    "total": 9.345497500100464,
                                                    "count": 478,
                                                    "is_parallel": true,
                                                    "self": 0.028736700245644897,
                                                    "children": {
                                                        "UnityEnvironment._generate_step_input": {
                                                            "total": 0.023427600041031837,
                                                            "count": 478,
                                                            "is_parallel": true,
                                                            "self": 0.023427600041031837
                                                        },
                                                        "communicator.exchange": {
                                                            "total": 9.203452199915773,
                                                            "count": 478,
                                                            "is_parallel": true,
                                                            "self": 9.203452199915773
                                                        },
                                                        "steps_from_proto": {
                                                            "total": 0.08988099989801412,
                                                            "count": 478,
                                                            "is_parallel": true,
                                                            "self": 0.05339359995559789,
                                                            "children": {
                                                                "_process_rank_one_or_two_observation": {
                                                                    "total": 0.03648739994241623,
                                                                    "count": 956,
                                                                    "is_parallel": true,
                                                                    "self": 0.03648739994241623
                                                                }
                                                            }
                                                        }
                                                    }
                                                }
                                            }
                                        }
                                    }
                                }
                            }
                        },
                        "trainer_advance": {
                            "total": 0.8478653999773087,
                            "count": 478,
                            "self": 0.009545399938360788,
                            "children": {
                                "process_trajectory": {
                                    "total": 0.026406800032418687,
                                    "count": 478,
                                    "self": 0.026406800032418687
                                },
                                "_update_policy": {
                                    "total": 0.8119132000065292,
                                    "count": 3,
                                    "self": 0.03399899997020839,
                                    "children": {
                                        "TorchPPOOptimizer.update": {
                                            "total": 0.7779142000363208,
                                            "count": 117,