{
    "name": "root",
    "metadata": {
        "timer_format_version": "0.1.0",
        "start_time_seconds": "1748341204",
        "python_version": "3.10.2 | packaged by conda-forge | (main, Mar  8 2022, 15:52:47) [Clang 11.1.0 ]",
        "command_line_arguments": "/opt/anaconda3/envs/mlagents/bin/mlagents-learn config/test_config.yaml --run-id=test0527_6",
        "mlagents_version": "1.0.0",
        "mlagents_envs_version": "1.0.0",
        "communication_protocol_version": "1.5.0",
        "pytorch_version": "1.13.1",
        "numpy_version": "1.23.1",
        "end_time_seconds": "1748341275"
    },
    "total": 70.40820425000129,
    "count": 1,
    "self": 0.002673542003321927,
    "children": {
        "run_training.setup": {
            "total": 0.011233457997150254,
            "count": 1,
            "self": 0.011233457997150254
        },
        "TrainerController.start_learning": {
            "total": 70.39429725000082,
            "count": 1,
            "self": 0.0015594479700666852,
            "children": {
                "TrainerController._reset_env": {
                    "total": 8.311054999998305,
                    "count": 1,
                    "self": 8.311054999998305
                },
                "TrainerController.advance": {
                    "total": 62.01325063603872,
                    "count": 123,
                    "self": 0.0012845480086980388,
                    "children": {
                        "env_step": {
                            "total": 62.008783622062765,
                            "count": 123,
                            "self": 61.925976869075384,
                            "children": {
                                "SubprocessEnvManager._take_step": {
                                    "total": 0.0820905020009377,
                                    "count": 123,
                                    "self": 0.0022229200476431288,
                                    "children": {
                                        "TorchPolicy.evaluate": {
                                            "total": 0.07986758195329458,
                                            "count": 123,
                                            "self": 0.07986758195329458
                                        }
                                    }
                                },
                                "workers": {
                                    "total": 0.0007162509864429012,
                                    "count": 122,
                                    "self": 0.0,
                                    "children": {
                                        "worker_root": {
                                            "total": 1.518188457012002,
                                            "count": 122,
                                            "is_parallel": true,
                                            "self": 0.15398833200742956,
                                            "children": {
                                                "steps_from_proto": {
                                                    "total": 0.0009058750001713634,
                                                    "count": 1,
                                                    "is_parallel": true,
                                                    "self": 0.00036220800393493846,
                                                    "children": {
                                                        "_process_rank_one_or_two_observation": {
                                                            "total": 0.0005436669962364249,
                                                            "count": 2,
                                                            "is_parallel": true,
                                                            "self": 0.0005436669962364249
                                                        }
                                                    }
                                                },
                                                "UnityEnvironment.step": {
                                                    "total": 1.363294250004401,
                                                    "count": 122,
                                                    "is_parallel": true,
                                                    "self": 0.0046532429187209345,
                                                    "children": {
                                                        "UnityEnvironment._generate_step_input": {
                                                            "total": 0.0032850830612005666,
                                                            "count": 122,
                                                            "is_parallel": true,
                                                            "self": 0.0032850830612005666
                                                        },
                                                        "communicator.exchange": {
                                                            "total": 1.3391980870219413,
                                                            "count": 122,
                                                            "is_parallel": true,
                                                            "self": 1.3391980870219413
                                                        },
                                                        "steps_from_proto": {
                                                            "total": 0.016157837002538145,
                                                            "count": 122,
                                                            "is_parallel": true,
                                                            "self": 0.008235717992647551,
                                                            "children": {
                                                                "_process_rank_one_or_two_observation": {
                                                                    "total": 0.007922119009890594,
                                                                    "count": 244,
                                                                    "is_parallel": true,
                                                                    "self": 0.007922119009890594
                                                                }
                                                            }
                                                        }
                                                    }
                                                }
                                            }
                                        }
                                    }
                                }
                            }
                        },
                        "trainer_advance": {
                            "total": 0.003182465967256576,
                            "count": 122,
                            "self": 0.0012494150068960153,
                            "children": {
                                "process_trajectory": {
                                    "total": 0.0019330509603605606,
                                    "count": 122,
                                    "self": 0.0019330509603605606
                                }
                            }
                        }
                    }
                },
                "TrainerController._save_models": {
                    "total": 0.06843216599372681,
                    "count": 1,
                    "self": 0.0004725829930976033,
                    "children": {
                        "RLTrainer._checkpoint": {
                            "total": 0.06795958300062921,
                            "count": 1,