{
    "name": "root",
    "metadata": {
        "timer_format_version": "0.1.0",
        "start_time_seconds": "1749292867",
        "python_version": "3.10.2 | packaged by conda-forge | (main, Mar  8 2022, 15:52:47) [Clang 11.1.0 ]",
        "command_line_arguments": "/opt/anaconda3/envs/mlagents/bin/mlagents-learn config/test_config.yaml --run-id=0607_12",
        "mlagents_version": "1.0.0",
        "mlagents_envs_version": "1.0.0",
        "communication_protocol_version": "1.5.0",
        "pytorch_version": "1.13.1",
        "numpy_version": "1.23.1",
        "end_time_seconds": "1749293068"
    },
    "total": 200.70575175000704,
    "count": 1,
    "self": 0.0026017499912995845,
    "children": {
        "run_training.setup": {
            "total": 0.013611292000859976,
            "count": 1,
            "self": 0.013611292000859976
        },
        "TrainerController.start_learning": {
            "total": 200.68953870801488,
            "count": 1,
            "self": 0.024600673001259565,
            "children": {
                "TrainerController._reset_env": {
                    "total": 2.19015050001326,
                    "count": 1,
                    "self": 2.19015050001326
                },
                "TrainerController.advance": {
                    "total": 198.3935726179916,
                    "count": 2401,
                    "self": 0.023715713061392307,
                    "children": {
                        "env_step": {
                            "total": 197.39791483004228,
                            "count": 2401,
                            "self": 195.73814486945048,
                            "children": {
                                "SubprocessEnvManager._take_step": {
                                    "total": 1.6441910360881593,
                                    "count": 2401,
                                    "self": 0.04347794546629302,
                                    "children": {
                                        "TorchPolicy.evaluate": {
                                            "total": 1.6007130906218663,
                                            "count": 2399,
                                            "self": 1.6007130906218663
                                        }
                                    }
                                },
                                "workers": {
                                    "total": 0.015578924503643066,
                                    "count": 2400,
                                    "self": 0.0,
                                    "children": {
                                        "worker_root": {
                                            "total": 77.86320449010236,
                                            "count": 2400,
                                            "is_parallel": true,
                                            "self": 3.71508766990155,
                                            "children": {
                                                "steps_from_proto": {
                                                    "total": 0.0006234580068849027,
                                                    "count": 1,
                                                    "is_parallel": true,
                                                    "self": 0.0003535409923642874,
                                                    "children": {
                                                        "_process_rank_one_or_two_observation": {
                                                            "total": 0.00026991701452061534,
                                                            "count": 2,
                                                            "is_parallel": true,
                                                            "self": 0.00026991701452061534
                                                        }
                                                    }
                                                },
                                                "UnityEnvironment.step": {
                                                    "total": 74.14749336219393,
                                                    "count": 2400,
                                                    "is_parallel": true,
                                                    "self": 0.10467128979507834,
                                                    "children": {
                                                        "UnityEnvironment._generate_step_input": {
                                                            "total": 0.06885667861206457,
                                                            "count": 2400,
                                                            "is_parallel": true,
                                                            "self": 0.06885667861206457
                                                        },
                                                        "communicator.exchange": {
                                                            "total": 73.62623788035125,
                                                            "count": 2400,
                                                            "is_parallel": true,
                                                            "self": 73.62623788035125
                                                        },
                                                        "steps_from_proto": {
                                                            "total": 0.34772751343552954,
                                                            "count": 2400,
                                                            "is_parallel": true,
                                                            "self": 0.17338589881546795,
                                                            "children": {
                                                                "_process_rank_one_or_two_observation": {
                                                                    "total": 0.1743416146200616,
                                                                    "count": 4800,
                                                                    "is_parallel": true,
                                                                    "self": 0.1743416146200616
                                                                }
                                                            }
                                                        }
                                                    }
                                                }
                                            }
                                        }
                                    }
                                }
                            }
                        },
                        "trainer_advance": {
                            "total": 0.9719420748879202,
                            "count": 2400,
                            "self": 0.03243037496577017,
                            "children": {
                                "process_trajectory": {
                                    "total": 0.06051307203597389,
                                    "count": 2400,
                                    "self": 0.06051307203597389
                                },
                                "_update_policy": {
                                    "total": 0.8789986278861761,
                                    "count": 19,
                                    "self": 0.10789284188649617,
                                    "children": {
                                        "TorchPPOOptimizer.update": {
                                            "total": 0.7711057859996799,
                                            "count": 678,