{
    "name": "root",
    "metadata": {
        "timer_format_version": "0.1.0",
        "start_time_seconds": "1748198742",
        "python_version": "3.10.2 | packaged by conda-forge | (main, Mar  8 2022, 15:52:47) [Clang 11.1.0 ]",
        "command_line_arguments": "/opt/anaconda3/envs/mlagents/bin/mlagents-learn config/test_config.yaml --run-id=test0526_10",
        "mlagents_version": "1.0.0",
        "mlagents_envs_version": "1.0.0",
        "communication_protocol_version": "1.5.0",
        "pytorch_version": "1.13.1",
        "numpy_version": "1.23.1",
        "end_time_seconds": "1748198866"
    },
    "total": 124.46965895901667,
    "count": 1,
    "self": 0.0023306250222958624,
    "children": {
        "run_training.setup": {
            "total": 0.01147800000035204,
            "count": 1,
            "self": 0.01147800000035204
        },
        "TrainerController.start_learning": {
            "total": 124.45585033399402,
            "count": 1,
            "self": 0.0004322909808252007,
            "children": {
                "TrainerController._reset_env": {
                    "total": 3.8238009590131696,
                    "count": 1,
                    "self": 3.8238009590131696
                },
                "TrainerController.advance": {
                    "total": 120.55542945899651,
                    "count": 5,
                    "self": 0.00014508396270684898,
                    "children": {
                        "env_step": {
                            "total": 120.55522983401897,
                            "count": 5,
                            "self": 120.53543071003514,
                            "children": {
                                "SubprocessEnvManager._take_step": {
                                    "total": 0.019771666993619874,
                                    "count": 5,
                                    "self": 0.00014987497706897557,
                                    "children": {
                                        "TorchPolicy.evaluate": {
                                            "total": 0.0196217920165509,
                                            "count": 5,
                                            "self": 0.0196217920165509
                                        }
                                    }
                                },
                                "workers": {
                                    "total": 2.7456990210339427e-05,
                                    "count": 4,
                                    "self": 0.0,
                                    "children": {
                                        "worker_root": {
                                            "total": 0.09909037398756482,
                                            "count": 4,
                                            "is_parallel": true,
                                            "self": 0.0468504159944132,
                                            "children": {
                                                "steps_from_proto": {
                                                    "total": 0.0007860419864300638,
                                                    "count": 1,
                                                    "is_parallel": true,
                                                    "self": 0.00042945798486471176,
                                                    "children": {
                                                        "_process_rank_one_or_two_observation": {
                                                            "total": 0.0003565840015653521,
                                                            "count": 2,
                                                            "is_parallel": true,
                                                            "self": 0.0003565840015653521
                                                        }
                                                    }
                                                },
                                                "UnityEnvironment.step": {
                                                    "total": 0.051453916006721556,
                                                    "count": 4,
                                                    "is_parallel": true,
                                                    "self": 0.00017487499280832708,
                                                    "children": {
                                                        "UnityEnvironment._generate_step_input": {
                                                            "total": 0.00016050002886913717,
                                                            "count": 4,
                                                            "is_parallel": true,
                                                            "self": 0.00016050002886913717
                                                        },
                                                        "communicator.exchange": {
                                                            "total": 0.05057512398343533,
                                                            "count": 4,
                                                            "is_parallel": true,
                                                            "self": 0.05057512398343533
                                                        },
                                                        "steps_from_proto": {
                                                            "total": 0.0005434170016087592,
                                                            "count": 4,
                                                            "is_parallel": true,
                                                            "self": 0.000284873996861279,
                                                            "children": {
                                                                "_process_rank_one_or_two_observation": {
                                                                    "total": 0.00025854300474748015,
                                                                    "count": 8,
                                                                    "is_parallel": true,
                                                                    "self": 0.00025854300474748015
                                                                }
                                                            }
                                                        }
                                                    }
                                                }
                                            }
                                        }
                                    }
                                }
                            }
                        },
                        "trainer_advance": {
                            "total": 5.454101483337581e-05,
                            "count": 4,
                            "self": 3.591499989852309e-05,
                            "children": {
                                "process_trajectory": {
                                    "total": 1.862601493485272e-05,
                                    "count": 4,
                                    "self": 1.862601493485272e-05
                                }
                            }
                        }
                    }
                },
                "TrainerController._save_models": {
                    "total": 0.07618762500351295,
                    "count": 1,
                    "self": 0.00045662501361221075,
                    "children": {
                        "RLTrainer._checkpoint": {
                            "total": 0.07573099998990074,
                            "count": 1,