{
    "name": "root",
    "metadata": {
        "timer_format_version": "0.1.0",
        "start_time_seconds": "1748759588",
        "python_version": "3.10.2 | packaged by conda-forge | (main, Mar  8 2022, 15:52:47) [Clang 11.1.0 ]",
        "command_line_arguments": "/opt/anaconda3/envs/mlagents/bin/mlagents-learn config/test_config.yaml --run-id=branchsize3_0601_001",
        "mlagents_version": "1.0.0",
        "mlagents_envs_version": "1.0.0",
        "communication_protocol_version": "1.5.0",
        "pytorch_version": "1.13.1",
        "numpy_version": "1.23.1",
        "end_time_seconds": "1748759684"
    },
    "total": 95.4808948339778,
    "count": 1,
    "self": 0.0027447089669294655,
    "children": {
        "run_training.setup": {
            "total": 0.012308041972573847,
            "count": 1,
            "self": 0.012308041972573847
        },
        "TrainerController.start_learning": {
            "total": 95.4658420830383,
            "count": 1,
            "self": 0.011701302719302475,
            "children": {
                "TrainerController._reset_env": {
                    "total": 3.8204618339659646,
                    "count": 1,
                    "self": 3.8204618339659646
                },
                "TrainerController.advance": {
                    "total": 91.57479828031501,
                    "count": 1112,
                    "self": 0.009727635537274182,
                    "children": {
                        "env_step": {
                            "total": 91.15934945386834,
                            "count": 1112,
                            "self": 90.41236759658204,
                            "children": {
                                "SubprocessEnvManager._take_step": {
                                    "total": 0.7402350106276572,
                                    "count": 1112,
                                    "self": 0.019175090012140572,
                                    "children": {
                                        "TorchPolicy.evaluate": {
                                            "total": 0.7210599206155166,
                                            "count": 1112,
                                            "self": 0.7210599206155166
                                        }
                                    }
                                },
                                "workers": {
                                    "total": 0.006746846658643335,
                                    "count": 1111,
                                    "self": 0.0,
                                    "children": {
                                        "worker_root": {
                                            "total": 31.034263680514414,
                                            "count": 1111,
                                            "is_parallel": true,
                                            "self": 1.6590236260090023,
                                            "children": {
                                                "steps_from_proto": {
                                                    "total": 0.0005819579819217324,
                                                    "count": 1,
                                                    "is_parallel": true,
                                                    "self": 0.0003326660371385515,
                                                    "children": {
                                                        "_process_rank_one_or_two_observation": {
                                                            "total": 0.00024929194478318095,
                                                            "count": 2,
                                                            "is_parallel": true,
                                                            "self": 0.00024929194478318095
                                                        }
                                                    }
                                                },
                                                "UnityEnvironment.step": {
                                                    "total": 29.37465809652349,
                                                    "count": 1111,
                                                    "is_parallel": true,
                                                    "self": 0.04246440314454958,
                                                    "children": {
                                                        "UnityEnvironment._generate_step_input": {
                                                            "total": 0.03143818979151547,
                                                            "count": 1111,
                                                            "is_parallel": true,
                                                            "self": 0.03143818979151547
                                                        },
                                                        "communicator.exchange": {
                                                            "total": 29.153085237776395,
                                                            "count": 1111,
                                                            "is_parallel": true,
                                                            "self": 29.153085237776395
                                                        },
                                                        "steps_from_proto": {
                                                            "total": 0.14767026581102982,
                                                            "count": 1111,
                                                            "is_parallel": true,
                                                            "self": 0.0743020428926684,
                                                            "children": {
                                                                "_process_rank_one_or_two_observation": {
                                                                    "total": 0.07336822291836143,
                                                                    "count": 2222,
                                                                    "is_parallel": true,
                                                                    "self": 0.07336822291836143
                                                                }
                                                            }
                                                        }
                                                    }
                                                }
                                            }
                                        }
                                    }
                                }
                            }
                        },
                        "trainer_advance": {
                            "total": 0.4057211909093894,
                            "count": 1111,
                            "self": 0.015034816635306925,
                            "children": {
                                "process_trajectory": {
                                    "total": 0.027031250356230885,
                                    "count": 1111,
                                    "self": 0.027031250356230885
                                },
                                "_update_policy": {
                                    "total": 0.3636551239178516,
                                    "count": 8,
                                    "self": 0.04533033788902685,
                                    "children": {
                                        "TorchPPOOptimizer.update": {
                                            "total": 0.31832478602882475,
                                            "count": 288,