{
    "name": "root",
    "metadata": {
        "timer_format_version": "0.1.0",
        "start_time_seconds": "1748756077",
        "python_version": "3.10.2 | packaged by conda-forge | (main, Mar  8 2022, 15:52:47) [Clang 11.1.0 ]",
        "command_line_arguments": "/opt/anaconda3/envs/mlagents/bin/mlagents-learn config/test_config.yaml --run-id=branchsize3_0601_18",
        "mlagents_version": "1.0.0",
        "mlagents_envs_version": "1.0.0",
        "communication_protocol_version": "1.5.0",
        "pytorch_version": "1.13.1",
        "numpy_version": "1.23.1",
        "end_time_seconds": "1748756121"
    },
    "total": 44.33803045802051,
    "count": 1,
    "self": 0.0025282499846071005,
    "children": {
        "run_training.setup": {
            "total": 0.012204833037685603,
            "count": 1,
            "self": 0.012204833037685603
        },
        "TrainerController.start_learning": {
            "total": 44.32329737499822,
            "count": 1,
            "self": 0.0015876268735155463,
            "children": {
                "TrainerController._reset_env": {
                    "total": 3.40636329195695,
                    "count": 1,
                    "self": 3.40636329195695
                },
                "TrainerController.advance": {
                    "total": 40.860085997206625,
                    "count": 34,
                    "self": 0.00046295725042000413,
                    "children": {
                        "env_step": {
                            "total": 40.85918579099234,
                            "count": 34,
                            "self": 40.834147870133165,
                            "children": {
                                "SubprocessEnvManager._take_step": {
                                    "total": 0.024841712962370366,
                                    "count": 34,
                                    "self": 0.000655420939438045,
                                    "children": {
                                        "TorchPolicy.evaluate": {
                                            "total": 0.02418629202293232,
                                            "count": 34,
                                            "self": 0.02418629202293232
                                        }
                                    }
                                },
                                "workers": {
                                    "total": 0.00019620789680629969,
                                    "count": 33,
                                    "self": 0.0,
                                    "children": {
                                        "worker_root": {
                                            "total": 1.4429042918491177,
                                            "count": 33,
                                            "is_parallel": true,
                                            "self": 0.050230250984895974,
                                            "children": {
                                                "steps_from_proto": {
                                                    "total": 0.0007389159873127937,
                                                    "count": 1,
                                                    "is_parallel": true,
                                                    "self": 0.0003820830024778843,
                                                    "children": {
                                                        "_process_rank_one_or_two_observation": {
                                                            "total": 0.00035683298483490944,
                                                            "count": 2,
                                                            "is_parallel": true,
                                                            "self": 0.00035683298483490944
                                                        }
                                                    }
                                                },
                                                "UnityEnvironment.step": {
                                                    "total": 1.391935124876909,
                                                    "count": 33,
                                                    "is_parallel": true,
                                                    "self": 0.0014003326068632305,
                                                    "children": {
                                                        "UnityEnvironment._generate_step_input": {
                                                            "total": 0.001065331103745848,
                                                            "count": 33,
                                                            "is_parallel": true,
                                                            "self": 0.001065331103745848
                                                        },
                                                        "communicator.exchange": {
                                                            "total": 1.3846682109870017,
                                                            "count": 33,
                                                            "is_parallel": true,
                                                            "self": 1.3846682109870017
                                                        },
                                                        "steps_from_proto": {
                                                            "total": 0.004801250179298222,
                                                            "count": 33,
                                                            "is_parallel": true,
                                                            "self": 0.0023450059816241264,
                                                            "children": {
                                                                "_process_rank_one_or_two_observation": {
                                                                    "total": 0.0024562441976740956,
                                                                    "count": 66,
                                                                    "is_parallel": true,
                                                                    "self": 0.0024562441976740956
                                                                }
                                                            }
                                                        }
                                                    }
                                                }
                                            }
                                        }
                                    }
                                }
                            }
                        },
                        "trainer_advance": {
                            "total": 0.00043724896386265755,
                            "count": 33,
                            "self": 0.0003057481371797621,
                            "children": {
                                "process_trajectory": {
                                    "total": 0.00013150082668289542,
                                    "count": 33,
                                    "self": 0.00013150082668289542
                                }
                            }
                        }
                    }
                },
                "trainer_threads": {
                    "total": 3.208988346159458e-06,
                    "count": 1,
                    "self": 3.208988346159458e-06
                },
                "TrainerController._save_models": {
                    "total": 0.05525724997278303,
                    "count": 1,
                    "self": 0.00045729096746072173,