{
    "name": "root",
    "metadata": {
        "timer_format_version": "0.1.0",
        "start_time_seconds": "1748545340",
        "python_version": "3.10.2 | packaged by conda-forge | (main, Mar  8 2022, 15:52:47) [Clang 11.1.0 ]",
        "command_line_arguments": "/opt/anaconda3/envs/mlagents/bin/mlagents-learn config/test_config.yaml --run-id=test0529_30",
        "mlagents_version": "1.0.0",
        "mlagents_envs_version": "1.0.0",
        "communication_protocol_version": "1.5.0",
        "pytorch_version": "1.13.1",
        "numpy_version": "1.23.1",
        "end_time_seconds": "1748545409"
    },
    "total": 68.95380412501981,
    "count": 1,
    "self": 0.0027209590189158916,
    "children": {
        "run_training.setup": {
            "total": 0.01155554098659195,
            "count": 1,
            "self": 0.01155554098659195
        },
        "TrainerController.start_learning": {
            "total": 68.9395276250143,
            "count": 1,
            "self": 0.002586762828286737,
            "children": {
                "TrainerController._reset_env": {
                    "total": 2.8905926670122426,
                    "count": 1,
                    "self": 2.8905926670122426
                },
                "TrainerController.advance": {
                    "total": 65.97546123620123,
                    "count": 183,
                    "self": 0.0019558994681574404,
                    "children": {
                        "env_step": {
                            "total": 65.91315370664233,
                            "count": 183,
                            "self": 65.78779729243251,
                            "children": {
                                "SubprocessEnvManager._take_step": {
                                    "total": 0.12417395220836625,
                                    "count": 183,
                                    "self": 0.0030842019186820835,
                                    "children": {
                                        "TorchPolicy.evaluate": {
                                            "total": 0.12108975028968416,
                                            "count": 183,
                                            "self": 0.12108975028968416
                                        }
                                    }
                                },
                                "workers": {
                                    "total": 0.0011824620014522225,
                                    "count": 182,
                                    "self": 0.0,
                                    "children": {
                                        "worker_root": {
                                            "total": 5.436874080973212,
                                            "count": 182,
                                            "is_parallel": true,
                                            "self": 0.281437408819329,
                                            "children": {
                                                "steps_from_proto": {
                                                    "total": 0.0007402909977827221,
                                                    "count": 1,
                                                    "is_parallel": true,
                                                    "self": 0.0003855400427710265,
                                                    "children": {
                                                        "_process_rank_one_or_two_observation": {
                                                            "total": 0.0003547509550116956,
                                                            "count": 2,
                                                            "is_parallel": true,
                                                            "self": 0.0003547509550116956
                                                        }
                                                    }
                                                },
                                                "UnityEnvironment.step": {
                                                    "total": 5.1546963811561,
                                                    "count": 182,
                                                    "is_parallel": true,
                                                    "self": 0.007222174026537687,
                                                    "children": {
                                                        "UnityEnvironment._generate_step_input": {
                                                            "total": 0.004739874071674421,
                                                            "count": 182,
                                                            "is_parallel": true,
                                                            "self": 0.004739874071674421
                                                        },
                                                        "communicator.exchange": {
                                                            "total": 5.117410083068535,
                                                            "count": 182,
                                                            "is_parallel": true,
                                                            "self": 5.117410083068535
                                                        },
                                                        "steps_from_proto": {
                                                            "total": 0.02532424998935312,
                                                            "count": 182,
                                                            "is_parallel": true,
                                                            "self": 0.012721127481199801,
                                                            "children": {
                                                                "_process_rank_one_or_two_observation": {
                                                                    "total": 0.01260312250815332,
                                                                    "count": 364,
                                                                    "is_parallel": true,
                                                                    "self": 0.01260312250815332
                                                                }
                                                            }
                                                        }
                                                    }
                                                }
                                            }
                                        }
                                    }
                                }
                            }
                        },
                        "trainer_advance": {
                            "total": 0.06035163009073585,
                            "count": 182,
                            "self": 0.0024596731236670166,
                            "children": {
                                "process_trajectory": {
                                    "total": 0.003659581969259307,
                                    "count": 182,
                                    "self": 0.003659581969259307
                                },
                                "_update_policy": {
                                    "total": 0.05423237499780953,
                                    "count": 1,
                                    "self": 0.005813128052977845,
                                    "children": {
                                        "TorchPPOOptimizer.update": {
                                            "total": 0.048419246944831684,
                                            "count": 36,