{
    "name": "root",
    "metadata": {
        "timer_format_version": "0.1.0",
        "start_time_seconds": "1749383406",
        "python_version": "3.10.2 | packaged by conda-forge | (main, Mar  8 2022, 15:52:47) [Clang 11.1.0 ]",
        "command_line_arguments": "/opt/anaconda3/envs/mlagents/bin/mlagents-learn config/test_config.yaml --run-id=0608_12",
        "mlagents_version": "1.0.0",
        "mlagents_envs_version": "1.0.0",
        "communication_protocol_version": "1.5.0",
        "pytorch_version": "1.13.1",
        "numpy_version": "1.23.1",
        "end_time_seconds": "1749383682"
    },
    "total": 276.3421492089983,
    "count": 1,
    "self": 0.002943210012745112,
    "children": {
        "run_training.setup": {
            "total": 0.013561165978899226,
            "count": 1,
            "self": 0.013561165978899226
        },
        "TrainerController.start_learning": {
            "total": 276.32564483300666,
            "count": 1,
            "self": 0.0645498919475358,
            "children": {
                "TrainerController._reset_env": {
                    "total": 2.6585315830016043,
                    "count": 1,
                    "self": 2.6585315830016043
                },
                "TrainerController.advance": {
                    "total": 273.51710502404603,
                    "count": 6297,
                    "self": 0.056301416363567114,
                    "children": {
                        "env_step": {
                            "total": 270.9515028265887,
                            "count": 6297,
                            "self": 266.5330389799492,
                            "children": {
                                "SubprocessEnvManager._take_step": {
                                    "total": 4.3751179914106615,
                                    "count": 6297,
                                    "self": 0.11705332298879512,
                                    "children": {
                                        "TorchPolicy.evaluate": {
                                            "total": 4.258064668421866,
                                            "count": 6293,
                                            "self": 4.258064668421866
                                        }
                                    }
                                },
                                "workers": {
                                    "total": 0.04334585522883572,
                                    "count": 6296,
                                    "self": 0.0,
                                    "children": {
                                        "worker_root": {
                                            "total": 212.71911669592373,
                                            "count": 6296,
                                            "is_parallel": true,
                                            "self": 9.861641520808917,
                                            "children": {
                                                "steps_from_proto": {
                                                    "total": 0.00037233400507830083,
                                                    "count": 1,
                                                    "is_parallel": true,
                                                    "self": 0.0001885009987745434,
                                                    "children": {
                                                        "_process_rank_one_or_two_observation": {
                                                            "total": 0.00018383300630375743,
                                                            "count": 2,
                                                            "is_parallel": true,
                                                            "self": 0.00018383300630375743
                                                        }
                                                    }
                                                },
                                                "UnityEnvironment.step": {
                                                    "total": 202.85710284110974,
                                                    "count": 6296,
                                                    "is_parallel": true,
                                                    "self": 0.2719616222893819,
                                                    "children": {
                                                        "UnityEnvironment._generate_step_input": {
                                                            "total": 0.1788522193673998,
                                                            "count": 6296,
                                                            "is_parallel": true,
                                                            "self": 0.1788522193673998
                                                        },
                                                        "communicator.exchange": {
                                                            "total": 201.50219679807196,
                                                            "count": 6296,
                                                            "is_parallel": true,
                                                            "self": 201.50219679807196
                                                        },
                                                        "steps_from_proto": {
                                                            "total": 0.9040922013809904,
                                                            "count": 6296,
                                                            "is_parallel": true,
                                                            "self": 0.4467015661939513,
                                                            "children": {
                                                                "_process_rank_one_or_two_observation": {
                                                                    "total": 0.45739063518703915,
                                                                    "count": 12592,
                                                                    "is_parallel": true,
                                                                    "self": 0.45739063518703915
                                                                }
                                                            }
                                                        }
                                                    }
                                                }
                                            }
                                        }
                                    }
                                }
                            }
                        },
                        "trainer_advance": {
                            "total": 2.5093007810937706,
                            "count": 6296,
                            "self": 0.08961984078632668,
                            "children": {
                                "process_trajectory": {
                                    "total": 0.16011002133018337,
                                    "count": 6296,
                                    "self": 0.16011002133018337
                                },
                                "_update_policy": {
                                    "total": 2.2595709189772606,
                                    "count": 49,
                                    "self": 0.28404890178353526,
                                    "children": {
                                        "TorchPPOOptimizer.update": {
                                            "total": 1.9755220171937253,
                                            "count": 1749,