{
    "name": "root",
    "metadata": {
        "timer_format_version": "0.1.0",
        "start_time_seconds": "1749242185",
        "python_version": "3.10.2 | packaged by conda-forge | (main, Mar  8 2022, 15:52:47) [Clang 11.1.0 ]",
        "command_line_arguments": "/opt/anaconda3/envs/mlagents/bin/mlagents-learn config/test_config.yaml --run-id=0606_16",
        "mlagents_version": "1.0.0",
        "mlagents_envs_version": "1.0.0",
        "communication_protocol_version": "1.5.0",
        "pytorch_version": "1.13.1",
        "numpy_version": "1.23.1",
        "end_time_seconds": "1749242460"
    },
    "total": 275.14883737498894,
    "count": 1,
    "self": 0.0024265419779112563,
    "children": {
        "run_training.setup": {
            "total": 0.012538082999526523,
            "count": 1,
            "self": 0.012538082999526523
        },
        "TrainerController.start_learning": {
            "total": 275.1338727500115,
            "count": 1,
            "self": 0.03579474955040496,
            "children": {
                "TrainerController._reset_env": {
                    "total": 3.2039738330058753,
                    "count": 1,
                    "self": 3.2039738330058753
                },
                "TrainerController.advance": {
                    "total": 271.83063371045864,
                    "count": 3441,
                    "self": 0.03107230327441357,
                    "children": {
                        "env_step": {
                            "total": 270.4199721804034,
                            "count": 3441,
                            "self": 268.08343147553387,
                            "children": {
                                "SubprocessEnvManager._take_step": {
                                    "total": 2.3142661735764705,
                                    "count": 3441,
                                    "self": 0.05941841134335846,
                                    "children": {
                                        "TorchPolicy.evaluate": {
                                            "total": 2.254847762233112,
                                            "count": 3439,
                                            "self": 2.254847762233112
                                        }
                                    }
                                },
                                "workers": {
                                    "total": 0.022274531293078326,
                                    "count": 3440,
                                    "self": 0.0,
                                    "children": {
                                        "worker_root": {
                                            "total": 268.4582653227408,
                                            "count": 3440,
                                            "is_parallel": true,
                                            "self": 5.294112252711784,
                                            "children": {
                                                "steps_from_proto": {
                                                    "total": 0.00032125000143423676,
                                                    "count": 1,
                                                    "is_parallel": true,
                                                    "self": 0.0001536250056233257,
                                                    "children": {
                                                        "_process_rank_one_or_two_observation": {
                                                            "total": 0.00016762499581091106,
                                                            "count": 2,
                                                            "is_parallel": true,
                                                            "self": 0.00016762499581091106
                                                        }
                                                    }
                                                },
                                                "UnityEnvironment.step": {
                                                    "total": 263.16383182002755,
                                                    "count": 3440,
                                                    "is_parallel": true,
                                                    "self": 0.14479054995172191,
                                                    "children": {
                                                        "UnityEnvironment._generate_step_input": {
                                                            "total": 0.10305406690167729,
                                                            "count": 3440,
                                                            "is_parallel": true,
                                                            "self": 0.10305406690167729
                                                        },
                                                        "communicator.exchange": {
                                                            "total": 262.420098063405,
                                                            "count": 3440,
                                                            "is_parallel": true,
                                                            "self": 262.420098063405
                                                        },
                                                        "steps_from_proto": {
                                                            "total": 0.4958891397691332,
                                                            "count": 3440,
                                                            "is_parallel": true,
                                                            "self": 0.2451804218144389,
                                                            "children": {
                                                                "_process_rank_one_or_two_observation": {
                                                                    "total": 0.2507087179546943,
                                                                    "count": 6880,
                                                                    "is_parallel": true,
                                                                    "self": 0.2507087179546943
                                                                }
                                                            }
                                                        }
                                                    }
                                                }
                                            }
                                        }
                                    }
                                }
                            }
                        },
                        "trainer_advance": {
                            "total": 1.3795892267808085,
                            "count": 3440,
                            "self": 0.04630562556849327,
                            "children": {
                                "process_trajectory": {
                                    "total": 0.08374955819454044,
                                    "count": 3440,
                                    "self": 0.08374955819454044
                                },
                                "_update_policy": {
                                    "total": 1.2495340430177748,
                                    "count": 27,
                                    "self": 0.15498687187209725,
                                    "children": {
                                        "TorchPPOOptimizer.update": {
                                            "total": 1.0945471711456776,
                                            "count": 966,