{
    "name": "root",
    "metadata": {
        "timer_format_version": "0.1.0",
        "start_time_seconds": "1748878580",
        "python_version": "3.10.2 | packaged by conda-forge | (main, Mar  8 2022, 15:52:47) [Clang 11.1.0 ]",
        "command_line_arguments": "/opt/anaconda3/envs/mlagents/bin/mlagents-learn config/test_config.yaml --run-id=0602_09",
        "mlagents_version": "1.0.0",
        "mlagents_envs_version": "1.0.0",
        "communication_protocol_version": "1.5.0",
        "pytorch_version": "1.13.1",
        "numpy_version": "1.23.1",
        "end_time_seconds": "1748878709"
    },
    "total": 129.38090587500483,
    "count": 1,
    "self": 0.003101333975791931,
    "children": {
        "run_training.setup": {
            "total": 0.013169125013519078,
            "count": 1,
            "self": 0.013169125013519078
        },
        "TrainerController.start_learning": {
            "total": 129.36463541601552,
            "count": 1,
            "self": 0.0496233380981721,
            "children": {
                "TrainerController._reset_env": {
                    "total": 4.853564249991905,
                    "count": 1,
                    "self": 4.853564249991905
                },
                "TrainerController.advance": {
                    "total": 124.3834528279258,
                    "count": 4853,
                    "self": 0.041670686623547226,
                    "children": {
                        "env_step": {
                            "total": 122.3763524852111,
                            "count": 4853,
                            "self": 119.11931318702409,
                            "children": {
                                "SubprocessEnvManager._take_step": {
                                    "total": 3.2279165255022235,
                                    "count": 4853,
                                    "self": 0.08423596003558487,
                                    "children": {
                                        "TorchPolicy.evaluate": {
                                            "total": 3.1436805654666387,
                                            "count": 4853,
                                            "self": 3.1436805654666387
                                        }
                                    }
                                },
                                "workers": {
                                    "total": 0.02912277268478647,
                                    "count": 4852,
                                    "self": 0.0,
                                    "children": {
                                        "worker_root": {
                                            "total": 63.84768990695011,
                                            "count": 4852,
                                            "is_parallel": true,
                                            "self": 7.359739200153854,
                                            "children": {
                                                "steps_from_proto": {
                                                    "total": 0.0006331669865176082,
                                                    "count": 1,
                                                    "is_parallel": true,
                                                    "self": 0.0003495419514365494,
                                                    "children": {
                                                        "_process_rank_one_or_two_observation": {
                                                            "total": 0.00028362503508105874,
                                                            "count": 2,
                                                            "is_parallel": true,
                                                            "self": 0.00028362503508105874
                                                        }
                                                    }
                                                },
                                                "UnityEnvironment.step": {
                                                    "total": 56.48731753980974,
                                                    "count": 4852,
                                                    "is_parallel": true,
                                                    "self": 0.18043128494173288,
                                                    "children": {
                                                        "UnityEnvironment._generate_step_input": {
                                                            "total": 0.1283498473931104,
                                                            "count": 4852,
                                                            "is_parallel": true,
                                                            "self": 0.1283498473931104
                                                        },
                                                        "communicator.exchange": {
                                                            "total": 55.533992322103586,
                                                            "count": 4852,
                                                            "is_parallel": true,
                                                            "self": 55.533992322103586
                                                        },
                                                        "steps_from_proto": {
                                                            "total": 0.644544085371308,
                                                            "count": 4852,
                                                            "is_parallel": true,
                                                            "self": 0.31931907701073214,
                                                            "children": {
                                                                "_process_rank_one_or_two_observation": {
                                                                    "total": 0.3252250083605759,
                                                                    "count": 9704,
                                                                    "is_parallel": true,
                                                                    "self": 0.3252250083605759
                                                                }
                                                            }
                                                        }
                                                    }
                                                }
                                            }
                                        }
                                    }
                                }
                            }
                        },
                        "trainer_advance": {
                            "total": 1.9654296560911462,
                            "count": 4852,
                            "self": 0.07141032145591453,
                            "children": {
                                "process_trajectory": {
                                    "total": 0.13171732949558645,
                                    "count": 4852,
                                    "self": 0.13171732949558645
                                },
                                "_update_policy": {
                                    "total": 1.7623020051396452,
                                    "count": 37,
                                    "self": 0.21464936202391982,
                                    "children": {
                                        "TorchPPOOptimizer.update": {
                                            "total": 1.5476526431157254,
                                            "count": 1332,