{
    "name": "root",
    "metadata": {
        "timer_format_version": "0.1.0",
        "start_time_seconds": "1748725679",
        "python_version": "3.10.2 (tags/v3.10.2:a58ebcc, Jan 17 2022, 14:12:15) [MSC v.1929 64 bit (AMD64)]",
        "command_line_arguments": "C:\\Users\\kang\\AppData\\Local\\Programs\\Python\\Python310\\Scripts\\mlagents-learn config/test_config.yaml --run-id=test1234",
        "mlagents_version": "1.0.0",
        "mlagents_envs_version": "1.0.0",
        "communication_protocol_version": "1.5.0",
        "pytorch_version": "1.13.1+cu117",
        "numpy_version": "1.23.1",
        "end_time_seconds": "1748725721"
    },
    "total": 41.93257179999637,
    "count": 1,
    "self": 0.00560119999863673,
    "children": {
        "run_training.setup": {
            "total": 0.06824819999746978,
            "count": 1,
            "self": 0.06824819999746978
        },
        "TrainerController.start_learning": {
            "total": 41.85872240000026,
            "count": 1,
            "self": 0.01421870009653503,
            "children": {
                "TrainerController._reset_env": {
                    "total": 6.156904199997371,
                    "count": 1,
                    "self": 6.156904199997371
                },
                "TrainerController.advance": {
                    "total": 35.589194999905885,
                    "count": 893,
                    "self": 0.010909399716183543,
                    "children": {
                        "env_step": {
                            "total": 33.9998326001587,
                            "count": 893,
                            "self": 31.326964900188614,
                            "children": {
                                "SubprocessEnvManager._take_step": {
                                    "total": 2.6645475999757764,
                                    "count": 894,
                                    "self": 0.030148800011374988,
                                    "children": {
                                        "TorchPolicy.evaluate": {
                                            "total": 2.6343987999644014,
                                            "count": 894,
                                            "self": 2.6343987999644014
                                        }
                                    }
                                },
                                "workers": {
                                    "total": 0.008320099994307384,
                                    "count": 892,
                                    "self": 0.0,
                                    "children": {
                                        "worker_root": {
                                            "total": 21.276682099924074,
                                            "count": 892,
                                            "is_parallel": true,
                                            "self": 5.122754799936956,
                                            "children": {
                                                "steps_from_proto": {
                                                    "total": 0.000323799999023322,
                                                    "count": 1,
                                                    "is_parallel": true,
                                                    "self": 0.00018399999680696055,
                                                    "children": {
                                                        "_process_rank_one_or_two_observation": {
                                                            "total": 0.00013980000221636146,
                                                            "count": 2,
                                                            "is_parallel": true,
                                                            "self": 0.00013980000221636146
                                                        }
                                                    }
                                                },
                                                "UnityEnvironment.step": {
                                                    "total": 16.153603499988094,
                                                    "count": 892,
                                                    "is_parallel": true,
                                                    "self": 0.05307119985081954,
                                                    "children": {
                                                        "UnityEnvironment._generate_step_input": {
                                                            "total": 0.04388840003957739,
                                                            "count": 892,
                                                            "is_parallel": true,
                                                            "self": 0.04388840003957739
                                                        },
                                                        "communicator.exchange": {
                                                            "total": 15.889897300003213,
                                                            "count": 892,
                                                            "is_parallel": true,
                                                            "self": 15.889897300003213
                                                        },
                                                        "steps_from_proto": {
                                                            "total": 0.16674660009448417,
                                                            "count": 892,
                                                            "is_parallel": true,
                                                            "self": 0.09812680016329978,
                                                            "children": {
                                                                "_process_rank_one_or_two_observation": {
                                                                    "total": 0.06861979993118439,
                                                                    "count": 1784,
                                                                    "is_parallel": true,
                                                                    "self": 0.06861979993118439
                                                                }
                                                            }
                                                        }
                                                    }
                                                }
                                            }
                                        }
                                    }
                                }
                            }
                        },
                        "trainer_advance": {
                            "total": 1.5784530000310042,
                            "count": 892,
                            "self": 0.01786640014324803,
                            "children": {
                                "process_trajectory": {
                                    "total": 0.04490509988681879,
                                    "count": 892,
                                    "self": 0.04490509988681879
                                },
                                "_update_policy": {
                                    "total": 1.5156815000009374,
                                    "count": 6,
                                    "self": 0.06253620003553806,
                                    "children": {
                                        "TorchPPOOptimizer.update": {
                                            "total": 1.4531452999653993,
                                            "count": 219,