{
    "name": "root",
    "metadata": {
        "timer_format_version": "0.1.0",
        "start_time_seconds": "1748760752",
        "python_version": "3.10.2 | packaged by conda-forge | (main, Mar  8 2022, 15:52:47) [Clang 11.1.0 ]",
        "command_line_arguments": "/opt/anaconda3/envs/mlagents/bin/mlagents-learn config/test_config.yaml --run-id=branchsize3_0601_010",
        "mlagents_version": "1.0.0",
        "mlagents_envs_version": "1.0.0",
        "communication_protocol_version": "1.5.0",
        "pytorch_version": "1.13.1",
        "numpy_version": "1.23.1",
        "end_time_seconds": "1748760766"
    },
    "total": 14.213227082975209,
    "count": 1,
    "self": 0.0024313320172950625,
    "children": {
        "run_training.setup": {
            "total": 0.011495333979837596,
            "count": 1,
            "self": 0.011495333979837596
        },
        "TrainerController.start_learning": {
            "total": 14.199300416978076,
            "count": 1,
            "self": 0.0010284600430168211,
            "children": {
                "TrainerController._reset_env": {
                    "total": 2.8549990419996902,
                    "count": 1,
                    "self": 2.8549990419996902
                },
                "TrainerController.advance": {
                    "total": 11.286592206917703,
                    "count": 4,
                    "self": 0.0003557478776201606,
                    "children": {
                        "env_step": {
                            "total": 11.286204167990945,
                            "count": 4,
                            "self": 11.281271378917154,
                            "children": {
                                "SubprocessEnvManager._take_step": {
                                    "total": 0.004896748054306954,
                                    "count": 4,
                                    "self": 0.00010908098192885518,
                                    "children": {
                                        "TorchPolicy.evaluate": {
                                            "total": 0.004787667072378099,
                                            "count": 4,
                                            "self": 0.004787667072378099
                                        }
                                    }
                                },
                                "workers": {
                                    "total": 3.604101948440075e-05,
                                    "count": 3,
                                    "self": 0.0,
                                    "children": {
                                        "worker_root": {
                                            "total": 0.03774087497731671,
                                            "count": 3,
                                            "is_parallel": true,
                                            "self": 0.019867708906531334,
                                            "children": {
                                                "steps_from_proto": {
                                                    "total": 0.0005970000056549907,
                                                    "count": 1,
                                                    "is_parallel": true,
                                                    "self": 0.0003441239823587239,
                                                    "children": {
                                                        "_process_rank_one_or_two_observation": {
                                                            "total": 0.0002528760232962668,
                                                            "count": 2,
                                                            "is_parallel": true,
                                                            "self": 0.0002528760232962668
                                                        }
                                                    }
                                                },
                                                "UnityEnvironment.step": {
                                                    "total": 0.017276166065130383,
                                                    "count": 3,
                                                    "is_parallel": true,
                                                    "self": 0.00012966798385605216,
                                                    "children": {
                                                        "UnityEnvironment._generate_step_input": {
                                                            "total": 0.00014783197548240423,
                                                            "count": 3,
                                                            "is_parallel": true,
                                                            "self": 0.00014783197548240423
                                                        },
                                                        "communicator.exchange": {
                                                            "total": 0.016598750080447644,
                                                            "count": 3,
                                                            "is_parallel": true,
                                                            "self": 0.016598750080447644
                                                        },
                                                        "steps_from_proto": {
                                                            "total": 0.0003999160253442824,
                                                            "count": 3,
                                                            "is_parallel": true,
                                                            "self": 0.0002325819805264473,
                                                            "children": {
                                                                "_process_rank_one_or_two_observation": {
                                                                    "total": 0.0001673340448178351,
                                                                    "count": 6,
                                                                    "is_parallel": true,
                                                                    "self": 0.0001673340448178351
                                                                }
                                                            }
                                                        }
                                                    }
                                                }
                                            }
                                        }
                                    }
                                }
                            }
                        },
                        "trainer_advance": {
                            "total": 3.2291049137711525e-05,
                            "count": 3,
                            "self": 2.170907100662589e-05,
                            "children": {
                                "process_trajectory": {
                                    "total": 1.0581978131085634e-05,
                                    "count": 3,
                                    "self": 1.0581978131085634e-05
                                }
                            }
                        }
                    }
                },
                "trainer_threads": {
                    "total": 1.4579854905605316e-06,
                    "count": 1,
                    "self": 1.4579854905605316e-06
                },
                "TrainerController._save_models": {
                    "total": 0.05667925003217533,
                    "count": 1,
                    "self": 0.00041025003883987665,