{
    "name": "root",
    "metadata": {
        "timer_format_version": "0.1.0",
        "start_time_seconds": "1748757849",
        "python_version": "3.10.2 | packaged by conda-forge | (main, Mar  8 2022, 15:52:47) [Clang 11.1.0 ]",
        "command_line_arguments": "/opt/anaconda3/envs/mlagents/bin/mlagents-learn config/test_config.yaml --run-id=branchsize3_0601_26",
        "mlagents_version": "1.0.0",
        "mlagents_envs_version": "1.0.0",
        "communication_protocol_version": "1.5.0",
        "pytorch_version": "1.13.1",
        "numpy_version": "1.23.1",
        "end_time_seconds": "1748757881"
    },
    "total": 32.70646712498274,
    "count": 1,
    "self": 0.0025210410240106285,
    "children": {
        "run_training.setup": {
            "total": 0.012908416974823922,
            "count": 1,
            "self": 0.012908416974823922
        },
        "TrainerController.start_learning": {
            "total": 32.6910376669839,
            "count": 1,
            "self": 0.00514738354831934,
            "children": {
                "TrainerController._reset_env": {
                    "total": 3.1683253750088625,
                    "count": 1,
                    "self": 3.1683253750088625
                },
                "TrainerController.advance": {
                    "total": 29.458107533457223,
                    "count": 438,
                    "self": 0.0037839883007109165,
                    "children": {
                        "env_step": {
                            "total": 29.292875337065198,
                            "count": 438,
                            "self": 29.00981966604013,
                            "children": {
                                "SubprocessEnvManager._take_step": {
                                    "total": 0.28039674856700003,
                                    "count": 438,
                                    "self": 0.007465818664059043,
                                    "children": {
                                        "TorchPolicy.evaluate": {
                                            "total": 0.272930929902941,
                                            "count": 438,
                                            "self": 0.272930929902941
                                        }
                                    }
                                },
                                "workers": {
                                    "total": 0.0026589224580675364,
                                    "count": 437,
                                    "self": 0.0,
                                    "children": {
                                        "worker_root": {
                                            "total": 23.432296374754515,
                                            "count": 437,
                                            "is_parallel": true,
                                            "self": 0.6466212067171,
                                            "children": {
                                                "steps_from_proto": {
                                                    "total": 0.000678708020132035,
                                                    "count": 1,
                                                    "is_parallel": true,
                                                    "self": 0.0003708330332301557,
                                                    "children": {
                                                        "_process_rank_one_or_two_observation": {
                                                            "total": 0.0003078749869018793,
                                                            "count": 2,
                                                            "is_parallel": true,
                                                            "self": 0.0003078749869018793
                                                        }
                                                    }
                                                },
                                                "UnityEnvironment.step": {
                                                    "total": 22.784996460017283,
                                                    "count": 437,
                                                    "is_parallel": true,
                                                    "self": 0.015546498994808644,
                                                    "children": {
                                                        "UnityEnvironment._generate_step_input": {
                                                            "total": 0.011805787624325603,
                                                            "count": 437,
                                                            "is_parallel": true,
                                                            "self": 0.011805787624325603
                                                        },
                                                        "communicator.exchange": {
                                                            "total": 22.702558581950143,
                                                            "count": 437,
                                                            "is_parallel": true,
                                                            "self": 22.702558581950143
                                                        },
                                                        "steps_from_proto": {
                                                            "total": 0.05508559144800529,
                                                            "count": 437,
                                                            "is_parallel": true,
                                                            "self": 0.02934638556325808,
                                                            "children": {
                                                                "_process_rank_one_or_two_observation": {
                                                                    "total": 0.025739205884747207,
                                                                    "count": 874,
                                                                    "is_parallel": true,
                                                                    "self": 0.025739205884747207
                                                                }
                                                            }
                                                        }
                                                    }
                                                }
                                            }
                                        }
                                    }
                                }
                            }
                        },
                        "trainer_advance": {
                            "total": 0.16144820809131488,
                            "count": 437,
                            "self": 0.005460496468003839,
                            "children": {
                                "process_trajectory": {
                                    "total": 0.009540502680465579,
                                    "count": 437,
                                    "self": 0.009540502680465579
                                },
                                "_update_policy": {
                                    "total": 0.14644720894284546,
                                    "count": 3,
                                    "self": 0.0174933816306293,
                                    "children": {
                                        "TorchPPOOptimizer.update": {
                                            "total": 0.12895382731221616,
                                            "count": 108,