{
    "name": "root",
    "metadata": {
        "timer_format_version": "0.1.0",
        "start_time_seconds": "1748779258",
        "python_version": "3.10.2 (tags/v3.10.2:a58ebcc, Jan 17 2022, 14:12:15) [MSC v.1929 64 bit (AMD64)]",
        "command_line_arguments": "C:\\Users\\kang\\AppData\\Local\\Programs\\Python\\Python310\\Scripts\\mlagents-learn config/test_config.yaml --run-id=test0529_20464778667",
        "mlagents_version": "1.0.0",
        "mlagents_envs_version": "1.0.0",
        "communication_protocol_version": "1.5.0",
        "pytorch_version": "1.13.1+cu117",
        "numpy_version": "1.23.1",
        "end_time_seconds": "1748779347"
    },
    "total": 89.48731740000221,
    "count": 1,
    "self": 0.0038600000043516047,
    "children": {
        "run_training.setup": {
            "total": 0.07146659999853,
            "count": 1,
            "self": 0.07146659999853
        },
        "TrainerController.start_learning": {
            "total": 89.41199079999933,
            "count": 1,
            "self": 0.055884799927298445,
            "children": {
                "TrainerController._reset_env": {
                    "total": 6.252969999997731,
                    "count": 1,
                    "self": 6.252969999997731
                },
                "TrainerController.advance": {
                    "total": 83.01048970007469,
                    "count": 3521,
                    "self": 0.04861500005426933,
                    "children": {
                        "env_step": {
                            "total": 75.66502599999876,
                            "count": 3521,
                            "self": 67.12550759997976,
                            "children": {
                                "SubprocessEnvManager._take_step": {
                                    "total": 8.503772200016101,
                                    "count": 3521,
                                    "self": 0.1304451999567391,
                                    "children": {
                                        "TorchPolicy.evaluate": {
                                            "total": 8.373327000059362,
                                            "count": 3521,
                                            "self": 8.373327000059362
                                        }
                                    }
                                },
                                "workers": {
                                    "total": 0.035746200002904516,
                                    "count": 3520,
                                    "self": 0.0,
                                    "children": {
                                        "worker_root": {
                                            "total": 83.52274700000635,
                                            "count": 3520,
                                            "is_parallel": true,
                                            "self": 18.946774600088247,
                                            "children": {
                                                "steps_from_proto": {
                                                    "total": 0.00029040000299573876,
                                                    "count": 1,
                                                    "is_parallel": true,
                                                    "self": 0.00015940000594127923,
                                                    "children": {
                                                        "_process_rank_one_or_two_observation": {
                                                            "total": 0.00013099999705445953,
                                                            "count": 2,
                                                            "is_parallel": true,
                                                            "self": 0.00013099999705445953
                                                        }
                                                    }
                                                },
                                                "UnityEnvironment.step": {
                                                    "total": 64.5756819999151,
                                                    "count": 3520,
                                                    "is_parallel": true,
                                                    "self": 0.2252695000024687,
                                                    "children": {
                                                        "UnityEnvironment._generate_step_input": {
                                                            "total": 0.17663549994540517,
                                                            "count": 3520,
                                                            "is_parallel": true,
                                                            "self": 0.17663549994540517
                                                        },
                                                        "communicator.exchange": {
                                                            "total": 63.47561400009363,
                                                            "count": 3520,
                                                            "is_parallel": true,
                                                            "self": 63.47561400009363
                                                        },
                                                        "steps_from_proto": {
                                                            "total": 0.6981629998736025,
                                                            "count": 3520,
                                                            "is_parallel": true,
                                                            "self": 0.40645629996652133,
                                                            "children": {
                                                                "_process_rank_one_or_two_observation": {
                                                                    "total": 0.2917066999070812,
                                                                    "count": 7040,
                                                                    "is_parallel": true,
                                                                    "self": 0.2917066999070812
                                                                }
                                                            }
                                                        }
                                                    }
                                                }
                                            }
                                        }
                                    }
                                }
                            }
                        },
                        "trainer_advance": {
                            "total": 7.2968487000216555,
                            "count": 3520,
                            "self": 0.07019760001276154,
                            "children": {
                                "process_trajectory": {
                                    "total": 0.2102252000149747,
                                    "count": 3520,
                                    "self": 0.2102252000149747
                                },
                                "_update_policy": {
                                    "total": 7.016425899993919,
                                    "count": 26,
                                    "self": 0.30859490003058454,
                                    "children": {
                                        "TorchPPOOptimizer.update": {
                                            "total": 6.707830999963335,
                                            "count": 987,