{
    "name": "root",
    "metadata": {
        "timer_format_version": "0.1.0",
        "start_time_seconds": "1748788563",
        "python_version": "3.10.2 | packaged by conda-forge | (main, Mar  8 2022, 15:52:47) [Clang 11.1.0 ]",
        "command_line_arguments": "/opt/anaconda3/envs/mlagents/bin/mlagents-learn config/test_config.yaml --run-id=branchsize3_0601_038",
        "mlagents_version": "1.0.0",
        "mlagents_envs_version": "1.0.0",
        "communication_protocol_version": "1.5.0",
        "pytorch_version": "1.13.1",
        "numpy_version": "1.23.1",
        "end_time_seconds": "1748788642"
    },
    "total": 78.67688662500586,
    "count": 1,
    "self": 0.0023212500382214785,
    "children": {
        "run_training.setup": {
            "total": 0.012474749993998557,
            "count": 1,
            "self": 0.012474749993998557
        },
        "TrainerController.start_learning": {
            "total": 78.66209062497364,
            "count": 1,
            "self": 0.000725625897757709,
            "children": {
                "TrainerController._reset_env": {
                    "total": 3.594083083968144,
                    "count": 1,
                    "self": 3.594083083968144
                },
                "TrainerController.advance": {
                    "total": 75.01564554008655,
                    "count": 4,
                    "self": 0.0001232070499099791,
                    "children": {
                        "env_step": {
                            "total": 75.015490958991,
                            "count": 4,
                            "self": 75.010908124852,
                            "children": {
                                "SubprocessEnvManager._take_step": {
                                    "total": 0.004566001065541059,
                                    "count": 4,
                                    "self": 0.00011537614045664668,
                                    "children": {
                                        "TorchPolicy.evaluate": {
                                            "total": 0.004450624925084412,
                                            "count": 4,
                                            "self": 0.004450624925084412
                                        }
                                    }
                                },
                                "workers": {
                                    "total": 1.683307345956564e-05,
                                    "count": 3,
                                    "self": 0.0,
                                    "children": {
                                        "worker_root": {
                                            "total": 0.03983645903645083,
                                            "count": 3,
                                            "is_parallel": true,
                                            "self": 0.02027754206210375,
                                            "children": {
                                                "steps_from_proto": {
                                                    "total": 0.0007956249755807221,
                                                    "count": 1,
                                                    "is_parallel": true,
                                                    "self": 0.0004212089697830379,
                                                    "children": {
                                                        "_process_rank_one_or_two_observation": {
                                                            "total": 0.0003744160057976842,
                                                            "count": 2,
                                                            "is_parallel": true,
                                                            "self": 0.0003744160057976842
                                                        }
                                                    }
                                                },
                                                "UnityEnvironment.step": {
                                                    "total": 0.018763291998766363,
                                                    "count": 3,
                                                    "is_parallel": true,
                                                    "self": 0.00015191698912531137,
                                                    "children": {
                                                        "UnityEnvironment._generate_step_input": {
                                                            "total": 0.0001782500185072422,
                                                            "count": 3,
                                                            "is_parallel": true,
                                                            "self": 0.0001782500185072422
                                                        },
                                                        "communicator.exchange": {
                                                            "total": 0.017990208056289703,
                                                            "count": 3,
                                                            "is_parallel": true,
                                                            "self": 0.017990208056289703
                                                        },
                                                        "steps_from_proto": {
                                                            "total": 0.00044291693484410644,
                                                            "count": 3,
                                                            "is_parallel": true,
                                                            "self": 0.0002586248447187245,
                                                            "children": {
                                                                "_process_rank_one_or_two_observation": {
                                                                    "total": 0.00018429209012538195,
                                                                    "count": 6,
                                                                    "is_parallel": true,
                                                                    "self": 0.00018429209012538195
                                                                }
                                                            }
                                                        }
                                                    }
                                                }
                                            }
                                        }
                                    }
                                }
                            }
                        },
                        "trainer_advance": {
                            "total": 3.137404564768076e-05,
                            "count": 3,
                            "self": 2.0958075765520334e-05,
                            "children": {
                                "process_trajectory": {
                                    "total": 1.0415969882160425e-05,
                                    "count": 3,
                                    "self": 1.0415969882160425e-05
                                }
                            }
                        }
                    }
                },
                "trainer_threads": {
                    "total": 2.9170187190175056e-06,
                    "count": 1,
                    "self": 2.9170187190175056e-06
                },
                "TrainerController._save_models": {
                    "total": 0.051633458002470434,
                    "count": 1,
                    "self": 0.0004069580463692546,