{
    "name": "root",
    "metadata": {
        "timer_format_version": "0.1.0",
        "start_time_seconds": "1749114195",
        "python_version": "3.10.2 | packaged by conda-forge | (main, Mar  8 2022, 15:52:47) [Clang 11.1.0 ]",
        "command_line_arguments": "/opt/anaconda3/envs/mlagents/bin/mlagents-learn config/test_config.yaml --run-id=0605_1",
        "mlagents_version": "1.0.0",
        "mlagents_envs_version": "1.0.0",
        "communication_protocol_version": "1.5.0",
        "pytorch_version": "1.13.1",
        "numpy_version": "1.23.1",
        "end_time_seconds": "1749114275"
    },
    "total": 80.35699466697406,
    "count": 1,
    "self": 0.003308541956357658,
    "children": {
        "run_training.setup": {
            "total": 0.01765362499281764,
            "count": 1,
            "self": 0.01765362499281764
        },
        "TrainerController.start_learning": {
            "total": 80.33603250002488,
            "count": 1,
            "self": 0.005537991994060576,
            "children": {
                "TrainerController._reset_env": {
                    "total": 3.419213082990609,
                    "count": 1,
                    "self": 3.419213082990609
                },
                "TrainerController.advance": {
                    "total": 76.8329343420919,
                    "count": 464,
                    "self": 0.0044003165094181895,
                    "children": {
                        "env_step": {
                            "total": 76.65417301724665,
                            "count": 464,
                            "self": 76.30183952488005,
                            "children": {
                                "SubprocessEnvManager._take_step": {
                                    "total": 0.34942466823849827,
                                    "count": 464,
                                    "self": 0.008672789786942303,
                                    "children": {
                                        "TorchPolicy.evaluate": {
                                            "total": 0.34075187845155597,
                                            "count": 464,
                                            "self": 0.34075187845155597
                                        }
                                    }
                                },
                                "workers": {
                                    "total": 0.002908824128098786,
                                    "count": 463,
                                    "self": 0.0,
                                    "children": {
                                        "worker_root": {
                                            "total": 16.311432011425495,
                                            "count": 463,
                                            "is_parallel": true,
                                            "self": 0.7641849571373314,
                                            "children": {
                                                "steps_from_proto": {
                                                    "total": 0.0007846669759601355,
                                                    "count": 1,
                                                    "is_parallel": true,
                                                    "self": 0.0004085840191692114,
                                                    "children": {
                                                        "_process_rank_one_or_two_observation": {
                                                            "total": 0.00037608295679092407,
                                                            "count": 2,
                                                            "is_parallel": true,
                                                            "self": 0.00037608295679092407
                                                        }
                                                    }
                                                },
                                                "UnityEnvironment.step": {
                                                    "total": 15.546462387312204,
                                                    "count": 463,
                                                    "is_parallel": true,
                                                    "self": 0.017216274398379028,
                                                    "children": {
                                                        "UnityEnvironment._generate_step_input": {
                                                            "total": 0.01389115653000772,
                                                            "count": 463,
                                                            "is_parallel": true,
                                                            "self": 0.01389115653000772
                                                        },
                                                        "communicator.exchange": {
                                                            "total": 15.45334137394093,
                                                            "count": 463,
                                                            "is_parallel": true,
                                                            "self": 15.45334137394093
                                                        },
                                                        "steps_from_proto": {
                                                            "total": 0.06201358244288713,
                                                            "count": 463,
                                                            "is_parallel": true,
                                                            "self": 0.03151134878862649,
                                                            "children": {
                                                                "_process_rank_one_or_two_observation": {
                                                                    "total": 0.030502233654260635,
                                                                    "count": 926,
                                                                    "is_parallel": true,
                                                                    "self": 0.030502233654260635
                                                                }
                                                            }
                                                        }
                                                    }
                                                }
                                            }
                                        }
                                    }
                                }
                            }
                        },
                        "trainer_advance": {
                            "total": 0.17436100833583623,
                            "count": 463,
                            "self": 0.007413383922539651,
                            "children": {
                                "process_trajectory": {
                                    "total": 0.01358429144602269,
                                    "count": 463,
                                    "self": 0.01358429144602269
                                },
                                "_update_policy": {
                                    "total": 0.1533633329672739,
                                    "count": 3,
                                    "self": 0.01880162418819964,
                                    "children": {
                                        "TorchPPOOptimizer.update": {
                                            "total": 0.13456170877907425,
                                            "count": 108,