{
    "name": "root",
    "gauges": {
        "Agent.Policy.Entropy.mean": {
            "value": 3.3412039279937744,
            "min": 3.3412039279937744,
            "max": 3.7211754322052,
            "count": 2
        },
        "Agent.Policy.Entropy.sum": {
            "value": 33412.0390625,
            "min": 33412.0390625,
            "max": 37245.24609375,
            "count": 2
        },
        "Agent.Environment.EpisodeLength.mean": {
            "value": 199.0,
            "min": 195.34,
            "max": 199.0,
            "count": 2
        },
        "Agent.Environment.EpisodeLength.sum": {
            "value": 9950.0,
            "min": 9767.0,
            "max": 9950.0,
            "count": 2
        },
        "Agent.Step.mean": {
            "value": 19945.0,
            "min": 9945.0,
            "max": 19945.0,
            "count": 2
        },
        "Agent.Step.sum": {
            "value": 19945.0,
            "min": 9945.0,
            "max": 19945.0,
            "count": 2
        },
        "Agent.Policy.ExtrinsicValueEstimate.mean": {
            "value": 0.8098150491714478,
            "min": 0.8098150491714478,
            "max": 2.522209644317627,
            "count": 2
        },
        "Agent.Policy.ExtrinsicValueEstimate.sum": {
            "value": 161.9630126953125,
            "min": 161.9630126953125,
            "max": 501.91973876953125,
            "count": 2
        },
        "Agent.Environment.CumulativeReward.mean": {
            "value": 0.6753999738022685,
            "min": 0.6172599546611309,
            "max": 0.6753999738022685,
            "count": 2
        },
        "Agent.Environment.CumulativeReward.sum": {
            "value": 33.769998690113425,
            "min": 30.862997733056545,
            "max": 33.769998690113425,
            "count": 2
        },
        "Agent.Policy.ExtrinsicReward.mean": {
            "value": 0.6753999738022685,
            "min": 0.6172599546611309,
            "max": 0.6753999738022685,
            "count": 2
        },
        "Agent.Policy.ExtrinsicReward.sum": {
            "value": 33.769998690113425,
            "min": 30.862997733056545,
            "max": 33.769998690113425,
            "count": 2
        },
        "Agent.Losses.PolicyLoss.mean": {
            "value": 0.24725124096730725,
            "min": 0.24488820184262203,
            "max": 0.24725124096730725,
            "count": 2
        },
        "Agent.Losses.PolicyLoss.sum": {
            "value": 18.543843072548043,
            "min": 18.12172693635403,
            "max": 18.543843072548043,
            "count": 2
        },
        "Agent.Losses.ValueLoss.mean": {
            "value": 0.021470190067789642,
            "min": 0.021470190067789642,
            "max": 0.1287720899609729,
            "count": 2
        },
        "Agent.Losses.ValueLoss.sum": {
            "value": 1.6102642550842232,
            "min": 1.6102642550842232,
            "max": 9.529134657111994,
            "count": 2
        },
        "Agent.Policy.LearningRate.mean": {
            "value": 0.000291033002989,
            "min": 0.000291033002989,
            "max": 0.0002969929793807188,
            "count": 2
        },
        "Agent.Policy.LearningRate.sum": {
            "value": 0.021827475224175,
            "min": 0.021827475224175,
            "max": 0.021977480474173194,
            "count": 2
        },
        "Agent.Policy.Epsilon.mean": {
            "value": 0.19701100000000007,
            "min": 0.19701100000000007,
            "max": 0.19899765945945944,
            "count": 2
        },
        "Agent.Policy.Epsilon.sum": {
            "value": 14.775825000000005,
            "min": 14.725826799999998,
            "max": 14.775825000000005,
            "count": 2
        },
        "Agent.Policy.Beta.mean": {
            "value": 0.0005000000000000001,
            "min": 0.0005000000000000001,
            "max": 0.0005000000000000001,
            "count": 2
        },
        "Agent.Policy.Beta.sum": {
            "value": 0.037500000000000006,
            "min": 0.037000000000000005,
            "max": 0.037500000000000006,
            "count": 2
        },
        "Agent.IsTraining.mean": {
            "value": 1.0,
            "min": 1.0,
            "max": 1.0,
            "count": 2
        },
        "Agent.IsTraining.sum": {
            "value": 1.0,
            "min": 1.0,
            "max": 1.0,
            "count": 2
        }
    },
    "metadata": {
        "timer_format_version": "0.1.0",
        "start_time_seconds": "1748777988",
        "python_version": "3.10.2 (tags/v3.10.2:a58ebcc, Jan 17 2022, 14:12:15) [MSC v.1929 64 bit (AMD64)]",
        "command_line_arguments": "C:\\Users\\kang\\AppData\\Local\\Programs\\Python\\Python310\\Scripts\\mlagents-learn config/test_config.yaml --run-id=test0529_20464778",
        "mlagents_version": "1.0.0",
        "mlagents_envs_version": "1.0.0",
        "communication_protocol_version": "1.5.0",
        "pytorch_version": "1.13.1+cu117",
        "numpy_version": "1.23.1",
        "end_time_seconds": "1748778737"
    },
    "total": 749.0408960999994,
    "count": 1,
    "self": 0.004146700001001591,
    "children": {
        "run_training.setup": {
            "total": 0.06653029999870341,
            "count": 1,
            "self": 0.06653029999870341
        },
        "TrainerController.start_learning": {
            "total": 748.9702190999997,
            "count": 1,
            "self": 0.4637909995180962,
            "children": {
                "TrainerController._reset_env": {
                    "total": 4.498274899997341,
                    "count": 1,
                    "self": 4.498274899997341
                },
                "TrainerController.advance": {
                    "total": 743.9238190004835,
                    "count": 29095,
                    "self": 0.38958110074236174,
                    "children": {
                        "env_step": {
                            "total": 682.3307393997275,
                            "count": 29095,
                            "self": 614.7698199999359,
                            "children": {
                                "SubprocessEnvManager._take_step": {
                                    "total": 67.25727459982227,
                                    "count": 29095,
                                    "self": 1.097144899347768,
                                    "children": {
                                        "TorchPolicy.evaluate": {
                                            "total": 66.1601297004745,
                                            "count": 29095,
                                            "self": 66.1601297004745
                                        }
                                    }
                                },
                                "workers": {
                                    "total": 0.3036447999693337,
                                    "count": 29094,
                                    "self": 0.0,
                                    "children": {
                                        "worker_root": {
                                            "total": 681.7728356992011,
                                            "count": 29094,
                                            "is_parallel": true,
                                            "self": 150.34185289925517,
                                            "children": {
                                                "steps_from_proto": {
                                                    "total": 0.00037960000190651044,
                                                    "count": 1,
                                                    "is_parallel": true,
                                                    "self": 0.0001979000044229906,