{
    "name": "root",
    "metadata": {
        "timer_format_version": "0.1.0",
        "start_time_seconds": "1748878993",
        "python_version": "3.10.2 | packaged by conda-forge | (main, Mar  8 2022, 15:52:47) [Clang 11.1.0 ]",
        "command_line_arguments": "/opt/anaconda3/envs/mlagents/bin/mlagents-learn config/test_config.yaml --run-id=0602_15",
        "mlagents_version": "1.0.0",
        "mlagents_envs_version": "1.0.0",
        "communication_protocol_version": "1.5.0",
        "pytorch_version": "1.13.1",
        "numpy_version": "1.23.1",
        "end_time_seconds": "1748879012"
    },
    "total": 18.99781295802677,
    "count": 1,
    "self": 0.0034876670106314123,
    "children": {
        "run_training.setup": {
            "total": 0.012267458019778132,
            "count": 1,
            "self": 0.012267458019778132
        },
        "TrainerController.start_learning": {
            "total": 18.98205783299636,
            "count": 1,
            "self": 0.005369119346141815,
            "children": {
                "TrainerController._reset_env": {
                    "total": 2.7566597079858184,
                    "count": 1,
                    "self": 2.7566597079858184
                },
                "TrainerController.advance": {
                    "total": 16.160670881683473,
                    "count": 447,
                    "self": 0.003778961196076125,
                    "children": {
                        "env_step": {
                            "total": 15.995364203699864,
                            "count": 447,
                            "self": 15.693081111297943,
                            "children": {
                                "SubprocessEnvManager._take_step": {
                                    "total": 0.2994176273350604,
                                    "count": 447,
                                    "self": 0.007842241204343736,
                                    "children": {
                                        "TorchPolicy.evaluate": {
                                            "total": 0.29157538613071665,
                                            "count": 447,
                                            "self": 0.29157538613071665
                                        }
                                    }
                                },
                                "workers": {
                                    "total": 0.0028654650668613613,
                                    "count": 446,
                                    "self": 0.0,
                                    "children": {
                                        "worker_root": {
                                            "total": 5.919922461442184,
                                            "count": 446,
                                            "is_parallel": true,
                                            "self": 0.673246631748043,
                                            "children": {
                                                "steps_from_proto": {
                                                    "total": 0.000622958003077656,
                                                    "count": 1,
                                                    "is_parallel": true,
                                                    "self": 0.00035641598515212536,
                                                    "children": {
                                                        "_process_rank_one_or_two_observation": {
                                                            "total": 0.00026654201792553067,
                                                            "count": 2,
                                                            "is_parallel": true,
                                                            "self": 0.00026654201792553067
                                                        }
                                                    }
                                                },
                                                "UnityEnvironment.step": {
                                                    "total": 5.246052871691063,
                                                    "count": 446,
                                                    "is_parallel": true,
                                                    "self": 0.017309946881141514,
                                                    "children": {
                                                        "UnityEnvironment._generate_step_input": {
                                                            "total": 0.012052958074491471,
                                                            "count": 446,
                                                            "is_parallel": true,
                                                            "self": 0.012052958074491471
                                                        },
                                                        "communicator.exchange": {
                                                            "total": 5.156406089081429,
                                                            "count": 446,
                                                            "is_parallel": true,
                                                            "self": 5.156406089081429
                                                        },
                                                        "steps_from_proto": {
                                                            "total": 0.06028387765400112,
                                                            "count": 446,
                                                            "is_parallel": true,
                                                            "self": 0.030540823936462402,
                                                            "children": {
                                                                "_process_rank_one_or_two_observation": {
                                                                    "total": 0.029743053717538714,
                                                                    "count": 892,
                                                                    "is_parallel": true,
                                                                    "self": 0.029743053717538714
                                                                }
                                                            }
                                                        }
                                                    }
                                                }
                                            }
                                        }
                                    }
                                }
                            }
                        },
                        "trainer_advance": {
                            "total": 0.16152771678753197,
                            "count": 446,
                            "self": 0.0060231395764276385,
                            "children": {
                                "process_trajectory": {
                                    "total": 0.009760828223079443,
                                    "count": 446,
                                    "self": 0.009760828223079443
                                },
                                "_update_policy": {
                                    "total": 0.1457437489880249,
                                    "count": 3,
                                    "self": 0.017133912886492908,
                                    "children": {
                                        "TorchPPOOptimizer.update": {
                                            "total": 0.12860983610153198,
                                            "count": 108,