{
    "name": "root",
    "metadata": {
        "timer_format_version": "0.1.0",
        "start_time_seconds": "1749382751",
        "python_version": "3.10.2 | packaged by conda-forge | (main, Mar  8 2022, 15:52:47) [Clang 11.1.0 ]",
        "command_line_arguments": "/opt/anaconda3/envs/mlagents/bin/mlagents-learn config/test_config.yaml --run-id=0608_11",
        "mlagents_version": "1.0.0",
        "mlagents_envs_version": "1.0.0",
        "communication_protocol_version": "1.5.0",
        "pytorch_version": "1.13.1",
        "numpy_version": "1.23.1",
        "end_time_seconds": "1749382997"
    },
    "total": 246.27921687500202,
    "count": 1,
    "self": 0.0020390830177348107,
    "children": {
        "run_training.setup": {
            "total": 0.011557916994206607,
            "count": 1,
            "self": 0.011557916994206607
        },
        "TrainerController.start_learning": {
            "total": 246.26561987499008,
            "count": 1,
            "self": 0.03712304719374515,
            "children": {
                "TrainerController._reset_env": {
                    "total": 3.3562551670183893,
                    "count": 1,
                    "self": 3.3562551670183893
                },
                "TrainerController.advance": {
                    "total": 242.7752279517881,
                    "count": 3601,
                    "self": 0.032595421303994954,
                    "children": {
                        "env_step": {
                            "total": 241.2679848492844,
                            "count": 3601,
                            "self": 238.78056388633559,
                            "children": {
                                "SubprocessEnvManager._take_step": {
                                    "total": 2.4642215541680343,
                                    "count": 3601,
                                    "self": 0.06355952372541651,
                                    "children": {
                                        "TorchPolicy.evaluate": {
                                            "total": 2.400662030442618,
                                            "count": 3598,
                                            "self": 2.400662030442618
                                        }
                                    }
                                },
                                "workers": {
                                    "total": 0.023199408780783415,
                                    "count": 3600,
                                    "self": 0.0,
                                    "children": {
                                        "worker_root": {
                                            "total": 122.07175322264084,
                                            "count": 3600,
                                            "is_parallel": true,
                                            "self": 5.6133521526062395,
                                            "children": {
                                                "steps_from_proto": {
                                                    "total": 0.00040920800529420376,
                                                    "count": 1,
                                                    "is_parallel": true,
                                                    "self": 0.00018950001685880125,
                                                    "children": {
                                                        "_process_rank_one_or_two_observation": {
                                                            "total": 0.0002197079884354025,
                                                            "count": 2,
                                                            "is_parallel": true,
                                                            "self": 0.0002197079884354025
                                                        }
                                                    }
                                                },
                                                "UnityEnvironment.step": {
                                                    "total": 116.4579918620293,
                                                    "count": 3600,
                                                    "is_parallel": true,
                                                    "self": 0.150742769241333,
                                                    "children": {
                                                        "UnityEnvironment._generate_step_input": {
                                                            "total": 0.1000587321468629,
                                                            "count": 3600,
                                                            "is_parallel": true,
                                                            "self": 0.1000587321468629
                                                        },
                                                        "communicator.exchange": {
                                                            "total": 115.6888401840697,
                                                            "count": 3600,
                                                            "is_parallel": true,
                                                            "self": 115.6888401840697
                                                        },
                                                        "steps_from_proto": {
                                                            "total": 0.5183501765714027,
                                                            "count": 3600,
                                                            "is_parallel": true,
                                                            "self": 0.2591780796064995,
                                                            "children": {
                                                                "_process_rank_one_or_two_observation": {
                                                                    "total": 0.2591720969649032,
                                                                    "count": 7200,
                                                                    "is_parallel": true,
                                                                    "self": 0.2591720969649032
                                                                }
                                                            }
                                                        }
                                                    }
                                                }
                                            }
                                        }
                                    }
                                }
                            }
                        },
                        "trainer_advance": {
                            "total": 1.4746476811997127,
                            "count": 3600,
                            "self": 0.05226162594044581,
                            "children": {
                                "process_trajectory": {
                                    "total": 0.08814809616887942,
                                    "count": 3600,
                                    "self": 0.08814809616887942
                                },
                                "_update_policy": {
                                    "total": 1.3342379590903874,
                                    "count": 28,
                                    "self": 0.15681025973754004,
                                    "children": {
                                        "TorchPPOOptimizer.update": {
                                            "total": 1.1774276993528474,
                                            "count": 1002,