{
    "name": "root",
    "metadata": {
        "timer_format_version": "0.1.0",
        "start_time_seconds": "1748777217",
        "python_version": "3.10.2 | packaged by conda-forge | (main, Mar  8 2022, 15:52:47) [Clang 11.1.0 ]",
        "command_line_arguments": "/opt/anaconda3/envs/mlagents/bin/mlagents-learn config/test_config.yaml --run-id=branchsize3_0601_019",
        "mlagents_version": "1.0.0",
        "mlagents_envs_version": "1.0.0",
        "communication_protocol_version": "1.5.0",
        "pytorch_version": "1.13.1",
        "numpy_version": "1.23.1",
        "end_time_seconds": "1748777399"
    },
    "total": 181.9809272910352,
    "count": 1,
    "self": 0.0036391239846125245,
    "children": {
        "run_training.setup": {
            "total": 0.01185258402256295,
            "count": 1,
            "self": 0.01185258402256295
        },
        "TrainerController.start_learning": {
            "total": 181.965435583028,
            "count": 1,
            "self": 0.0023156245006248355,
            "children": {
                "TrainerController._reset_env": {
                    "total": 8.074543250026181,
                    "count": 1,
                    "self": 8.074543250026181
                },
                "TrainerController.advance": {
                    "total": 173.79835987545084,
                    "count": 182,
                    "self": 0.001887917926069349,
                    "children": {
                        "env_step": {
                            "total": 173.7336885817349,
                            "count": 182,
                            "self": 173.60385292198043,
                            "children": {
                                "SubprocessEnvManager._take_step": {
                                    "total": 0.12871112249558792,
                                    "count": 182,
                                    "self": 0.0032172772916965187,
                                    "children": {
                                        "TorchPolicy.evaluate": {
                                            "total": 0.1254938452038914,
                                            "count": 182,
                                            "self": 0.1254938452038914
                                        }
                                    }
                                },
                                "workers": {
                                    "total": 0.001124537258874625,
                                    "count": 181,
                                    "self": 0.0,
                                    "children": {
                                        "worker_root": {
                                            "total": 112.040982921666,
                                            "count": 181,
                                            "is_parallel": true,
                                            "self": 0.2884452059515752,
                                            "children": {
                                                "steps_from_proto": {
                                                    "total": 0.0005260420148260891,
                                                    "count": 1,
                                                    "is_parallel": true,
                                                    "self": 0.0002786670229397714,
                                                    "children": {
                                                        "_process_rank_one_or_two_observation": {
                                                            "total": 0.00024737499188631773,
                                                            "count": 2,
                                                            "is_parallel": true,
                                                            "self": 0.00024737499188631773
                                                        }
                                                    }
                                                },
                                                "UnityEnvironment.step": {
                                                    "total": 111.7520116736996,
                                                    "count": 181,
                                                    "is_parallel": true,
                                                    "self": 0.007959296170156449,
                                                    "children": {
                                                        "UnityEnvironment._generate_step_input": {
                                                            "total": 0.005102783965412527,
                                                            "count": 181,
                                                            "is_parallel": true,
                                                            "self": 0.005102783965412527
                                                        },
                                                        "communicator.exchange": {
                                                            "total": 111.71291866817046,
                                                            "count": 181,
                                                            "is_parallel": true,
                                                            "self": 111.71291866817046
                                                        },
                                                        "steps_from_proto": {
                                                            "total": 0.026030925393570215,
                                                            "count": 181,
                                                            "is_parallel": true,
                                                            "self": 0.012995596800465137,
                                                            "children": {
                                                                "_process_rank_one_or_two_observation": {
                                                                    "total": 0.013035328593105078,
                                                                    "count": 362,
                                                                    "is_parallel": true,
                                                                    "self": 0.013035328593105078
                                                                }
                                                            }
                                                        }
                                                    }
                                                }
                                            }
                                        }
                                    }
                                }
                            }
                        },
                        "trainer_advance": {
                            "total": 0.06278337578987703,
                            "count": 181,
                            "self": 0.002106378262396902,
                            "children": {
                                "process_trajectory": {
                                    "total": 0.0035729145165532827,
                                    "count": 181,
                                    "self": 0.0035729145165532827
                                },
                                "_update_policy": {
                                    "total": 0.05710408301092684,
                                    "count": 1,
                                    "self": 0.006030665012076497,
                                    "children": {
                                        "TorchPPOOptimizer.update": {
                                            "total": 0.051073417998850346,
                                            "count": 36,