{
    "name": "root",
    "metadata": {
        "timer_format_version": "0.1.0",
        "start_time_seconds": "1748340835",
        "python_version": "3.10.2 | packaged by conda-forge | (main, Mar  8 2022, 15:52:47) [Clang 11.1.0 ]",
        "command_line_arguments": "/opt/anaconda3/envs/mlagents/bin/mlagents-learn config/test_config.yaml --run-id=test0527_4",
        "mlagents_version": "1.0.0",
        "mlagents_envs_version": "1.0.0",
        "communication_protocol_version": "1.5.0",
        "pytorch_version": "1.13.1",
        "numpy_version": "1.23.1",
        "end_time_seconds": "1748340971"
    },
    "total": 135.81196474999888,
    "count": 1,
    "self": 0.002564625996456016,
    "children": {
        "run_training.setup": {
            "total": 0.01185783300024923,
            "count": 1,
            "self": 0.01185783300024923
        },
        "TrainerController.start_learning": {
            "total": 135.79754229100217,
            "count": 1,
            "self": 0.007846129017707426,
            "children": {
                "TrainerController._reset_env": {
                    "total": 5.190499041003932,
                    "count": 1,
                    "self": 5.190499041003932
                },
                "TrainerController.advance": {
                    "total": 130.53012303797732,
                    "count": 770,
                    "self": 0.0071446389993070625,
                    "children": {
                        "env_step": {
                            "total": 130.2206907769505,
                            "count": 770,
                            "self": 129.70787923377065,
                            "children": {
                                "SubprocessEnvManager._take_step": {
                                    "total": 0.5081042131059803,
                                    "count": 770,
                                    "self": 0.013459646237606648,
                                    "children": {
                                        "TorchPolicy.evaluate": {
                                            "total": 0.49464456686837366,
                                            "count": 770,
                                            "self": 0.49464456686837366
                                        }
                                    }
                                },
                                "workers": {
                                    "total": 0.004707330073870253,
                                    "count": 769,
                                    "self": 0.0,
                                    "children": {
                                        "worker_root": {
                                            "total": 10.021210559934843,
                                            "count": 769,
                                            "is_parallel": true,
                                            "self": 1.1683340008967207,
                                            "children": {
                                                "steps_from_proto": {
                                                    "total": 0.0007692500003031455,
                                                    "count": 1,
                                                    "is_parallel": true,
                                                    "self": 0.00042087499605258927,
                                                    "children": {
                                                        "_process_rank_one_or_two_observation": {
                                                            "total": 0.00034837500425055623,
                                                            "count": 2,
                                                            "is_parallel": true,
                                                            "self": 0.00034837500425055623
                                                        }
                                                    }
                                                },
                                                "UnityEnvironment.step": {
                                                    "total": 8.85210730903782,
                                                    "count": 769,
                                                    "is_parallel": true,
                                                    "self": 0.029355360224144533,
                                                    "children": {
                                                        "UnityEnvironment._generate_step_input": {
                                                            "total": 0.021379258840170223,
                                                            "count": 769,
                                                            "is_parallel": true,
                                                            "self": 0.021379258840170223
                                                        },
                                                        "communicator.exchange": {
                                                            "total": 8.699073276904528,
                                                            "count": 769,
                                                            "is_parallel": true,
                                                            "self": 8.699073276904528
                                                        },
                                                        "steps_from_proto": {
                                                            "total": 0.10229941306897672,
                                                            "count": 769,
                                                            "is_parallel": true,
                                                            "self": 0.0507769039759296,
                                                            "children": {
                                                                "_process_rank_one_or_two_observation": {
                                                                    "total": 0.05152250909304712,
                                                                    "count": 1538,
                                                                    "is_parallel": true,
                                                                    "self": 0.05152250909304712
                                                                }
                                                            }
                                                        }
                                                    }
                                                }
                                            }
                                        }
                                    }
                                }
                            }
                        },
                        "trainer_advance": {
                            "total": 0.3022876220275066,
                            "count": 769,
                            "self": 0.009998952104069758,
                            "children": {
                                "process_trajectory": {
                                    "total": 0.019107793930743355,
                                    "count": 769,
                                    "self": 0.019107793930743355
                                },
                                "_update_policy": {
                                    "total": 0.2731808759926935,
                                    "count": 6,
                                    "self": 0.033943787013413385,
                                    "children": {
                                        "TorchPPOOptimizer.update": {
                                            "total": 0.2392370889792801,
                                            "count": 216,