{
    "name": "root",
    "metadata": {
        "timer_format_version": "0.1.0",
        "start_time_seconds": "1749242874",
        "python_version": "3.10.2 | packaged by conda-forge | (main, Mar  8 2022, 15:52:47) [Clang 11.1.0 ]",
        "command_line_arguments": "/opt/anaconda3/envs/mlagents/bin/mlagents-learn config/test_config.yaml --run-id=0606_19",
        "mlagents_version": "1.0.0",
        "mlagents_envs_version": "1.0.0",
        "communication_protocol_version": "1.5.0",
        "pytorch_version": "1.13.1",
        "numpy_version": "1.23.1",
        "end_time_seconds": "1749242975"
    },
    "total": 100.9669189999986,
    "count": 1,
    "self": 0.002514916006475687,
    "children": {
        "run_training.setup": {
            "total": 0.012123916996642947,
            "count": 1,
            "self": 0.012123916996642947
        },
        "TrainerController.start_learning": {
            "total": 100.95228016699548,
            "count": 1,
            "self": 0.014236448652809486,
            "children": {
                "TrainerController._reset_env": {
                    "total": 2.8089066250104224,
                    "count": 1,
                    "self": 2.8089066250104224
                },
                "TrainerController.advance": {
                    "total": 98.06887488534267,
                    "count": 1203,
                    "self": 0.010697165082092397,
                    "children": {
                        "env_step": {
                            "total": 97.5912125891191,
                            "count": 1203,
                            "self": 96.77855122537585,
                            "children": {
                                "SubprocessEnvManager._take_step": {
                                    "total": 0.8045635889138794,
                                    "count": 1203,
                                    "self": 0.02095262186776381,
                                    "children": {
                                        "TorchPolicy.evaluate": {
                                            "total": 0.7836109670461155,
                                            "count": 1201,
                                            "self": 0.7836109670461155
                                        }
                                    }
                                },
                                "workers": {
                                    "total": 0.008097774829366244,
                                    "count": 1202,
                                    "self": 0.0,
                                    "children": {
                                        "worker_root": {
                                            "total": 93.41453480396012,
                                            "count": 1202,
                                            "is_parallel": true,
                                            "self": 1.8436310208344366,
                                            "children": {
                                                "steps_from_proto": {
                                                    "total": 0.00048633299593348056,
                                                    "count": 1,
                                                    "is_parallel": true,
                                                    "self": 0.0002632489922689274,
                                                    "children": {
                                                        "_process_rank_one_or_two_observation": {
                                                            "total": 0.00022308400366455317,
                                                            "count": 2,
                                                            "is_parallel": true,
                                                            "self": 0.00022308400366455317
                                                        }
                                                    }
                                                },
                                                "UnityEnvironment.step": {
                                                    "total": 91.57041745012975,
                                                    "count": 1202,
                                                    "is_parallel": true,
                                                    "self": 0.05133725538325962,
                                                    "children": {
                                                        "UnityEnvironment._generate_step_input": {
                                                            "total": 0.0332794282148825,
                                                            "count": 1202,
                                                            "is_parallel": true,
                                                            "self": 0.0332794282148825
                                                        },
                                                        "communicator.exchange": {
                                                            "total": 91.31112155434676,
                                                            "count": 1202,
                                                            "is_parallel": true,
                                                            "self": 91.31112155434676
                                                        },
                                                        "steps_from_proto": {
                                                            "total": 0.17467921218485571,
                                                            "count": 1200,
                                                            "is_parallel": true,
                                                            "self": 0.08673422514402773,
                                                            "children": {
                                                                "_process_rank_one_or_two_observation": {
                                                                    "total": 0.08794498704082798,
                                                                    "count": 2400,
                                                                    "is_parallel": true,
                                                                    "self": 0.08794498704082798
                                                                }
                                                            }
                                                        }
                                                    }
                                                }
                                            }
                                        }
                                    }
                                }
                            }
                        },
                        "trainer_advance": {
                            "total": 0.4669651311414782,
                            "count": 1202,
                            "self": 0.016300824863719754,
                            "children": {
                                "process_trajectory": {
                                    "total": 0.028864892286946997,
                                    "count": 1202,
                                    "self": 0.028864892286946997
                                },
                                "_update_policy": {
                                    "total": 0.42179941399081144,
                                    "count": 9,
                                    "self": 0.05129581798973959,
                                    "children": {
                                        "TorchPPOOptimizer.update": {
                                            "total": 0.37050359600107186,
                                            "count": 324,