{
    "name": "root",
    "metadata": {
        "timer_format_version": "0.1.0",
        "start_time_seconds": "1748866340",
        "python_version": "3.10.2 | packaged by conda-forge | (main, Mar  8 2022, 15:52:47) [Clang 11.1.0 ]",
        "command_line_arguments": "/opt/anaconda3/envs/mlagents/bin/mlagents-learn config/test_config.yaml --run-id=0602_03",
        "mlagents_version": "1.0.0",
        "mlagents_envs_version": "1.0.0",
        "communication_protocol_version": "1.5.0",
        "pytorch_version": "1.13.1",
        "numpy_version": "1.23.1",
        "end_time_seconds": "1748866397"
    },
    "total": 57.11979045800399,
    "count": 1,
    "self": 10.002085416053887,
    "children": {
        "run_training.setup": {
            "total": 0.012584749958477914,
            "count": 1,
            "self": 0.012584749958477914
        },
        "TrainerController.start_learning": {
            "total": 47.105120291991625,
            "count": 1,
            "self": 0.030683834571391344,
            "children": {
                "TrainerController._reset_env": {
                    "total": 2.860249334014952,
                    "count": 1,
                    "self": 2.860249334014952
                },
                "TrainerController.advance": {
                    "total": 44.176696207374334,
                    "count": 3001,
                    "self": 0.025942876643966883,
                    "children": {
                        "env_step": {
                            "total": 42.9727751162136,
                            "count": 3001,
                            "self": 40.97346356109483,
                            "children": {
                                "SubprocessEnvManager._take_step": {
                                    "total": 1.9808733469690196,
                                    "count": 3002,
                                    "self": 0.0528617735253647,
                                    "children": {
                                        "TorchPolicy.evaluate": {
                                            "total": 1.928011573443655,
                                            "count": 3002,
                                            "self": 1.928011573443655
                                        }
                                    }
                                },
                                "workers": {
                                    "total": 0.01843820814974606,
                                    "count": 3000,
                                    "self": 0.0,
                                    "children": {
                                        "worker_root": {
                                            "total": 39.153440896596294,
                                            "count": 3000,
                                            "is_parallel": true,
                                            "self": 4.515841061947867,
                                            "children": {
                                                "steps_from_proto": {
                                                    "total": 0.0009890830260701478,
                                                    "count": 2,
                                                    "is_parallel": true,
                                                    "self": 0.0005302910576574504,
                                                    "children": {
                                                        "_process_rank_one_or_two_observation": {
                                                            "total": 0.0004587919684126973,
                                                            "count": 4,
                                                            "is_parallel": true,
                                                            "self": 0.0004587919684126973
                                                        }
                                                    }
                                                },
                                                "UnityEnvironment.step": {
                                                    "total": 34.63661075162236,
                                                    "count": 3000,
                                                    "is_parallel": true,
                                                    "self": 0.11653663974720985,
                                                    "children": {
                                                        "UnityEnvironment._generate_step_input": {
                                                            "total": 0.08093536499654874,
                                                            "count": 3000,
                                                            "is_parallel": true,
                                                            "self": 0.08093536499654874
                                                        },
                                                        "communicator.exchange": {
                                                            "total": 34.03341503383126,
                                                            "count": 3000,
                                                            "is_parallel": true,
                                                            "self": 34.03341503383126
                                                        },
                                                        "steps_from_proto": {
                                                            "total": 0.4057237130473368,
                                                            "count": 3000,
                                                            "is_parallel": true,
                                                            "self": 0.2020588680752553,
                                                            "children": {
                                                                "_process_rank_one_or_two_observation": {
                                                                    "total": 0.20366484497208148,
                                                                    "count": 6000,
                                                                    "is_parallel": true,
                                                                    "self": 0.20366484497208148
                                                                }
                                                            }
                                                        }
                                                    }
                                                }
                                            }
                                        }
                                    }
                                }
                            }
                        },
                        "trainer_advance": {
                            "total": 1.17797821451677,
                            "count": 3000,
                            "self": 0.04215930023929104,
                            "children": {
                                "process_trajectory": {
                                    "total": 0.07335395633708686,
                                    "count": 3000,
                                    "self": 0.07335395633708686
                                },
                                "_update_policy": {
                                    "total": 1.0624649579403922,
                                    "count": 23,
                                    "self": 0.13042779022362083,
                                    "children": {
                                        "TorchPPOOptimizer.update": {
                                            "total": 0.9320371677167714,
                                            "count": 828,