{
    "name": "root",
    "metadata": {
        "timer_format_version": "0.1.0",
        "start_time_seconds": "1749294749",
        "python_version": "3.10.2 | packaged by conda-forge | (main, Mar  8 2022, 15:52:47) [Clang 11.1.0 ]",
        "command_line_arguments": "/opt/anaconda3/envs/mlagents/bin/mlagents-learn config/test_config.yaml --run-id=0607_18",
        "mlagents_version": "1.0.0",
        "mlagents_envs_version": "1.0.0",
        "communication_protocol_version": "1.5.0",
        "pytorch_version": "1.13.1",
        "numpy_version": "1.23.1",
        "end_time_seconds": "1749294900"
    },
    "total": 151.21454033299233,
    "count": 1,
    "self": 0.002396458003204316,
    "children": {
        "run_training.setup": {
            "total": 0.011375125002814457,
            "count": 1,
            "self": 0.011375125002814457
        },
        "TrainerController.start_learning": {
            "total": 151.2007687499863,
            "count": 1,
            "self": 0.028986232995521277,
            "children": {
                "TrainerController._reset_env": {
                    "total": 2.734282458986854,
                    "count": 1,
                    "self": 2.734282458986854
                },
                "TrainerController.advance": {
                    "total": 148.36482643298223,
                    "count": 2946,
                    "self": 0.024717070220503956,
                    "children": {
                        "env_step": {
                            "total": 147.1881932913966,
                            "count": 2946,
                            "self": 145.22304592470755,
                            "children": {
                                "SubprocessEnvManager._take_step": {
                                    "total": 1.9467356841196306,
                                    "count": 2946,
                                    "self": 0.05106031274772249,
                                    "children": {
                                        "TorchPolicy.evaluate": {
                                            "total": 1.8956753713719081,
                                            "count": 2944,
                                            "self": 1.8956753713719081
                                        }
                                    }
                                },
                                "workers": {
                                    "total": 0.018411682569421828,
                                    "count": 2945,
                                    "self": 0.0,
                                    "children": {
                                        "worker_root": {
                                            "total": 87.81863028803491,
                                            "count": 2945,
                                            "is_parallel": true,
                                            "self": 4.43851215072209,
                                            "children": {
                                                "steps_from_proto": {
                                                    "total": 0.0006501250027213246,
                                                    "count": 1,
                                                    "is_parallel": true,
                                                    "self": 0.00035191798815503716,
                                                    "children": {
                                                        "_process_rank_one_or_two_observation": {
                                                            "total": 0.0002982070145662874,
                                                            "count": 2,
                                                            "is_parallel": true,
                                                            "self": 0.0002982070145662874
                                                        }
                                                    }
                                                },
                                                "UnityEnvironment.step": {
                                                    "total": 83.3794680123101,
                                                    "count": 2945,
                                                    "is_parallel": true,
                                                    "self": 0.12246555683668703,
                                                    "children": {
                                                        "UnityEnvironment._generate_step_input": {
                                                            "total": 0.08254755206871778,
                                                            "count": 2945,
                                                            "is_parallel": true,
                                                            "self": 0.08254755206871778
                                                        },
                                                        "communicator.exchange": {
                                                            "total": 82.76368240837473,
                                                            "count": 2945,
                                                            "is_parallel": true,
                                                            "self": 82.76368240837473
                                                        },
                                                        "steps_from_proto": {
                                                            "total": 0.4107724950299598,
                                                            "count": 2945,
                                                            "is_parallel": true,
                                                            "self": 0.2042371543648187,
                                                            "children": {
                                                                "_process_rank_one_or_two_observation": {
                                                                    "total": 0.20653534066514112,
                                                                    "count": 5890,
                                                                    "is_parallel": true,
                                                                    "self": 0.20653534066514112
                                                                }
                                                            }
                                                        }
                                                    }
                                                }
                                            }
                                        }
                                    }
                                }
                            }
                        },
                        "trainer_advance": {
                            "total": 1.1519160713651218,
                            "count": 2945,
                            "self": 0.03880114509956911,
                            "children": {
                                "process_trajectory": {
                                    "total": 0.07008850734564476,
                                    "count": 2945,
                                    "self": 0.07008850734564476
                                },
                                "_update_policy": {
                                    "total": 1.0430264189199079,
                                    "count": 23,
                                    "self": 0.12816623915568925,
                                    "children": {
                                        "TorchPPOOptimizer.update": {
                                            "total": 0.9148601797642186,
                                            "count": 822,