{
    "name": "root",
    "metadata": {
        "timer_format_version": "0.1.0",
        "start_time_seconds": "1749204533",
        "python_version": "3.10.2 | packaged by conda-forge | (main, Mar  8 2022, 15:52:47) [Clang 11.1.0 ]",
        "command_line_arguments": "/opt/anaconda3/envs/mlagents/bin/mlagents-learn config/test_config.yaml --run-id=0606_8",
        "mlagents_version": "1.0.0",
        "mlagents_envs_version": "1.0.0",
        "communication_protocol_version": "1.5.0",
        "pytorch_version": "1.13.1",
        "numpy_version": "1.23.1",
        "end_time_seconds": "1749204653"
    },
    "total": 120.24864612500824,
    "count": 1,
    "self": 0.0025797080161282793,
    "children": {
        "run_training.setup": {
            "total": 0.011576457996852696,
            "count": 1,
            "self": 0.011576457996852696
        },
        "TrainerController.start_learning": {
            "total": 120.23448995899525,
            "count": 1,
            "self": 0.013248784307506867,
            "children": {
                "TrainerController._reset_env": {
                    "total": 2.537603165998007,
                    "count": 1,
                    "self": 2.537603165998007
                },
                "TrainerController.advance": {
                    "total": 117.61356113369402,
                    "count": 1201,
                    "self": 0.01200561787118204,
                    "children": {
                        "env_step": {
                            "total": 117.13637467131775,
                            "count": 1201,
                            "self": 116.27719169027114,
                            "children": {
                                "SubprocessEnvManager._take_step": {
                                    "total": 0.8510923248395557,
                                    "count": 1201,
                                    "self": 0.02367247798247263,
                                    "children": {
                                        "TorchPolicy.evaluate": {
                                            "total": 0.827419846857083,
                                            "count": 1201,
                                            "self": 0.827419846857083
                                        }
                                    }
                                },
                                "workers": {
                                    "total": 0.00809065620705951,
                                    "count": 1200,
                                    "self": 0.0,
                                    "children": {
                                        "worker_root": {
                                            "total": 40.06680807477096,
                                            "count": 1200,
                                            "is_parallel": true,
                                            "self": 1.90715114872728,
                                            "children": {
                                                "steps_from_proto": {
                                                    "total": 0.000603917011176236,
                                                    "count": 1,
                                                    "is_parallel": true,
                                                    "self": 0.00035070901503786445,
                                                    "children": {
                                                        "_process_rank_one_or_two_observation": {
                                                            "total": 0.00025320799613837153,
                                                            "count": 2,
                                                            "is_parallel": true,
                                                            "self": 0.00025320799613837153
                                                        }
                                                    }
                                                },
                                                "UnityEnvironment.step": {
                                                    "total": 38.159053009032505,
                                                    "count": 1200,
                                                    "is_parallel": true,
                                                    "self": 0.05048647017974872,
                                                    "children": {
                                                        "UnityEnvironment._generate_step_input": {
                                                            "total": 0.036424380843527615,
                                                            "count": 1200,
                                                            "is_parallel": true,
                                                            "self": 0.036424380843527615
                                                        },
                                                        "communicator.exchange": {
                                                            "total": 37.89629573613638,
                                                            "count": 1200,
                                                            "is_parallel": true,
                                                            "self": 37.89629573613638
                                                        },
                                                        "steps_from_proto": {
                                                            "total": 0.1758464218728477,
                                                            "count": 1200,
                                                            "is_parallel": true,
                                                            "self": 0.08972315308346879,
                                                            "children": {
                                                                "_process_rank_one_or_two_observation": {
                                                                    "total": 0.08612326878937893,
                                                                    "count": 2400,
                                                                    "is_parallel": true,
                                                                    "self": 0.08612326878937893
                                                                }
                                                            }
                                                        }
                                                    }
                                                }
                                            }
                                        }
                                    }
                                }
                            }
                        },
                        "trainer_advance": {
                            "total": 0.4651808445050847,
                            "count": 1200,
                            "self": 0.017976431336137466,
                            "children": {
                                "process_trajectory": {
                                    "total": 0.028582122147781774,
                                    "count": 1200,
                                    "self": 0.028582122147781774
                                },
                                "_update_policy": {
                                    "total": 0.41862229102116544,
                                    "count": 9,
                                    "self": 0.052281621101428755,
                                    "children": {
                                        "TorchPPOOptimizer.update": {
                                            "total": 0.3663406699197367,
                                            "count": 324,