{
    "name": "root",
    "metadata": {
        "timer_format_version": "0.1.0",
        "start_time_seconds": "1748545650",
        "python_version": "3.10.2 | packaged by conda-forge | (main, Mar  8 2022, 15:52:47) [Clang 11.1.0 ]",
        "command_line_arguments": "/opt/anaconda3/envs/mlagents/bin/mlagents-learn config/test_config.yaml --run-id=test0529_32",
        "mlagents_version": "1.0.0",
        "mlagents_envs_version": "1.0.0",
        "communication_protocol_version": "1.5.0",
        "pytorch_version": "1.13.1",
        "numpy_version": "1.23.1",
        "end_time_seconds": "1748545729"
    },
    "total": 78.97550320799928,
    "count": 1,
    "self": 0.0024054170062299818,
    "children": {
        "run_training.setup": {
            "total": 0.011637415998848155,
            "count": 1,
            "self": 0.011637415998848155
        },
        "TrainerController.start_learning": {
            "total": 78.9614603749942,
            "count": 1,
            "self": 0.0031717161764390767,
            "children": {
                "TrainerController._reset_env": {
                    "total": 3.4340970830235165,
                    "count": 1,
                    "self": 3.4340970830235165
                },
                "TrainerController.advance": {
                    "total": 75.47619290879811,
                    "count": 230,
                    "self": 0.002199458162067458,
                    "children": {
                        "env_step": {
                            "total": 75.41066799286637,
                            "count": 230,
                            "self": 75.25142315714038,
                            "children": {
                                "SubprocessEnvManager._take_step": {
                                    "total": 0.15779691669740714,
                                    "count": 230,
                                    "self": 0.004084451677044854,
                                    "children": {
                                        "TorchPolicy.evaluate": {
                                            "total": 0.1537124650203623,
                                            "count": 230,
                                            "self": 0.1537124650203623
                                        }
                                    }
                                },
                                "workers": {
                                    "total": 0.001447919028578326,
                                    "count": 229,
                                    "self": 0.0,
                                    "children": {
                                        "worker_root": {
                                            "total": 6.804209290072322,
                                            "count": 229,
                                            "is_parallel": true,
                                            "self": 0.33935791594558395,
                                            "children": {
                                                "steps_from_proto": {
                                                    "total": 0.0007486249960493296,
                                                    "count": 1,
                                                    "is_parallel": true,
                                                    "self": 0.00039141697925515473,
                                                    "children": {
                                                        "_process_rank_one_or_two_observation": {
                                                            "total": 0.0003572080167941749,
                                                            "count": 2,
                                                            "is_parallel": true,
                                                            "self": 0.0003572080167941749
                                                        }
                                                    }
                                                },
                                                "UnityEnvironment.step": {
                                                    "total": 6.464102749130689,
                                                    "count": 229,
                                                    "is_parallel": true,
                                                    "self": 0.009711774880997837,
                                                    "children": {
                                                        "UnityEnvironment._generate_step_input": {
                                                            "total": 0.006078335951315239,
                                                            "count": 229,
                                                            "is_parallel": true,
                                                            "self": 0.006078335951315239
                                                        },
                                                        "communicator.exchange": {
                                                            "total": 6.417045255249832,
                                                            "count": 229,
                                                            "is_parallel": true,
                                                            "self": 6.417045255249832
                                                        },
                                                        "steps_from_proto": {
                                                            "total": 0.03126738304854371,
                                                            "count": 229,
                                                            "is_parallel": true,
                                                            "self": 0.015645890787709504,
                                                            "children": {
                                                                "_process_rank_one_or_two_observation": {
                                                                    "total": 0.015621492260834202,
                                                                    "count": 458,
                                                                    "is_parallel": true,
                                                                    "self": 0.015621492260834202
                                                                }
                                                            }
                                                        }
                                                    }
                                                }
                                            }
                                        }
                                    }
                                }
                            }
                        },
                        "trainer_advance": {
                            "total": 0.0633254577696789,
                            "count": 229,
                            "self": 0.0030836147197987884,
                            "children": {
                                "process_trajectory": {
                                    "total": 0.005126052041305229,
                                    "count": 229,
                                    "self": 0.005126052041305229
                                },
                                "_update_policy": {
                                    "total": 0.05511579100857489,
                                    "count": 1,
                                    "self": 0.0056621239928063005,
                                    "children": {
                                        "TorchPPOOptimizer.update": {
                                            "total": 0.04945366701576859,
                                            "count": 36,