{
    "name": "root",
    "gauges": {
        "Agent.Policy.Entropy.mean": {
            "value": 4.5805134773254395,
            "min": 4.5805134773254395,
            "max": 4.5805134773254395,
            "count": 1
        },
        "Agent.Policy.Entropy.sum": {
            "value": 46075.3828125,
            "min": 46075.3828125,
            "max": 46075.3828125,
            "count": 1
        },
        "Agent.Step.mean": {
            "value": 9994.0,
            "min": 9994.0,
            "max": 9994.0,
            "count": 1
        },
        "Agent.Step.sum": {
            "value": 9994.0,
            "min": 9994.0,
            "max": 9994.0,
            "count": 1
        },
        "Agent.Policy.ExtrinsicValueEstimate.mean": {
            "value": 5.326596260070801,
            "min": 5.326596260070801,
            "max": 5.326596260070801,
            "count": 1
        },
        "Agent.Policy.ExtrinsicValueEstimate.sum": {
            "value": 841.6021728515625,
            "min": 841.6021728515625,
            "max": 841.6021728515625,
            "count": 1
        },
        "Agent.Losses.PolicyLoss.mean": {
            "value": 0.14441192858794238,
            "min": 0.14441192858794238,
            "max": 0.14441192858794238,
            "count": 1
        },
        "Agent.Losses.PolicyLoss.sum": {
            "value": 1.2997073572914815,
            "min": 1.2997073572914815,
            "max": 1.2997073572914815,
            "count": 1
        },
        "Agent.Losses.ValueLoss.mean": {
            "value": 14149.857227466726,
            "min": 14149.857227466726,
            "max": 14149.857227466726,
            "count": 1
        },
        "Agent.Losses.ValueLoss.sum": {
            "value": 127348.71504720053,
            "min": 127348.71504720053,
            "max": 127348.71504720053,
            "count": 1
        },
        "Agent.Policy.LearningRate.mean": {
            "value": 0.0002991918836027055,
            "min": 0.0002991918836027055,
            "max": 0.0002991918836027055,
            "count": 1
        },
        "Agent.Policy.LearningRate.sum": {
            "value": 0.0026927269524243498,
            "min": 0.0026927269524243498,
            "max": 0.0026927269524243498,
            "count": 1
        },
        "Agent.Policy.Epsilon.mean": {
            "value": 0.1997306277777778,
            "min": 0.1997306277777778,
            "max": 0.1997306277777778,
            "count": 1
        },
        "Agent.Policy.Epsilon.sum": {
            "value": 1.7975756500000002,
            "min": 1.7975756500000002,
            "max": 1.7975756500000002,
            "count": 1
        },
        "Agent.Policy.Beta.mean": {
            "value": 0.0004986800761111112,
            "min": 0.0004986800761111112,
            "max": 0.0004986800761111112,
            "count": 1
        },
        "Agent.Policy.Beta.sum": {
            "value": 0.004488120685,
            "min": 0.004488120685,
            "max": 0.004488120685,
            "count": 1
        },
        "Agent.Environment.EpisodeLength.mean": {
            "value": 1198.142857142857,
            "min": 1198.142857142857,
            "max": 1198.142857142857,
            "count": 1
        },
        "Agent.Environment.EpisodeLength.sum": {
            "value": 8387.0,
            "min": 8387.0,
            "max": 8387.0,
            "count": 1
        },
        "Agent.Environment.CumulativeReward.mean": {
            "value": 11988.533076695034,
            "min": 11988.533076695034,
            "max": 11988.533076695034,
            "count": 1
        },
        "Agent.Environment.CumulativeReward.sum": {
            "value": 83919.73153686523,
            "min": 83919.73153686523,
            "max": 83919.73153686523,
            "count": 1
        },
        "Agent.Policy.ExtrinsicReward.mean": {
            "value": 11988.533076695034,
            "min": 11988.533076695034,
            "max": 11988.533076695034,
            "count": 1
        },
        "Agent.Policy.ExtrinsicReward.sum": {
            "value": 83919.73153686523,
            "min": 83919.73153686523,
            "max": 83919.73153686523,
            "count": 1
        },
        "Agent.IsTraining.mean": {
            "value": 1.0,
            "min": 1.0,
            "max": 1.0,
            "count": 1
        },
        "Agent.IsTraining.sum": {
            "value": 1.0,
            "min": 1.0,
            "max": 1.0,
            "count": 1
        }
    },
    "metadata": {
        "timer_format_version": "0.1.0",
        "start_time_seconds": "1749483611",
        "python_version": "3.10.2 | packaged by conda-forge | (main, Mar  8 2022, 15:52:47) [Clang 11.1.0 ]",
        "command_line_arguments": "/opt/anaconda3/envs/mlagents/bin/mlagents-learn config/test_config2.yaml --run-id=0609_12",
        "mlagents_version": "1.0.0",
        "mlagents_envs_version": "1.0.0",
        "communication_protocol_version": "1.5.0",
        "pytorch_version": "1.13.1",
        "numpy_version": "1.23.1",
        "end_time_seconds": "1749484106"
    },
    "total": 494.26312908303225,
    "count": 1,
    "self": 0.002154624031390995,
    "children": {
        "run_training.setup": {
            "total": 0.011625042010564357,
            "count": 1,
            "self": 0.011625042010564357
        },
        "TrainerController.start_learning": {
            "total": 494.2493494169903,
            "count": 1,
            "self": 0.12116024451097474,
            "children": {
                "TrainerController._reset_env": {
                    "total": 3.800728917005472,
                    "count": 1,
                    "self": 3.800728917005472
                },
                "TrainerController.advance": {
                    "total": 490.23626508942107,
                    "count": 11825,
                    "self": 0.10779287671903148,
                    "children": {
                        "env_step": {
                            "total": 487.3305472903885,
                            "count": 11825,
                            "self": 478.22207860276103,
                            "children": {
                                "SubprocessEnvManager._take_step": {
                                    "total": 9.028969537292141,
                                    "count": 11826,
                                    "self": 0.23137582483468577,
                                    "children": {
                                        "TorchPolicy.evaluate": {
                                            "total": 8.797593712457456,
                                            "count": 11819,
                                            "self": 8.797593712457456
                                        }
                                    }
                                },
                                "workers": {
                                    "total": 0.07949915033532307,
                                    "count": 11824,
                                    "self": 0.0,
                                    "children": {
                                        "worker_root": {
                                            "total": 357.60970122454455,
                                            "count": 11824,
                                            "is_parallel": true,
                                            "self": 17.175191517162602,
                                            "children": {
                                                "steps_from_proto": {
                                                    "total": 0.0011639580479823053,
                                                    "count": 2,
                                                    "is_parallel": true,
                                                    "self": 0.0005575010436587036,