{
    "name": "root",
    "metadata": {
        "timer_format_version": "0.1.0",
        "start_time_seconds": "1748755895",
        "python_version": "3.10.2 | packaged by conda-forge | (main, Mar  8 2022, 15:52:47) [Clang 11.1.0 ]",
        "command_line_arguments": "/opt/anaconda3/envs/mlagents/bin/mlagents-learn config/test_config.yaml --run-id=branchsize3_0601_17",
        "mlagents_version": "1.0.0",
        "mlagents_envs_version": "1.0.0",
        "communication_protocol_version": "1.5.0",
        "pytorch_version": "1.13.1",
        "numpy_version": "1.23.1",
        "end_time_seconds": "1748756061"
    },
    "total": 165.3927186660003,
    "count": 1,
    "self": 10.002735208079685,
    "children": {
        "run_training.setup": {
            "total": 0.011998416972346604,
            "count": 1,
            "self": 0.011998416972346604
        },
        "TrainerController.start_learning": {
            "total": 155.37798504094826,
            "count": 1,
            "self": 0.014612855564337224,
            "children": {
                "TrainerController._reset_env": {
                    "total": 2.7503049169899896,
                    "count": 1,
                    "self": 2.7503049169899896
                },
                "TrainerController.advance": {
                    "total": 152.5762878934038,
                    "count": 1445,
                    "self": 0.012064942624419928,
                    "children": {
                        "env_step": {
                            "total": 152.04329632245935,
                            "count": 1445,
                            "self": 151.06968494172907,
                            "children": {
                                "SubprocessEnvManager._take_step": {
                                    "total": 0.9648239990929142,
                                    "count": 1446,
                                    "self": 0.025963049090933055,
                                    "children": {
                                        "TorchPolicy.evaluate": {
                                            "total": 0.9388609500019811,
                                            "count": 1446,
                                            "self": 0.9388609500019811
                                        }
                                    }
                                },
                                "workers": {
                                    "total": 0.008787381637375802,
                                    "count": 1444,
                                    "self": 0.0,
                                    "children": {
                                        "worker_root": {
                                            "total": 144.3794444463565,
                                            "count": 1444,
                                            "is_parallel": true,
                                            "self": 2.141962411289569,
                                            "children": {
                                                "steps_from_proto": {
                                                    "total": 0.0012656670296564698,
                                                    "count": 2,
                                                    "is_parallel": true,
                                                    "self": 0.000711210013832897,
                                                    "children": {
                                                        "_process_rank_one_or_two_observation": {
                                                            "total": 0.0005544570158235729,
                                                            "count": 4,
                                                            "is_parallel": true,
                                                            "self": 0.0005544570158235729
                                                        }
                                                    }
                                                },
                                                "UnityEnvironment.step": {
                                                    "total": 142.23621636803728,
                                                    "count": 1444,
                                                    "is_parallel": true,
                                                    "self": 0.059416890202555805,
                                                    "children": {
                                                        "UnityEnvironment._generate_step_input": {
                                                            "total": 0.0404246857506223,
                                                            "count": 1444,
                                                            "is_parallel": true,
                                                            "self": 0.0404246857506223
                                                        },
                                                        "communicator.exchange": {
                                                            "total": 141.94174278568244,
                                                            "count": 1444,
                                                            "is_parallel": true,
                                                            "self": 141.94174278568244
                                                        },
                                                        "steps_from_proto": {
                                                            "total": 0.19463200640166178,
                                                            "count": 1444,
                                                            "is_parallel": true,
                                                            "self": 0.10038522572722286,
                                                            "children": {
                                                                "_process_rank_one_or_two_observation": {
                                                                    "total": 0.09424678067443892,
                                                                    "count": 2888,
                                                                    "is_parallel": true,
                                                                    "self": 0.09424678067443892
                                                                }
                                                            }
                                                        }
                                                    }
                                                }
                                            }
                                        }
                                    }
                                }
                            }
                        },
                        "trainer_advance": {
                            "total": 0.5209266283200122,
                            "count": 1444,
                            "self": 0.018515721953008324,
                            "children": {
                                "process_trajectory": {
                                    "total": 0.03510448936140165,
                                    "count": 1444,
                                    "self": 0.03510448936140165
                                },
                                "_update_policy": {
                                    "total": 0.46730641700560227,
                                    "count": 10,
                                    "self": 0.05641011951956898,
                                    "children": {
                                        "TorchPPOOptimizer.update": {
                                            "total": 0.4108962974860333,
                                            "count": 360,