{
    "name": "root",
    "metadata": {
        "timer_format_version": "0.1.0",
        "start_time_seconds": "1748510432",
        "python_version": "3.10.2 | packaged by conda-forge | (main, Mar  8 2022, 15:52:47) [Clang 11.1.0 ]",
        "command_line_arguments": "/opt/anaconda3/envs/mlagents/bin/mlagents-learn config/test_config.yaml --run-id=test0529_1",
        "mlagents_version": "1.0.0",
        "mlagents_envs_version": "1.0.0",
        "communication_protocol_version": "1.5.0",
        "pytorch_version": "1.13.1",
        "numpy_version": "1.23.1",
        "end_time_seconds": "1748510489"
    },
    "total": 57.01961370900972,
    "count": 1,
    "self": 10.00311720900936,
    "children": {
        "run_training.setup": {
            "total": 0.014067167008761317,
            "count": 1,
            "self": 0.014067167008761317
        },
        "TrainerController.start_learning": {
            "total": 47.002429332991596,
            "count": 1,
            "self": 0.0223981479939539,
            "children": {
                "TrainerController._reset_env": {
                    "total": 5.395776834018761,
                    "count": 1,
                    "self": 5.395776834018761
                },
                "TrainerController.advance": {
                    "total": 41.54164651798783,
                    "count": 2399,
                    "self": 0.019742329692235216,
                    "children": {
                        "env_step": {
                            "total": 40.60901572331204,
                            "count": 2399,
                            "self": 39.02837405636092,
                            "children": {
                                "SubprocessEnvManager._take_step": {
                                    "total": 1.5660301789757796,
                                    "count": 2400,
                                    "self": 0.0411110037821345,
                                    "children": {
                                        "TorchPolicy.evaluate": {
                                            "total": 1.524919175193645,
                                            "count": 2400,
                                            "self": 1.524919175193645
                                        }
                                    }
                                },
                                "workers": {
                                    "total": 0.014611487975344062,
                                    "count": 2398,
                                    "self": 0.0,
                                    "children": {
                                        "worker_root": {
                                            "total": 26.93323474432691,
                                            "count": 2398,
                                            "is_parallel": true,
                                            "self": 3.5423215992341284,
                                            "children": {
                                                "steps_from_proto": {
                                                    "total": 0.001623332966119051,
                                                    "count": 2,
                                                    "is_parallel": true,
                                                    "self": 0.0008493339701090008,
                                                    "children": {
                                                        "_process_rank_one_or_two_observation": {
                                                            "total": 0.0007739989960100502,
                                                            "count": 4,
                                                            "is_parallel": true,
                                                            "self": 0.0007739989960100502
                                                        }
                                                    }
                                                },
                                                "UnityEnvironment.step": {
                                                    "total": 23.389289812126663,
                                                    "count": 2398,
                                                    "is_parallel": true,
                                                    "self": 0.08350081829121336,
                                                    "children": {
                                                        "UnityEnvironment._generate_step_input": {
                                                            "total": 0.06406319071538746,
                                                            "count": 2398,
                                                            "is_parallel": true,
                                                            "self": 0.06406319071538746
                                                        },
                                                        "communicator.exchange": {
                                                            "total": 22.940242234210018,
                                                            "count": 2398,
                                                            "is_parallel": true,
                                                            "self": 22.940242234210018
                                                        },
                                                        "steps_from_proto": {
                                                            "total": 0.3014835689100437,
                                                            "count": 2398,
                                                            "is_parallel": true,
                                                            "self": 0.1579563309205696,
                                                            "children": {
                                                                "_process_rank_one_or_two_observation": {
                                                                    "total": 0.1435272379894741,
                                                                    "count": 4796,
                                                                    "is_parallel": true,
                                                                    "self": 0.1435272379894741
                                                                }
                                                            }
                                                        }
                                                    }
                                                }
                                            }
                                        }
                                    }
                                }
                            }
                        },
                        "trainer_advance": {
                            "total": 0.9128884649835527,
                            "count": 2398,
                            "self": 0.031754728697706014,
                            "children": {
                                "process_trajectory": {
                                    "total": 0.05823523935396224,
                                    "count": 2398,
                                    "self": 0.05823523935396224
                                },
                                "_update_policy": {
                                    "total": 0.8228984969318844,
                                    "count": 18,
                                    "self": 0.10369180398993194,
                                    "children": {
                                        "TorchPPOOptimizer.update": {
                                            "total": 0.7192066929419525,
                                            "count": 648,