{
    "name": "root",
    "metadata": {
        "timer_format_version": "0.1.0",
        "start_time_seconds": "1748546209",
        "python_version": "3.10.2 | packaged by conda-forge | (main, Mar  8 2022, 15:52:47) [Clang 11.1.0 ]",
        "command_line_arguments": "/opt/anaconda3/envs/mlagents/bin/mlagents-learn config/test_config.yaml --run-id=test0529_35",
        "mlagents_version": "1.0.0",
        "mlagents_envs_version": "1.0.0",
        "communication_protocol_version": "1.5.0",
        "pytorch_version": "1.13.1",
        "numpy_version": "1.23.1",
        "end_time_seconds": "1748546321"
    },
    "total": 112.62322554198909,
    "count": 1,
    "self": 0.00269970900262706,
    "children": {
        "run_training.setup": {
            "total": 0.012934083002619445,
            "count": 1,
            "self": 0.012934083002619445
        },
        "TrainerController.start_learning": {
            "total": 112.60759174998384,
            "count": 1,
            "self": 0.009756596613442525,
            "children": {
                "TrainerController._reset_env": {
                    "total": 3.2127296249964274,
                    "count": 1,
                    "self": 3.2127296249964274
                },
                "TrainerController.advance": {
                    "total": 109.31628073641332,
                    "count": 806,
                    "self": 0.007414321677060798,
                    "children": {
                        "env_step": {
                            "total": 108.98917517246446,
                            "count": 806,
                            "self": 108.41514333555824,
                            "children": {
                                "SubprocessEnvManager._take_step": {
                                    "total": 0.5688060849788599,
                                    "count": 806,
                                    "self": 0.01466622028965503,
                                    "children": {
                                        "TorchPolicy.evaluate": {
                                            "total": 0.5541398646892048,
                                            "count": 806,
                                            "self": 0.5541398646892048
                                        }
                                    }
                                },
                                "workers": {
                                    "total": 0.005225751927355304,
                                    "count": 805,
                                    "self": 0.0,
                                    "children": {
                                        "worker_root": {
                                            "total": 24.77696210567956,
                                            "count": 805,
                                            "is_parallel": true,
                                            "self": 1.2804588222061284,
                                            "children": {
                                                "steps_from_proto": {
                                                    "total": 0.0006636659963987768,
                                                    "count": 1,
                                                    "is_parallel": true,
                                                    "self": 0.0003379159898031503,
                                                    "children": {
                                                        "_process_rank_one_or_two_observation": {
                                                            "total": 0.0003257500065956265,
                                                            "count": 2,
                                                            "is_parallel": true,
                                                            "self": 0.0003257500065956265
                                                        }
                                                    }
                                                },
                                                "UnityEnvironment.step": {
                                                    "total": 23.49583961747703,
                                                    "count": 805,
                                                    "is_parallel": true,
                                                    "self": 0.031005914468551055,
                                                    "children": {
                                                        "UnityEnvironment._generate_step_input": {
                                                            "total": 0.021315041289199144,
                                                            "count": 805,
                                                            "is_parallel": true,
                                                            "self": 0.021315041289199144
                                                        },
                                                        "communicator.exchange": {
                                                            "total": 23.331486682174727,
                                                            "count": 805,
                                                            "is_parallel": true,
                                                            "self": 23.331486682174727
                                                        },
                                                        "steps_from_proto": {
                                                            "total": 0.1120319795445539,
                                                            "count": 805,
                                                            "is_parallel": true,
                                                            "self": 0.055042131163645536,
                                                            "children": {
                                                                "_process_rank_one_or_two_observation": {
                                                                    "total": 0.05698984838090837,
                                                                    "count": 1610,
                                                                    "is_parallel": true,
                                                                    "self": 0.05698984838090837
                                                                }
                                                            }
                                                        }
                                                    }
                                                }
                                            }
                                        }
                                    }
                                }
                            }
                        },
                        "trainer_advance": {
                            "total": 0.31969124227180146,
                            "count": 805,
                            "self": 0.012487407337175682,
                            "children": {
                                "process_trajectory": {
                                    "total": 0.021932333940640092,
                                    "count": 805,
                                    "self": 0.021932333940640092
                                },
                                "_update_policy": {
                                    "total": 0.2852715009939857,
                                    "count": 6,
                                    "self": 0.03542199984076433,
                                    "children": {
                                        "TorchPPOOptimizer.update": {
                                            "total": 0.24984950115322135,
                                            "count": 216,