{
    "name": "root",
    "metadata": {
        "timer_format_version": "0.1.0",
        "start_time_seconds": "1748512480",
        "python_version": "3.10.2 | packaged by conda-forge | (main, Mar  8 2022, 15:52:47) [Clang 11.1.0 ]",
        "command_line_arguments": "/opt/anaconda3/envs/mlagents/bin/mlagents-learn config/test_config.yaml --run-id=test0529_2",
        "mlagents_version": "1.0.0",
        "mlagents_envs_version": "1.0.0",
        "communication_protocol_version": "1.5.0",
        "pytorch_version": "1.13.1",
        "numpy_version": "1.23.1",
        "end_time_seconds": "1748512618"
    },
    "total": 137.82429887499893,
    "count": 1,
    "self": 0.0029111670155543834,
    "children": {
        "run_training.setup": {
            "total": 0.013655374990776181,
            "count": 1,
            "self": 0.013655374990776181
        },
        "TrainerController.start_learning": {
            "total": 137.8077323329926,
            "count": 1,
            "self": 0.01142746489495039,
            "children": {
                "TrainerController._reset_env": {
                    "total": 3.3187747089832556,
                    "count": 1,
                    "self": 3.3187747089832556
                },
                "TrainerController.advance": {
                    "total": 134.4101267841179,
                    "count": 1200,
                    "self": 0.011436628148658201,
                    "children": {
                        "env_step": {
                            "total": 133.93484580691438,
                            "count": 1200,
                            "self": 133.1464779601083,
                            "children": {
                                "SubprocessEnvManager._take_step": {
                                    "total": 0.7808872769528534,
                                    "count": 1200,
                                    "self": 0.020097553206142038,
                                    "children": {
                                        "TorchPolicy.evaluate": {
                                            "total": 0.7607897237467114,
                                            "count": 1200,
                                            "self": 0.7607897237467114
                                        }
                                    }
                                },
                                "workers": {
                                    "total": 0.007480569853214547,
                                    "count": 1199,
                                    "self": 0.0,
                                    "children": {
                                        "worker_root": {
                                            "total": 13.813760039862245,
                                            "count": 1199,
                                            "is_parallel": true,
                                            "self": 1.789290667831665,
                                            "children": {
                                                "steps_from_proto": {
                                                    "total": 0.0008026669966056943,
                                                    "count": 1,
                                                    "is_parallel": true,
                                                    "self": 0.0004317089915275574,
                                                    "children": {
                                                        "_process_rank_one_or_two_observation": {
                                                            "total": 0.0003709580050781369,
                                                            "count": 2,
                                                            "is_parallel": true,
                                                            "self": 0.0003709580050781369
                                                        }
                                                    }
                                                },
                                                "UnityEnvironment.step": {
                                                    "total": 12.023666705033975,
                                                    "count": 1199,
                                                    "is_parallel": true,
                                                    "self": 0.04216415525297634,
                                                    "children": {
                                                        "UnityEnvironment._generate_step_input": {
                                                            "total": 0.03177475795382634,
                                                            "count": 1199,
                                                            "is_parallel": true,
                                                            "self": 0.03177475795382634
                                                        },
                                                        "communicator.exchange": {
                                                            "total": 11.800075207283953,
                                                            "count": 1199,
                                                            "is_parallel": true,
                                                            "self": 11.800075207283953
                                                        },
                                                        "steps_from_proto": {
                                                            "total": 0.14965258454321884,
                                                            "count": 1199,
                                                            "is_parallel": true,
                                                            "self": 0.07799467150471173,
                                                            "children": {
                                                                "_process_rank_one_or_two_observation": {
                                                                    "total": 0.0716579130385071,
                                                                    "count": 2398,
                                                                    "is_parallel": true,
                                                                    "self": 0.0716579130385071
                                                                }
                                                            }
                                                        }
                                                    }
                                                }
                                            }
                                        }
                                    }
                                }
                            }
                        },
                        "trainer_advance": {
                            "total": 0.4638443490548525,
                            "count": 1199,
                            "self": 0.016020151204429567,
                            "children": {
                                "process_trajectory": {
                                    "total": 0.029670988849829882,
                                    "count": 1199,
                                    "self": 0.029670988849829882
                                },
                                "_update_policy": {
                                    "total": 0.41815320900059305,
                                    "count": 9,
                                    "self": 0.052920459071174264,
                                    "children": {
                                        "TorchPPOOptimizer.update": {
                                            "total": 0.3652327499294188,
                                            "count": 324,