{
    "name": "root",
    "metadata": {
        "timer_format_version": "0.1.0",
        "start_time_seconds": "1748724130",
        "python_version": "3.10.2 (tags/v3.10.2:a58ebcc, Jan 17 2022, 14:12:15) [MSC v.1929 64 bit (AMD64)]",
        "command_line_arguments": "C:\\Users\\kang\\AppData\\Local\\Programs\\Python\\Python310\\Scripts\\mlagents-learn config/test_config.yaml --run-id=test1",
        "mlagents_version": "1.0.0",
        "mlagents_envs_version": "1.0.0",
        "communication_protocol_version": "1.5.0",
        "pytorch_version": "1.13.1+cu117",
        "numpy_version": "1.23.1",
        "end_time_seconds": "1748724182"
    },
    "total": 51.708070799999405,
    "count": 1,
    "self": 0.005237199991825037,
    "children": {
        "run_training.setup": {
            "total": 0.06787760000588605,
            "count": 1,
            "self": 0.06787760000588605
        },
        "TrainerController.start_learning": {
            "total": 51.634956000001694,
            "count": 1,
            "self": 0.006059300030756276,
            "children": {
                "TrainerController._reset_env": {
                    "total": 6.353952000004938,
                    "count": 1,
                    "self": 6.353952000004938
                },
                "TrainerController.advance": {
                    "total": 45.18895539996447,
                    "count": 401,
                    "self": 0.0054396999039454386,
                    "children": {
                        "env_step": {
                            "total": 44.597859200061066,
                            "count": 401,
                            "self": 42.99920880015998,
                            "children": {
                                "SubprocessEnvManager._take_step": {
                                    "total": 1.5949410998437088,
                                    "count": 402,
                                    "self": 0.014142399893898983,
                                    "children": {
                                        "TorchPolicy.evaluate": {
                                            "total": 1.5807986999498098,
                                            "count": 402,
                                            "self": 1.5807986999498098
                                        }
                                    }
                                },
                                "workers": {
                                    "total": 0.00370930005738046,
                                    "count": 400,
                                    "self": 0.0,
                                    "children": {
                                        "worker_root": {
                                            "total": 10.324870299991744,
                                            "count": 400,
                                            "is_parallel": true,
                                            "self": 2.6254414999857545,
                                            "children": {
                                                "steps_from_proto": {
                                                    "total": 0.00030759999935980886,
                                                    "count": 1,
                                                    "is_parallel": true,
                                                    "self": 0.00016740000137360767,
                                                    "children": {
                                                        "_process_rank_one_or_two_observation": {
                                                            "total": 0.0001401999979862012,
                                                            "count": 2,
                                                            "is_parallel": true,
                                                            "self": 0.0001401999979862012
                                                        }
                                                    }
                                                },
                                                "UnityEnvironment.step": {
                                                    "total": 7.69912120000663,
                                                    "count": 400,
                                                    "is_parallel": true,
                                                    "self": 0.023965400017914362,
                                                    "children": {
                                                        "UnityEnvironment._generate_step_input": {
                                                            "total": 0.019383200044103432,
                                                            "count": 400,
                                                            "is_parallel": true,
                                                            "self": 0.019383200044103432
                                                        },
                                                        "communicator.exchange": {
                                                            "total": 7.581153899955098,
                                                            "count": 400,
                                                            "is_parallel": true,
                                                            "self": 7.581153899955098
                                                        },
                                                        "steps_from_proto": {
                                                            "total": 0.07461869998951443,
                                                            "count": 400,
                                                            "is_parallel": true,
                                                            "self": 0.04385260000708513,
                                                            "children": {
                                                                "_process_rank_one_or_two_observation": {
                                                                    "total": 0.030766099982429296,
                                                                    "count": 800,
                                                                    "is_parallel": true,
                                                                    "self": 0.030766099982429296
                                                                }
                                                            }
                                                        }
                                                    }
                                                }
                                            }
                                        }
                                    }
                                }
                            }
                        },
                        "trainer_advance": {
                            "total": 0.5856564999994589,
                            "count": 400,
                            "self": 0.007689799916988704,
                            "children": {
                                "process_trajectory": {
                                    "total": 0.020814200084714685,
                                    "count": 400,
                                    "self": 0.020814200084714685
                                },
                                "_update_policy": {
                                    "total": 0.5571524999977555,
                                    "count": 2,
                                    "self": 0.022563699996680953,
                                    "children": {
                                        "TorchPPOOptimizer.update": {
                                            "total": 0.5345888000010746,
                                            "count": 81,