{
    "name": "root",
    "metadata": {
        "timer_format_version": "0.1.0",
        "start_time_seconds": "1749203912",
        "python_version": "3.10.2 | packaged by conda-forge | (main, Mar  8 2022, 15:52:47) [Clang 11.1.0 ]",
        "command_line_arguments": "/opt/anaconda3/envs/mlagents/bin/mlagents-learn config/test_config.yaml --run-id=0606_5",
        "mlagents_version": "1.0.0",
        "mlagents_envs_version": "1.0.0",
        "communication_protocol_version": "1.5.0",
        "pytorch_version": "1.13.1",
        "numpy_version": "1.23.1",
        "end_time_seconds": "1749203989"
    },
    "total": 77.2924149169994,
    "count": 1,
    "self": 0.0025762079894775525,
    "children": {
        "run_training.setup": {
            "total": 0.012937417006469332,
            "count": 1,
            "self": 0.012937417006469332
        },
        "TrainerController.start_learning": {
            "total": 77.27690129200346,
            "count": 1,
            "self": 0.004763907141750678,
            "children": {
                "TrainerController._reset_env": {
                    "total": 2.7881148329906864,
                    "count": 1,
                    "self": 2.7881148329906864
                },
                "TrainerController.advance": {
                    "total": 74.42139313486405,
                    "count": 458,
                    "self": 0.004023180692456663,
                    "children": {
                        "env_step": {
                            "total": 74.25216070316674,
                            "count": 458,
                            "self": 73.93713341822149,
                            "children": {
                                "SubprocessEnvManager._take_step": {
                                    "total": 0.31214078911580145,
                                    "count": 458,
                                    "self": 0.008145411076839082,
                                    "children": {
                                        "TorchPolicy.evaluate": {
                                            "total": 0.30399537803896237,
                                            "count": 458,
                                            "self": 0.30399537803896237
                                        }
                                    }
                                },
                                "workers": {
                                    "total": 0.0028864958294434473,
                                    "count": 457,
                                    "self": 0.0,
                                    "children": {
                                        "worker_root": {
                                            "total": 13.89059578801971,
                                            "count": 457,
                                            "is_parallel": true,
                                            "self": 0.7013700779498322,
                                            "children": {
                                                "steps_from_proto": {
                                                    "total": 0.0004581669927574694,
                                                    "count": 1,
                                                    "is_parallel": true,
                                                    "self": 0.00025424998602829874,
                                                    "children": {
                                                        "_process_rank_one_or_two_observation": {
                                                            "total": 0.00020391700672917068,
                                                            "count": 2,
                                                            "is_parallel": true,
                                                            "self": 0.00020391700672917068
                                                        }
                                                    }
                                                },
                                                "UnityEnvironment.step": {
                                                    "total": 13.18876754307712,
                                                    "count": 457,
                                                    "is_parallel": true,
                                                    "self": 0.01835696578200441,
                                                    "children": {
                                                        "UnityEnvironment._generate_step_input": {
                                                            "total": 0.013031114227487706,
                                                            "count": 457,
                                                            "is_parallel": true,
                                                            "self": 0.013031114227487706
                                                        },
                                                        "communicator.exchange": {
                                                            "total": 13.093395002055331,
                                                            "count": 457,
                                                            "is_parallel": true,
                                                            "self": 13.093395002055331
                                                        },
                                                        "steps_from_proto": {
                                                            "total": 0.06398446101229638,
                                                            "count": 457,
                                                            "is_parallel": true,
                                                            "self": 0.032313284085830674,
                                                            "children": {
                                                                "_process_rank_one_or_two_observation": {
                                                                    "total": 0.031671176926465705,
                                                                    "count": 914,
                                                                    "is_parallel": true,
                                                                    "self": 0.031671176926465705
                                                                }
                                                            }
                                                        }
                                                    }
                                                }
                                            }
                                        }
                                    }
                                }
                            }
                        },
                        "trainer_advance": {
                            "total": 0.16520925100485329,
                            "count": 457,
                            "self": 0.006337711762171239,
                            "children": {
                                "process_trajectory": {
                                    "total": 0.011032872236683033,
                                    "count": 457,
                                    "self": 0.011032872236683033
                                },
                                "_update_policy": {
                                    "total": 0.147838667005999,
                                    "count": 3,
                                    "self": 0.018136712053092197,
                                    "children": {
                                        "TorchPPOOptimizer.update": {
                                            "total": 0.12970195495290682,
                                            "count": 108,