{
    "name": "root",
    "metadata": {
        "timer_format_version": "0.1.0",
        "start_time_seconds": "1748545733",
        "python_version": "3.10.2 | packaged by conda-forge | (main, Mar  8 2022, 15:52:47) [Clang 11.1.0 ]",
        "command_line_arguments": "/opt/anaconda3/envs/mlagents/bin/mlagents-learn config/test_config.yaml --run-id=test0529_33",
        "mlagents_version": "1.0.0",
        "mlagents_envs_version": "1.0.0",
        "communication_protocol_version": "1.5.0",
        "pytorch_version": "1.13.1",
        "numpy_version": "1.23.1",
        "end_time_seconds": "1748545811"
    },
    "total": 78.44918008401874,
    "count": 1,
    "self": 0.0036547090276144445,
    "children": {
        "run_training.setup": {
            "total": 0.011821209016488865,
            "count": 1,
            "self": 0.011821209016488865
        },
        "TrainerController.start_learning": {
            "total": 78.43370416597463,
            "count": 1,
            "self": 0.005298878037137911,
            "children": {
                "TrainerController._reset_env": {
                    "total": 3.162346124998294,
                    "count": 1,
                    "self": 3.162346124998294
                },
                "TrainerController.advance": {
                    "total": 75.17124616293586,
                    "count": 436,
                    "self": 0.004544797237031162,
                    "children": {
                        "env_step": {
                            "total": 75.00870107387891,
                            "count": 436,
                            "self": 74.70868712270749,
                            "children": {
                                "SubprocessEnvManager._take_step": {
                                    "total": 0.29716402720077895,
                                    "count": 436,
                                    "self": 0.007589117594761774,
                                    "children": {
                                        "TorchPolicy.evaluate": {
                                            "total": 0.2895749096060172,
                                            "count": 436,
                                            "self": 0.2895749096060172
                                        }
                                    }
                                },
                                "workers": {
                                    "total": 0.002849923970643431,
                                    "count": 435,
                                    "self": 0.0,
                                    "children": {
                                        "worker_root": {
                                            "total": 12.746421074756654,
                                            "count": 435,
                                            "is_parallel": true,
                                            "self": 0.6701616569480393,
                                            "children": {
                                                "steps_from_proto": {
                                                    "total": 0.0005976660177111626,
                                                    "count": 1,
                                                    "is_parallel": true,
                                                    "self": 0.000337374018272385,
                                                    "children": {
                                                        "_process_rank_one_or_two_observation": {
                                                            "total": 0.00026029199943877757,
                                                            "count": 2,
                                                            "is_parallel": true,
                                                            "self": 0.00026029199943877757
                                                        }
                                                    }
                                                },
                                                "UnityEnvironment.step": {
                                                    "total": 12.075661751790904,
                                                    "count": 435,
                                                    "is_parallel": true,
                                                    "self": 0.017736669135047123,
                                                    "children": {
                                                        "UnityEnvironment._generate_step_input": {
                                                            "total": 0.011537704907823354,
                                                            "count": 435,
                                                            "is_parallel": true,
                                                            "self": 0.011537704907823354
                                                        },
                                                        "communicator.exchange": {
                                                            "total": 11.98571405094117,
                                                            "count": 435,
                                                            "is_parallel": true,
                                                            "self": 11.98571405094117
                                                        },
                                                        "steps_from_proto": {
                                                            "total": 0.06067332680686377,
                                                            "count": 435,
                                                            "is_parallel": true,
                                                            "self": 0.02997020640759729,
                                                            "children": {
                                                                "_process_rank_one_or_two_observation": {
                                                                    "total": 0.03070312039926648,
                                                                    "count": 870,
                                                                    "is_parallel": true,
                                                                    "self": 0.03070312039926648
                                                                }
                                                            }
                                                        }
                                                    }
                                                }
                                            }
                                        }
                                    }
                                }
                            }
                        },
                        "trainer_advance": {
                            "total": 0.15800029181991704,
                            "count": 435,
                            "self": 0.006188162806211039,
                            "children": {
                                "process_trajectory": {
                                    "total": 0.009796629048651084,
                                    "count": 435,
                                    "self": 0.009796629048651084
                                },
                                "_update_policy": {
                                    "total": 0.14201549996505491,
                                    "count": 3,
                                    "self": 0.017204756004502997,
                                    "children": {
                                        "TorchPPOOptimizer.update": {
                                            "total": 0.12481074396055192,
                                            "count": 108,