{
    "name": "root",
    "metadata": {
        "timer_format_version": "0.1.0",
        "start_time_seconds": "1748788226",
        "python_version": "3.10.2 | packaged by conda-forge | (main, Mar  8 2022, 15:52:47) [Clang 11.1.0 ]",
        "command_line_arguments": "/opt/anaconda3/envs/mlagents/bin/mlagents-learn config/test_config.yaml --run-id=branchsize3_0601_035",
        "mlagents_version": "1.0.0",
        "mlagents_envs_version": "1.0.0",
        "communication_protocol_version": "1.5.0",
        "pytorch_version": "1.13.1",
        "numpy_version": "1.23.1",
        "end_time_seconds": "1748788263"
    },
    "total": 37.077028916974086,
    "count": 1,
    "self": 0.002533083956222981,
    "children": {
        "run_training.setup": {
            "total": 0.012686000030953437,
            "count": 1,
            "self": 0.012686000030953437
        },
        "TrainerController.start_learning": {
            "total": 37.06180983298691,
            "count": 1,
            "self": 0.011852179479319602,
            "children": {
                "TrainerController._reset_env": {
                    "total": 2.7336642500013113,
                    "count": 1,
                    "self": 2.7336642500013113
                },
                "TrainerController.advance": {
                    "total": 34.257870028552134,
                    "count": 1041,
                    "self": 0.010266922938171774,
                    "children": {
                        "env_step": {
                            "total": 33.83717304019956,
                            "count": 1041,
                            "self": 33.110659773345105,
                            "children": {
                                "SubprocessEnvManager._take_step": {
                                    "total": 0.7192905596457422,
                                    "count": 1041,
                                    "self": 0.020160293322987854,
                                    "children": {
                                        "TorchPolicy.evaluate": {
                                            "total": 0.6991302663227543,
                                            "count": 1041,
                                            "self": 0.6991302663227543
                                        }
                                    }
                                },
                                "workers": {
                                    "total": 0.007222707208711654,
                                    "count": 1040,
                                    "self": 0.0,
                                    "children": {
                                        "worker_root": {
                                            "total": 31.747001371753868,
                                            "count": 1040,
                                            "is_parallel": true,
                                            "self": 1.6322651616646908,
                                            "children": {
                                                "steps_from_proto": {
                                                    "total": 0.0005831670132465661,
                                                    "count": 1,
                                                    "is_parallel": true,
                                                    "self": 0.0003352499916218221,
                                                    "children": {
                                                        "_process_rank_one_or_two_observation": {
                                                            "total": 0.00024791702162474394,
                                                            "count": 2,
                                                            "is_parallel": true,
                                                            "self": 0.00024791702162474394
                                                        }
                                                    }
                                                },
                                                "UnityEnvironment.step": {
                                                    "total": 30.11415304307593,
                                                    "count": 1040,
                                                    "is_parallel": true,
                                                    "self": 0.040848573204129934,
                                                    "children": {
                                                        "UnityEnvironment._generate_step_input": {
                                                            "total": 0.02887982636457309,
                                                            "count": 1040,
                                                            "is_parallel": true,
                                                            "self": 0.02887982636457309
                                                        },
                                                        "communicator.exchange": {
                                                            "total": 29.894448265607934,
                                                            "count": 1040,
                                                            "is_parallel": true,
                                                            "self": 29.894448265607934
                                                        },
                                                        "steps_from_proto": {
                                                            "total": 0.14997637789929286,
                                                            "count": 1040,
                                                            "is_parallel": true,
                                                            "self": 0.07522270653862506,
                                                            "children": {
                                                                "_process_rank_one_or_two_observation": {
                                                                    "total": 0.0747536713606678,
                                                                    "count": 2080,
                                                                    "is_parallel": true,
                                                                    "self": 0.0747536713606678
                                                                }
                                                            }
                                                        }
                                                    }
                                                }
                                            }
                                        }
                                    }
                                }
                            }
                        },
                        "trainer_advance": {
                            "total": 0.41043006541440263,
                            "count": 1040,
                            "self": 0.015620413178112358,
                            "children": {
                                "process_trajectory": {
                                    "total": 0.02660865121288225,
                                    "count": 1040,
                                    "self": 0.02660865121288225
                                },
                                "_update_policy": {
                                    "total": 0.368201001023408,
                                    "count": 8,
                                    "self": 0.04544729506596923,
                                    "children": {
                                        "TorchPPOOptimizer.update": {
                                            "total": 0.3227537059574388,
                                            "count": 288,