{
    "name": "root",
    "metadata": {
        "timer_format_version": "0.1.0",
        "start_time_seconds": "1749291183",
        "python_version": "3.10.2 | packaged by conda-forge | (main, Mar  8 2022, 15:52:47) [Clang 11.1.0 ]",
        "command_line_arguments": "/opt/anaconda3/envs/mlagents/bin/mlagents-learn config/test_config.yaml --run-id=0607_4",
        "mlagents_version": "1.0.0",
        "mlagents_envs_version": "1.0.0",
        "communication_protocol_version": "1.5.0",
        "pytorch_version": "1.13.1",
        "numpy_version": "1.23.1",
        "end_time_seconds": "1749291285"
    },
    "total": 102.44945054201526,
    "count": 1,
    "self": 0.004501417046412826,
    "children": {
        "run_training.setup": {
            "total": 0.013260249979794025,
            "count": 1,
            "self": 0.013260249979794025
        },
        "TrainerController.start_learning": {
            "total": 102.43168887498905,
            "count": 1,
            "self": 0.013236001715995371,
            "children": {
                "TrainerController._reset_env": {
                    "total": 2.7786185419827234,
                    "count": 1,
                    "self": 2.7786185419827234
                },
                "TrainerController.advance": {
                    "total": 99.60520616426948,
                    "count": 1200,
                    "self": 0.011359549796907231,
                    "children": {
                        "env_step": {
                            "total": 99.13223061143071,
                            "count": 1200,
                            "self": 98.30217150578392,
                            "children": {
                                "SubprocessEnvManager._take_step": {
                                    "total": 0.822143115743529,
                                    "count": 1201,
                                    "self": 0.021296987280948088,
                                    "children": {
                                        "TorchPolicy.evaluate": {
                                            "total": 0.800846128462581,
                                            "count": 1201,
                                            "self": 0.800846128462581
                                        }
                                    }
                                },
                                "workers": {
                                    "total": 0.007915989903267473,
                                    "count": 1199,
                                    "self": 0.0,
                                    "children": {
                                        "worker_root": {
                                            "total": 36.19394121450023,
                                            "count": 1199,
                                            "is_parallel": true,
                                            "self": 1.8241797061054967,
                                            "children": {
                                                "steps_from_proto": {
                                                    "total": 0.0006452910020016134,
                                                    "count": 1,
                                                    "is_parallel": true,
                                                    "self": 0.00029195804381743073,
                                                    "children": {
                                                        "_process_rank_one_or_two_observation": {
                                                            "total": 0.00035333295818418264,
                                                            "count": 2,
                                                            "is_parallel": true,
                                                            "self": 0.00035333295818418264
                                                        }
                                                    }
                                                },
                                                "UnityEnvironment.step": {
                                                    "total": 34.36911621739273,
                                                    "count": 1199,
                                                    "is_parallel": true,
                                                    "self": 0.04860272174119018,
                                                    "children": {
                                                        "UnityEnvironment._generate_step_input": {
                                                            "total": 0.03423524906975217,
                                                            "count": 1199,
                                                            "is_parallel": true,
                                                            "self": 0.03423524906975217
                                                        },
                                                        "communicator.exchange": {
                                                            "total": 34.113204959692666,
                                                            "count": 1199,
                                                            "is_parallel": true,
                                                            "self": 34.113204959692666
                                                        },
                                                        "steps_from_proto": {
                                                            "total": 0.17307328688912094,
                                                            "count": 1199,
                                                            "is_parallel": true,
                                                            "self": 0.08658597824978642,
                                                            "children": {
                                                                "_process_rank_one_or_two_observation": {
                                                                    "total": 0.08648730863933451,
                                                                    "count": 2398,
                                                                    "is_parallel": true,
                                                                    "self": 0.08648730863933451
                                                                }
                                                            }
                                                        }
                                                    }
                                                }
                                            }
                                        }
                                    }
                                }
                            }
                        },
                        "trainer_advance": {
                            "total": 0.46161600304185413,
                            "count": 1199,
                            "self": 0.018285997823113576,
                            "children": {
                                "process_trajectory": {
                                    "total": 0.028982839168747887,
                                    "count": 1199,
                                    "self": 0.028982839168747887
                                },
                                "_update_policy": {
                                    "total": 0.41434716604999267,
                                    "count": 9,
                                    "self": 0.05156537768198177,
                                    "children": {
                                        "TorchPPOOptimizer.update": {
                                            "total": 0.3627817883680109,
                                            "count": 324,