{
    "name": "root",
    "metadata": {
        "timer_format_version": "0.1.0",
        "start_time_seconds": "1748757885",
        "python_version": "3.10.2 | packaged by conda-forge | (main, Mar  8 2022, 15:52:47) [Clang 11.1.0 ]",
        "command_line_arguments": "/opt/anaconda3/envs/mlagents/bin/mlagents-learn config/test_config.yaml --run-id=branchsize3_0601_27",
        "mlagents_version": "1.0.0",
        "mlagents_envs_version": "1.0.0",
        "communication_protocol_version": "1.5.0",
        "pytorch_version": "1.13.1",
        "numpy_version": "1.23.1",
        "end_time_seconds": "1748757918"
    },
    "total": 33.31033670803299,
    "count": 1,
    "self": 0.00280308403307572,
    "children": {
        "run_training.setup": {
            "total": 0.013629583001602441,
            "count": 1,
            "self": 0.013629583001602441
        },
        "TrainerController.start_learning": {
            "total": 33.293904040998314,
            "count": 1,
            "self": 0.009160121087916195,
            "children": {
                "TrainerController._reset_env": {
                    "total": 3.3091882499866188,
                    "count": 1,
                    "self": 3.3091882499866188
                },
                "TrainerController.advance": {
                    "total": 29.94365766987903,
                    "count": 922,
                    "self": 0.008247771940659732,
                    "children": {
                        "env_step": {
                            "total": 29.618831203551963,
                            "count": 922,
                            "self": 29.028125936572906,
                            "children": {
                                "SubprocessEnvManager._take_step": {
                                    "total": 0.5849845703924075,
                                    "count": 923,
                                    "self": 0.015893784584477544,
                                    "children": {
                                        "TorchPolicy.evaluate": {
                                            "total": 0.5690907858079299,
                                            "count": 923,
                                            "self": 0.5690907858079299
                                        }
                                    }
                                },
                                "workers": {
                                    "total": 0.005720696586649865,
                                    "count": 922,
                                    "self": 0.0,
                                    "children": {
                                        "worker_root": {
                                            "total": 18.382799591403455,
                                            "count": 922,
                                            "is_parallel": true,
                                            "self": 1.316192761354614,
                                            "children": {
                                                "steps_from_proto": {
                                                    "total": 0.0011677910224534571,
                                                    "count": 2,
                                                    "is_parallel": true,
                                                    "self": 0.0006737080402672291,
                                                    "children": {
                                                        "_process_rank_one_or_two_observation": {
                                                            "total": 0.000494082982186228,
                                                            "count": 4,
                                                            "is_parallel": true,
                                                            "self": 0.000494082982186228
                                                        }
                                                    }
                                                },
                                                "UnityEnvironment.step": {
                                                    "total": 17.065439039026387,
                                                    "count": 922,
                                                    "is_parallel": true,
                                                    "self": 0.03450333059299737,
                                                    "children": {
                                                        "UnityEnvironment._generate_step_input": {
                                                            "total": 0.024817626283038408,
                                                            "count": 922,
                                                            "is_parallel": true,
                                                            "self": 0.024817626283038408
                                                        },
                                                        "communicator.exchange": {
                                                            "total": 16.878020049771294,
                                                            "count": 922,
                                                            "is_parallel": true,
                                                            "self": 16.878020049771294
                                                        },
                                                        "steps_from_proto": {
                                                            "total": 0.12809803237905726,
                                                            "count": 922,
                                                            "is_parallel": true,
                                                            "self": 0.0672157226363197,
                                                            "children": {
                                                                "_process_rank_one_or_two_observation": {
                                                                    "total": 0.06088230974273756,
                                                                    "count": 1844,
                                                                    "is_parallel": true,
                                                                    "self": 0.06088230974273756
                                                                }
                                                            }
                                                        }
                                                    }
                                                }
                                            }
                                        }
                                    }
                                }
                            }
                        },
                        "trainer_advance": {
                            "total": 0.31657869438640773,
                            "count": 922,
                            "self": 0.011964860372245312,
                            "children": {
                                "process_trajectory": {
                                    "total": 0.021714791073463857,
                                    "count": 922,
                                    "self": 0.021714791073463857
                                },
                                "_update_policy": {
                                    "total": 0.28289904294069856,
                                    "count": 7,
                                    "self": 0.036346749926451594,
                                    "children": {
                                        "TorchPPOOptimizer.update": {
                                            "total": 0.24655229301424697,
                                            "count": 217,