{
    "name": "root",
    "metadata": {
        "timer_format_version": "0.1.0",
        "start_time_seconds": "1748543394",
        "python_version": "3.10.2 | packaged by conda-forge | (main, Mar  8 2022, 15:52:47) [Clang 11.1.0 ]",
        "command_line_arguments": "/opt/anaconda3/envs/mlagents/bin/mlagents-learn config/test_config.yaml --run-id=test0529_24",
        "mlagents_version": "1.0.0",
        "mlagents_envs_version": "1.0.0",
        "communication_protocol_version": "1.5.0",
        "pytorch_version": "1.13.1",
        "numpy_version": "1.23.1",
        "end_time_seconds": "1748543396"
    },
    "total": 2.698056749999523,
    "count": 1,
    "self": 0.0038046250119805336,
    "children": {
        "run_training.setup": {
            "total": 0.011378541006706655,
            "count": 1,
            "self": 0.011378541006706655
        },
        "TrainerController.start_learning": {
            "total": 2.682873583980836,
            "count": 1,
            "self": 0.00011908294982276857,
            "children": {
                "TrainerController._reset_env": {
                    "total": 2.6564757090236526,
                    "count": 1,
                    "self": 2.6564757090236526
                },
                "TrainerController.advance": {
                    "total": 0.010477500007255003,
                    "count": 1,
                    "self": 8.083006832748652e-06,
                    "children": {
                        "env_step": {
                            "total": 0.010469417000422254,
                            "count": 1,
                            "self": 0.00016774999676272273,
                            "children": {
                                "SubprocessEnvManager._take_step": {
                                    "total": 0.010301667003659531,
                                    "count": 1,
                                    "self": 3.512500552460551e-05,
                                    "children": {
                                        "TorchPolicy.evaluate": {
                                            "total": 0.010266541998134926,
                                            "count": 1,
                                            "self": 0.010266541998134926
                                        }
                                    }
                                }
                            }
                        }
                    }
                },
                "TrainerController._save_models": {
                    "total": 0.015801292000105605,
                    "count": 1,
                    "self": 1.129199517890811e-05,
                    "children": {
                        "RLTrainer._checkpoint": {
                            "total": 0.015790000004926696,
                            "count": 1,
                            "self": 0.015790000004926696
                        }
                    }
                }
            }
        }
    }
}