{
    "name": "root",
    "metadata": {
        "timer_format_version": "0.1.0",
        "start_time_seconds": "1748776939",
        "python_version": "3.10.2 | packaged by conda-forge | (main, Mar  8 2022, 15:52:47) [Clang 11.1.0 ]",
        "command_line_arguments": "/opt/anaconda3/envs/mlagents/bin/mlagents-learn config/test_config.yaml --run-id=branchsize3_0601_015",
        "mlagents_version": "1.0.0",
        "mlagents_envs_version": "1.0.0",
        "communication_protocol_version": "1.5.0",
        "pytorch_version": "1.13.1",
        "numpy_version": "1.23.1",
        "end_time_seconds": "1748776955"
    },
    "total": 16.001115042017773,
    "count": 1,
    "self": 0.003061459108721465,
    "children": {
        "run_training.setup": {
            "total": 0.02026337495772168,
            "count": 1,
            "self": 0.02026337495772168
        },
        "TrainerController.start_learning": {
            "total": 15.97779020795133,
            "count": 1,
            "self": 0.0025383299216628075,
            "children": {
                "TrainerController._reset_env": {
                    "total": 3.7237024169880897,
                    "count": 1,
                    "self": 3.7237024169880897
                },
                "TrainerController.advance": {
                    "total": 12.185150878038257,
                    "count": 88,
                    "self": 0.0009450064389966428,
                    "children": {
                        "env_step": {
                            "total": 12.178521746769547,
                            "count": 88,
                            "self": 12.099486668070313,
                            "children": {
                                "SubprocessEnvManager._take_step": {
                                    "total": 0.07846125098876655,
                                    "count": 88,
                                    "self": 0.0016410808311775327,
                                    "children": {
                                        "TorchPolicy.evaluate": {
                                            "total": 0.07682017015758902,
                                            "count": 88,
                                            "self": 0.07682017015758902
                                        }
                                    }
                                },
                                "workers": {
                                    "total": 0.000573827710468322,
                                    "count": 87,
                                    "self": 0.0,
                                    "children": {
                                        "worker_root": {
                                            "total": 6.862582663947251,
                                            "count": 87,
                                            "is_parallel": true,
                                            "self": 0.15093728486681357,
                                            "children": {
                                                "steps_from_proto": {
                                                    "total": 0.000672166992444545,
                                                    "count": 1,
                                                    "is_parallel": true,
                                                    "self": 0.00036320905201137066,
                                                    "children": {
                                                        "_process_rank_one_or_two_observation": {
                                                            "total": 0.00030895794043317437,
                                                            "count": 2,
                                                            "is_parallel": true,
                                                            "self": 0.00030895794043317437
                                                        }
                                                    }
                                                },
                                                "UnityEnvironment.step": {
                                                    "total": 6.710973212087993,
                                                    "count": 87,
                                                    "is_parallel": true,
                                                    "self": 0.003894703113473952,
                                                    "children": {
                                                        "UnityEnvironment._generate_step_input": {
                                                            "total": 0.0025589647702872753,
                                                            "count": 87,
                                                            "is_parallel": true,
                                                            "self": 0.0025589647702872753
                                                        },
                                                        "communicator.exchange": {
                                                            "total": 6.691447623132262,
                                                            "count": 87,
                                                            "is_parallel": true,
                                                            "self": 6.691447623132262
                                                        },
                                                        "steps_from_proto": {
                                                            "total": 0.013071921071968973,
                                                            "count": 87,
                                                            "is_parallel": true,
                                                            "self": 0.0065191235626116395,
                                                            "children": {
                                                                "_process_rank_one_or_two_observation": {
                                                                    "total": 0.006552797509357333,
                                                                    "count": 174,
                                                                    "is_parallel": true,
                                                                    "self": 0.006552797509357333
                                                                }
                                                            }
                                                        }
                                                    }
                                                }
                                            }
                                        }
                                    }
                                }
                            }
                        },
                        "trainer_advance": {
                            "total": 0.005684124829713255,
                            "count": 87,
                            "self": 0.0009729584562592208,
                            "children": {
                                "process_trajectory": {
                                    "total": 0.004711166373454034,
                                    "count": 87,
                                    "self": 0.004711166373454034
                                }
                            }
                        }
                    }
                },
                "trainer_threads": {
                    "total": 3.4580007195472717e-06,
                    "count": 1,
                    "self": 3.4580007195472717e-06
                },
                "TrainerController._save_models": {
                    "total": 0.06639512500260025,
                    "count": 1,
                    "self": 0.0004959169891662896,