{
    "name": "root",
    "metadata": {
        "timer_format_version": "0.1.0",
        "start_time_seconds": "1749294171",
        "python_version": "3.10.2 | packaged by conda-forge | (main, Mar  8 2022, 15:52:47) [Clang 11.1.0 ]",
        "command_line_arguments": "/opt/anaconda3/envs/mlagents/bin/mlagents-learn config/test_config.yaml --run-id=0607_16",
        "mlagents_version": "1.0.0",
        "mlagents_envs_version": "1.0.0",
        "communication_protocol_version": "1.5.0",
        "pytorch_version": "1.13.1",
        "numpy_version": "1.23.1",
        "end_time_seconds": "1749294307"
    },
    "total": 135.18237445899285,
    "count": 1,
    "self": 0.0025617500068619847,
    "children": {
        "run_training.setup": {
            "total": 0.011984124983428046,
            "count": 1,
            "self": 0.011984124983428046
        },
        "TrainerController.start_learning": {
            "total": 135.16782858400256,
            "count": 1,
            "self": 0.030688323138747364,
            "children": {
                "TrainerController._reset_env": {
                    "total": 2.787799666984938,
                    "count": 1,
                    "self": 2.787799666984938
                },
                "TrainerController.advance": {
                    "total": 132.28806605187128,
                    "count": 2778,
                    "self": 0.0242388590995688,
                    "children": {
                        "env_step": {
                            "total": 131.1950601140561,
                            "count": 2778,
                            "self": 129.30360731479595,
                            "children": {
                                "SubprocessEnvManager._take_step": {
                                    "total": 1.8731083016318735,
                                    "count": 2779,
                                    "self": 0.05007906840182841,
                                    "children": {
                                        "TorchPolicy.evaluate": {
                                            "total": 1.823029233230045,
                                            "count": 2777,
                                            "self": 1.823029233230045
                                        }
                                    }
                                },
                                "workers": {
                                    "total": 0.018344497628277168,
                                    "count": 2777,
                                    "self": 0.0,
                                    "children": {
                                        "worker_root": {
                                            "total": 87.81429351089173,
                                            "count": 2777,
                                            "is_parallel": true,
                                            "self": 4.234235401701881,
                                            "children": {
                                                "steps_from_proto": {
                                                    "total": 0.001207082998007536,
                                                    "count": 2,
                                                    "is_parallel": true,
                                                    "self": 0.0006737920048180968,
                                                    "children": {
                                                        "_process_rank_one_or_two_observation": {
                                                            "total": 0.0005332909931894392,
                                                            "count": 4,
                                                            "is_parallel": true,
                                                            "self": 0.0005332909931894392
                                                        }
                                                    }
                                                },
                                                "UnityEnvironment.step": {
                                                    "total": 83.57885102619184,
                                                    "count": 2777,
                                                    "is_parallel": true,
                                                    "self": 0.11708188289776444,
                                                    "children": {
                                                        "UnityEnvironment._generate_step_input": {
                                                            "total": 0.07762527951854281,
                                                            "count": 2777,
                                                            "is_parallel": true,
                                                            "self": 0.07762527951854281
                                                        },
                                                        "communicator.exchange": {
                                                            "total": 82.99152014852734,
                                                            "count": 2777,
                                                            "is_parallel": true,
                                                            "self": 82.99152014852734
                                                        },
                                                        "steps_from_proto": {
                                                            "total": 0.39262371524819173,
                                                            "count": 2777,
                                                            "is_parallel": true,
                                                            "self": 0.19539107344462536,
                                                            "children": {
                                                                "_process_rank_one_or_two_observation": {
                                                                    "total": 0.19723264180356637,
                                                                    "count": 5554,
                                                                    "is_parallel": true,
                                                                    "self": 0.19723264180356637
                                                                }
                                                            }
                                                        }
                                                    }
                                                }
                                            }
                                        }
                                    }
                                }
                            }
                        },
                        "trainer_advance": {
                            "total": 1.0687670787156094,
                            "count": 2777,
                            "self": 0.03702920317300595,
                            "children": {
                                "process_trajectory": {
                                    "total": 0.0686338375962805,
                                    "count": 2777,
                                    "self": 0.0686338375962805
                                },
                                "_update_policy": {
                                    "total": 0.9631040379463229,
                                    "count": 21,
                                    "self": 0.11937928787665442,
                                    "children": {
                                        "TorchPPOOptimizer.update": {
                                            "total": 0.8437247500696685,
                                            "count": 750,