{
    "name": "root",
    "metadata": {
        "timer_format_version": "0.1.0",
        "start_time_seconds": "1749207252",
        "python_version": "3.10.2 | packaged by conda-forge | (main, Mar  8 2022, 15:52:47) [Clang 11.1.0 ]",
        "command_line_arguments": "/opt/anaconda3/envs/mlagents/bin/mlagents-learn config/test_config.yaml --run-id=0606_10",
        "mlagents_version": "1.0.0",
        "mlagents_envs_version": "1.0.0",
        "communication_protocol_version": "1.5.0",
        "pytorch_version": "1.13.1",
        "numpy_version": "1.23.1",
        "end_time_seconds": "1749207356"
    },
    "total": 104.09279524999147,
    "count": 1,
    "self": 0.0025533340085530654,
    "children": {
        "run_training.setup": {
            "total": 0.013207999989390373,
            "count": 1,
            "self": 0.013207999989390373
        },
        "TrainerController.start_learning": {
            "total": 104.07703391599352,
            "count": 1,
            "self": 0.013632232148665935,
            "children": {
                "TrainerController._reset_env": {
                    "total": 2.468657624995103,
                    "count": 1,
                    "self": 2.468657624995103
                },
                "TrainerController.advance": {
                    "total": 101.52371076685085,
                    "count": 1201,
                    "self": 0.01153783370682504,
                    "children": {
                        "env_step": {
                            "total": 101.0336909678299,
                            "count": 1201,
                            "self": 100.19697714246286,
                            "children": {
                                "SubprocessEnvManager._take_step": {
                                    "total": 0.8286891241150443,
                                    "count": 1201,
                                    "self": 0.021263893257128075,
                                    "children": {
                                        "TorchPolicy.evaluate": {
                                            "total": 0.8074252308579162,
                                            "count": 1201,
                                            "self": 0.8074252308579162
                                        }
                                    }
                                },
                                "workers": {
                                    "total": 0.008024701251997612,
                                    "count": 1200,
                                    "self": 0.0,
                                    "children": {
                                        "worker_root": {
                                            "total": 39.74295491896919,
                                            "count": 1200,
                                            "is_parallel": true,
                                            "self": 1.8868111408519326,
                                            "children": {
                                                "steps_from_proto": {
                                                    "total": 0.000628709007287398,
                                                    "count": 1,
                                                    "is_parallel": true,
                                                    "self": 0.0003528340021148324,
                                                    "children": {
                                                        "_process_rank_one_or_two_observation": {
                                                            "total": 0.0002758750051725656,
                                                            "count": 2,
                                                            "is_parallel": true,
                                                            "self": 0.0002758750051725656
                                                        }
                                                    }
                                                },
                                                "UnityEnvironment.step": {
                                                    "total": 37.85551506910997,
                                                    "count": 1200,
                                                    "is_parallel": true,
                                                    "self": 0.04837516836414579,
                                                    "children": {
                                                        "UnityEnvironment._generate_step_input": {
                                                            "total": 0.03155683382647112,
                                                            "count": 1200,
                                                            "is_parallel": true,
                                                            "self": 0.03155683382647112
                                                        },
                                                        "communicator.exchange": {
                                                            "total": 37.606524308008375,
                                                            "count": 1200,
                                                            "is_parallel": true,
                                                            "self": 37.606524308008375
                                                        },
                                                        "steps_from_proto": {
                                                            "total": 0.1690587589109782,
                                                            "count": 1200,
                                                            "is_parallel": true,
                                                            "self": 0.08619685711164493,
                                                            "children": {
                                                                "_process_rank_one_or_two_observation": {
                                                                    "total": 0.08286190179933328,
                                                                    "count": 2400,
                                                                    "is_parallel": true,
                                                                    "self": 0.08286190179933328
                                                                }
                                                            }
                                                        }
                                                    }
                                                }
                                            }
                                        }
                                    }
                                }
                            }
                        },
                        "trainer_advance": {
                            "total": 0.47848196531413123,
                            "count": 1200,
                            "self": 0.0170553372008726,
                            "children": {
                                "process_trajectory": {
                                    "total": 0.02942708510090597,
                                    "count": 1200,
                                    "self": 0.02942708510090597
                                },
                                "_update_policy": {
                                    "total": 0.43199954301235266,
                                    "count": 9,
                                    "self": 0.05153763009002432,
                                    "children": {
                                        "TorchPPOOptimizer.update": {
                                            "total": 0.38046191292232834,
                                            "count": 324,