{
    "name": "root",
    "metadata": {
        "timer_format_version": "0.1.0",
        "start_time_seconds": "1749390082",
        "python_version": "3.10.2 | packaged by conda-forge | (main, Mar  8 2022, 15:52:47) [Clang 11.1.0 ]",
        "command_line_arguments": "/opt/anaconda3/envs/mlagents/bin/mlagents-learn config/test_config.yaml --run-id=0608_13",
        "mlagents_version": "1.0.0",
        "mlagents_envs_version": "1.0.0",
        "communication_protocol_version": "1.5.0",
        "pytorch_version": "1.13.1",
        "numpy_version": "1.23.1",
        "end_time_seconds": "1749390262"
    },
    "total": 179.55509808301576,
    "count": 1,
    "self": 0.0026966660225298256,
    "children": {
        "run_training.setup": {
            "total": 0.013730499980738387,
            "count": 1,
            "self": 0.013730499980738387
        },
        "TrainerController.start_learning": {
            "total": 179.5386709170125,
            "count": 1,
            "self": 0.028848964167991653,
            "children": {
                "TrainerController._reset_env": {
                    "total": 3.949976332980441,
                    "count": 1,
                    "self": 3.949976332980441
                },
                "TrainerController.advance": {
                    "total": 175.47099874485866,
                    "count": 2782,
                    "self": 0.024089993530651554,
                    "children": {
                        "env_step": {
                            "total": 174.35314556816593,
                            "count": 2782,
                            "self": 172.3928506266384,
                            "children": {
                                "SubprocessEnvManager._take_step": {
                                    "total": 1.942547468439443,
                                    "count": 2782,
                                    "self": 0.05090320378076285,
                                    "children": {
                                        "TorchPolicy.evaluate": {
                                            "total": 1.8916442646586802,
                                            "count": 2780,
                                            "self": 1.8916442646586802
                                        }
                                    }
                                },
                                "workers": {
                                    "total": 0.017747473088093102,
                                    "count": 2781,
                                    "self": 0.0,
                                    "children": {
                                        "worker_root": {
                                            "total": 114.76502070683637,
                                            "count": 2781,
                                            "is_parallel": true,
                                            "self": 4.322151644417318,
                                            "children": {
                                                "steps_from_proto": {
                                                    "total": 0.000323957996442914,
                                                    "count": 1,
                                                    "is_parallel": true,
                                                    "self": 0.00016833297559060156,
                                                    "children": {
                                                        "_process_rank_one_or_two_observation": {
                                                            "total": 0.00015562502085231245,
                                                            "count": 2,
                                                            "is_parallel": true,
                                                            "self": 0.00015562502085231245
                                                        }
                                                    }
                                                },
                                                "UnityEnvironment.step": {
                                                    "total": 110.4425451044226,
                                                    "count": 2781,
                                                    "is_parallel": true,
                                                    "self": 0.11255140171851963,
                                                    "children": {
                                                        "UnityEnvironment._generate_step_input": {
                                                            "total": 0.08278532556141727,
                                                            "count": 2781,
                                                            "is_parallel": true,
                                                            "self": 0.08278532556141727
                                                        },
                                                        "communicator.exchange": {
                                                            "total": 109.86800666729687,
                                                            "count": 2781,
                                                            "is_parallel": true,
                                                            "self": 109.86800666729687
                                                        },
                                                        "steps_from_proto": {
                                                            "total": 0.3792017098458018,
                                                            "count": 2781,
                                                            "is_parallel": true,
                                                            "self": 0.18928735723602585,
                                                            "children": {
                                                                "_process_rank_one_or_two_observation": {
                                                                    "total": 0.18991435260977596,
                                                                    "count": 5562,
                                                                    "is_parallel": true,
                                                                    "self": 0.18991435260977596
                                                                }
                                                            }
                                                        }
                                                    }
                                                }
                                            }
                                        }
                                    }
                                }
                            }
                        },
                        "trainer_advance": {
                            "total": 1.093763183162082,
                            "count": 2781,
                            "self": 0.03950552246533334,
                            "children": {
                                "process_trajectory": {
                                    "total": 0.06975174261606298,
                                    "count": 2781,
                                    "self": 0.06975174261606298
                                },
                                "_update_policy": {
                                    "total": 0.9845059180806857,
                                    "count": 21,
                                    "self": 0.1217854394344613,
                                    "children": {
                                        "TorchPPOOptimizer.update": {
                                            "total": 0.8627204786462244,
                                            "count": 750,