{
    "name": "root",
    "metadata": {
        "timer_format_version": "0.1.0",
        "start_time_seconds": "1749293870",
        "python_version": "3.10.2 | packaged by conda-forge | (main, Mar  8 2022, 15:52:47) [Clang 11.1.0 ]",
        "command_line_arguments": "/opt/anaconda3/envs/mlagents/bin/mlagents-learn config/test_config.yaml --run-id=0607_15",
        "mlagents_version": "1.0.0",
        "mlagents_envs_version": "1.0.0",
        "communication_protocol_version": "1.5.0",
        "pytorch_version": "1.13.1",
        "numpy_version": "1.23.1",
        "end_time_seconds": "1749294169"
    },
    "total": 298.7653705420089,
    "count": 1,
    "self": 0.0024797920195851475,
    "children": {
        "run_training.setup": {
            "total": 0.011648582993075252,
            "count": 1,
            "self": 0.011648582993075252
        },
        "TrainerController.start_learning": {
            "total": 298.75124216699624,
            "count": 1,
            "self": 0.037613230117131025,
            "children": {
                "TrainerController._reset_env": {
                    "total": 2.991250500024762,
                    "count": 1,
                    "self": 2.991250500024762
                },
                "TrainerController.advance": {
                    "total": 295.6610519368551,
                    "count": 3739,
                    "self": 0.03269387112231925,
                    "children": {
                        "env_step": {
                            "total": 294.14847027277574,
                            "count": 3739,
                            "self": 291.55330296285683,
                            "children": {
                                "SubprocessEnvManager._take_step": {
                                    "total": 2.5721095701446757,
                                    "count": 3739,
                                    "self": 0.0677482771279756,
                                    "children": {
                                        "TorchPolicy.evaluate": {
                                            "total": 2.5043612930167,
                                            "count": 3736,
                                            "self": 2.5043612930167
                                        }
                                    }
                                },
                                "workers": {
                                    "total": 0.023057739774230868,
                                    "count": 3738,
                                    "self": 0.0,
                                    "children": {
                                        "worker_root": {
                                            "total": 291.64396692987066,
                                            "count": 3738,
                                            "is_parallel": true,
                                            "self": 5.788541355723282,
                                            "children": {
                                                "steps_from_proto": {
                                                    "total": 0.0006146669911686331,
                                                    "count": 1,
                                                    "is_parallel": true,
                                                    "self": 0.00033854099456220865,
                                                    "children": {
                                                        "_process_rank_one_or_two_observation": {
                                                            "total": 0.00027612599660642445,
                                                            "count": 2,
                                                            "is_parallel": true,
                                                            "self": 0.00027612599660642445
                                                        }
                                                    }
                                                },
                                                "UnityEnvironment.step": {
                                                    "total": 285.8548109071562,
                                                    "count": 3738,
                                                    "is_parallel": true,
                                                    "self": 0.16024241037666798,
                                                    "children": {
                                                        "UnityEnvironment._generate_step_input": {
                                                            "total": 0.11006525019183755,
                                                            "count": 3738,
                                                            "is_parallel": true,
                                                            "self": 0.11006525019183755
                                                        },
                                                        "communicator.exchange": {
                                                            "total": 285.0467316361901,
                                                            "count": 3738,
                                                            "is_parallel": true,
                                                            "self": 285.0467316361901
                                                        },
                                                        "steps_from_proto": {
                                                            "total": 0.5377716103976127,
                                                            "count": 3738,
                                                            "is_parallel": true,
                                                            "self": 0.26697369455359876,
                                                            "children": {
                                                                "_process_rank_one_or_two_observation": {
                                                                    "total": 0.2707979158440139,
                                                                    "count": 7476,
                                                                    "is_parallel": true,
                                                                    "self": 0.2707979158440139
                                                                }
                                                            }
                                                        }
                                                    }
                                                }
                                            }
                                        }
                                    }
                                }
                            }
                        },
                        "trainer_advance": {
                            "total": 1.4798877929570153,
                            "count": 3738,
                            "self": 0.05049932750989683,
                            "children": {
                                "process_trajectory": {
                                    "total": 0.09313929648487829,
                                    "count": 3738,
                                    "self": 0.09313929648487829
                                },
                                "_update_policy": {
                                    "total": 1.3362491689622402,
                                    "count": 29,
                                    "self": 0.16414264094782993,
                                    "children": {
                                        "TorchPPOOptimizer.update": {
                                            "total": 1.1721065280144103,
                                            "count": 1035,