{
    "name": "root",
    "gauges": {
        "Agent.Policy.Entropy.mean": {
            "value": 4.023751735687256,
            "min": 4.023751735687256,
            "max": 4.501585483551025,
            "count": 3
        },
        "Agent.Policy.Entropy.sum": {
            "value": 40305.921875,
            "min": 40305.921875,
            "max": 45344.47265625,
            "count": 3
        },
        "Agent.Step.mean": {
            "value": 29998.0,
            "min": 9949.0,
            "max": 29998.0,
            "count": 3
        },
        "Agent.Step.sum": {
            "value": 29998.0,
            "min": 9949.0,
            "max": 29998.0,
            "count": 3
        },
        "Agent.Policy.ExtrinsicValueEstimate.mean": {
            "value": 22.286409378051758,
            "min": 6.334404468536377,
            "max": 22.286409378051758,
            "count": 3
        },
        "Agent.Policy.ExtrinsicValueEstimate.sum": {
            "value": 3543.5390625,
            "min": 994.50146484375,
            "max": 3543.5390625,
            "count": 3
        },
        "Agent.Losses.PolicyLoss.mean": {
            "value": 0.11771128950850754,
            "min": 0.11771128950850754,
            "max": 0.19297497699948574,
            "count": 3
        },
        "Agent.Losses.PolicyLoss.sum": {
            "value": 1.0594016055765678,
            "min": 1.0594016055765678,
            "max": 1.7367747929953716,
            "count": 3
        },
        "Agent.Losses.ValueLoss.mean": {
            "value": 3466.9673620153358,
            "min": 1675.5042846114548,
            "max": 3466.9673620153358,
            "count": 3
        },
        "Agent.Losses.ValueLoss.sum": {
            "value": 31202.706258138023,
            "min": 15079.538561503094,
            "max": 31202.706258138023,
            "count": 3
        },
        "Agent.Policy.LearningRate.mean": {
            "value": 0.00029629423456858884,
            "min": 0.00029629423456858884,
            "max": 0.00029919135026955,
            "count": 3
        },
        "Agent.Policy.LearningRate.sum": {
            "value": 0.0026666481111172996,
            "min": 0.0026666481111172996,
            "max": 0.00269272215242595,
            "count": 3
        },
        "Agent.Policy.Epsilon.mean": {
            "value": 0.19876474444444447,
            "min": 0.19876474444444447,
            "max": 0.19973045,
            "count": 3
        },
        "Agent.Policy.Epsilon.sum": {
            "value": 1.7888827000000003,
            "min": 1.7888827000000003,
            "max": 1.7975740500000001,
            "count": 3
        },
        "Agent.Policy.Beta.mean": {
            "value": 0.0004939472477777777,
            "min": 0.0004939472477777777,
            "max": 0.0004986792050000001,
            "count": 3
        },
        "Agent.Policy.Beta.sum": {
            "value": 0.00444552523,
            "min": 0.00444552523,
            "max": 0.004488112845,
            "count": 3
        },
        "Agent.Environment.EpisodeLength.mean": {
            "value": 1198.0,
            "min": 1198.0,
            "max": 1198.5,
            "count": 3
        },
        "Agent.Environment.EpisodeLength.sum": {
            "value": 10782.0,
            "min": 7191.0,
            "max": 10785.0,
            "count": 3
        },
        "Agent.Environment.CumulativeReward.mean": {
            "value": 5555.466651068793,
            "min": 3519.566660563151,
            "max": 5555.466651068793,
            "count": 3
        },
        "Agent.Environment.CumulativeReward.sum": {
            "value": 49999.19985961914,
            "min": 21117.399963378906,
            "max": 49999.19985961914,
            "count": 3
        },
        "Agent.Policy.ExtrinsicReward.mean": {
            "value": 5555.466651068793,
            "min": 3519.566660563151,
            "max": 5555.466651068793,
            "count": 3
        },
        "Agent.Policy.ExtrinsicReward.sum": {
            "value": 49999.19985961914,
            "min": 21117.399963378906,
            "max": 49999.19985961914,
            "count": 3
        },
        "Agent.IsTraining.mean": {
            "value": 1.0,
            "min": 1.0,
            "max": 1.0,
            "count": 3
        },
        "Agent.IsTraining.sum": {
            "value": 1.0,
            "min": 1.0,
            "max": 1.0,
            "count": 3
        }
    },
    "metadata": {
        "timer_format_version": "0.1.0",
        "start_time_seconds": "1749563703",
        "python_version": "3.10.2 | packaged by conda-forge | (main, Mar  8 2022, 15:52:47) [Clang 11.1.0 ]",
        "command_line_arguments": "/opt/anaconda3/envs/mlagents/bin/mlagents-learn config/test_config2.yaml --env=RubbleRumble/Test_Run_Build/UnityEnvironment.exe --run-id=06010_11 --num-envs=3",
        "mlagents_version": "1.0.0",
        "mlagents_envs_version": "1.0.0",
        "communication_protocol_version": "1.5.0",
        "pytorch_version": "1.13.1",
        "numpy_version": "1.23.1",
        "end_time_seconds": "1749564197"
    },
    "total": 494.27065762499114,
    "count": 1,
    "self": 10.002581291017123,
    "children": {
        "run_training.setup": {
            "total": 0.018589791958220303,
            "count": 1,
            "self": 0.018589791958220303
        },
        "TrainerController.start_learning": {
            "total": 484.2494865420158,
            "count": 1,
            "self": 0.37645973142934963,
            "children": {
                "TrainerController._reset_env": {
                    "total": 2.9891264580073766,
                    "count": 1,
                    "self": 2.9891264580073766
                },
                "TrainerController.advance": {
                    "total": 480.82725343556376,
                    "count": 27460,
                    "self": 0.3276600211393088,
                    "children": {
                        "env_step": {
                            "total": 472.36519042390864,
                            "count": 27460,
                            "self": 446.1221856249613,
                            "children": {
                                "SubprocessEnvManager._take_step": {
                                    "total": 25.948090390767902,
                                    "count": 33757,
                                    "self": 0.7710913954651915,
                                    "children": {
                                        "TorchPolicy.evaluate": {
                                            "total": 25.17699899530271,
                                            "count": 33736,
                                            "self": 25.17699899530271
                                        }
                                    }
                                },
                                "workers": {
                                    "total": 0.2949144081794657,
                                    "count": 27459,
                                    "self": 0.0,
                                    "children": {
                                        "worker_root": {
                                            "total": 1442.2020973687759,
                                            "count": 33754,
                                            "is_parallel": true,
                                            "self": 79.68685660843039,
                                            "children": {
                                                "steps_from_proto": {
                                                    "total": 0.0007398749585263431,
                                                    "count": 3,
                                                    "is_parallel": true,
                                                    "self": 0.00037512596463784575,