{
    "name": "root",
    "metadata": {
        "timer_format_version": "0.1.0",
        "start_time_seconds": "1749243376",
        "python_version": "3.10.2 | packaged by conda-forge | (main, Mar  8 2022, 15:52:47) [Clang 11.1.0 ]",
        "command_line_arguments": "/opt/anaconda3/envs/mlagents/bin/mlagents-learn config/test_config.yaml --run-id=0606_22",
        "mlagents_version": "1.0.0",
        "mlagents_envs_version": "1.0.0",
        "communication_protocol_version": "1.5.0",
        "pytorch_version": "1.13.1",
        "numpy_version": "1.23.1",
        "end_time_seconds": "1749243443"
    },
    "total": 66.78976033299114,
    "count": 1,
    "self": 0.0026318329764762893,
    "children": {
        "run_training.setup": {
            "total": 0.012208875006763265,
            "count": 1,
            "self": 0.012208875006763265
        },
        "TrainerController.start_learning": {
            "total": 66.7749196250079,
            "count": 1,
            "self": 0.01483386023028288,
            "children": {
                "TrainerController._reset_env": {
                    "total": 2.8213923330040416,
                    "count": 1,
                    "self": 2.8213923330040416
                },
                "TrainerController.advance": {
                    "total": 63.87690043076873,
                    "count": 1201,
                    "self": 0.010477868985617533,
                    "children": {
                        "env_step": {
                            "total": 63.38288416308933,
                            "count": 1201,
                            "self": 62.55322553034057,
                            "children": {
                                "SubprocessEnvManager._take_step": {
                                    "total": 0.8219807542773196,
                                    "count": 1201,
                                    "self": 0.021733200395829044,
                                    "children": {
                                        "TorchPolicy.evaluate": {
                                            "total": 0.8002475538814906,
                                            "count": 1201,
                                            "self": 0.8002475538814906
                                        }
                                    }
                                },
                                "workers": {
                                    "total": 0.007677878471440636,
                                    "count": 1200,
                                    "self": 0.0,
                                    "children": {
                                        "worker_root": {
                                            "total": 36.08995941035391,
                                            "count": 1200,
                                            "is_parallel": true,
                                            "self": 1.8697888404713012,
                                            "children": {
                                                "steps_from_proto": {
                                                    "total": 0.000651374997687526,
                                                    "count": 1,
                                                    "is_parallel": true,
                                                    "self": 0.0003682490059873089,
                                                    "children": {
                                                        "_process_rank_one_or_two_observation": {
                                                            "total": 0.00028312599170021713,
                                                            "count": 2,
                                                            "is_parallel": true,
                                                            "self": 0.00028312599170021713
                                                        }
                                                    }
                                                },
                                                "UnityEnvironment.step": {
                                                    "total": 34.219519194884924,
                                                    "count": 1200,
                                                    "is_parallel": true,
                                                    "self": 0.05143063317518681,
                                                    "children": {
                                                        "UnityEnvironment._generate_step_input": {
                                                            "total": 0.0336921538983006,
                                                            "count": 1200,
                                                            "is_parallel": true,
                                                            "self": 0.0336921538983006
                                                        },
                                                        "communicator.exchange": {
                                                            "total": 33.963085920971935,
                                                            "count": 1200,
                                                            "is_parallel": true,
                                                            "self": 33.963085920971935
                                                        },
                                                        "steps_from_proto": {
                                                            "total": 0.17131048683950212,
                                                            "count": 1200,
                                                            "is_parallel": true,
                                                            "self": 0.08504493566579185,
                                                            "children": {
                                                                "_process_rank_one_or_two_observation": {
                                                                    "total": 0.08626555117371026,
                                                                    "count": 2400,
                                                                    "is_parallel": true,
                                                                    "self": 0.08626555117371026
                                                                }
                                                            }
                                                        }
                                                    }
                                                }
                                            }
                                        }
                                    }
                                }
                            }
                        },
                        "trainer_advance": {
                            "total": 0.48353839869378135,
                            "count": 1200,
                            "self": 0.01549588338821195,
                            "children": {
                                "process_trajectory": {
                                    "total": 0.028309516288572922,
                                    "count": 1200,
                                    "self": 0.028309516288572922
                                },
                                "_update_policy": {
                                    "total": 0.4397329990169965,
                                    "count": 9,
                                    "self": 0.051359415068873204,
                                    "children": {
                                        "TorchPPOOptimizer.update": {
                                            "total": 0.38837358394812327,
                                            "count": 324,