{
    "name": "root",
    "metadata": {
        "timer_format_version": "0.1.0",
        "start_time_seconds": "1748727566",
        "python_version": "3.10.2 (tags/v3.10.2:a58ebcc, Jan 17 2022, 14:12:15) [MSC v.1929 64 bit (AMD64)]",
        "command_line_arguments": "C:\\Users\\kang\\AppData\\Local\\Programs\\Python\\Python310\\Scripts\\mlagents-learn config/test_config.yaml --run-id=test0529_12345",
        "mlagents_version": "1.0.0",
        "mlagents_envs_version": "1.0.0",
        "communication_protocol_version": "1.5.0",
        "pytorch_version": "1.13.1+cu117",
        "numpy_version": "1.23.1",
        "end_time_seconds": "1748727634"
    },
    "total": 67.27508699999453,
    "count": 1,
    "self": 10.003915299996152,
    "children": {
        "run_training.setup": {
            "total": 0.06694190000416711,
            "count": 1,
            "self": 0.06694190000416711
        },
        "TrainerController.start_learning": {
            "total": 57.20422979999421,
            "count": 1,
            "self": 0.022227099994779564,
            "children": {
                "TrainerController._reset_env": {
                    "total": 5.659850299998652,
                    "count": 1,
                    "self": 5.659850299998652
                },
                "TrainerController.advance": {
                    "total": 51.43453799999406,
                    "count": 1412,
                    "self": 0.019130800079437904,
                    "children": {
                        "env_step": {
                            "total": 48.80730250004126,
                            "count": 1412,
                            "self": 45.404333500016946,
                            "children": {
                                "SubprocessEnvManager._take_step": {
                                    "total": 3.389675000056741,
                                    "count": 1413,
                                    "self": 0.04834790003224043,
                                    "children": {
                                        "TorchPolicy.evaluate": {
                                            "total": 3.3413271000245004,
                                            "count": 1413,
                                            "self": 3.3413271000245004
                                        }
                                    }
                                },
                                "workers": {
                                    "total": 0.013293999967572745,
                                    "count": 1411,
                                    "self": 0.0,
                                    "children": {
                                        "worker_root": {
                                            "total": 33.48308849980094,
                                            "count": 1411,
                                            "is_parallel": true,
                                            "self": 7.479781299800379,
                                            "children": {
                                                "steps_from_proto": {
                                                    "total": 0.000539100008609239,
                                                    "count": 2,
                                                    "is_parallel": true,
                                                    "self": 0.0003025000187335536,
                                                    "children": {
                                                        "_process_rank_one_or_two_observation": {
                                                            "total": 0.00023659998987568542,
                                                            "count": 4,
                                                            "is_parallel": true,
                                                            "self": 0.00023659998987568542
                                                        }
                                                    }
                                                },
                                                "UnityEnvironment.step": {
                                                    "total": 26.002768099991954,
                                                    "count": 1411,
                                                    "is_parallel": true,
                                                    "self": 0.08420920035860036,
                                                    "children": {
                                                        "UnityEnvironment._generate_step_input": {
                                                            "total": 0.0691971999258385,
                                                            "count": 1411,
                                                            "is_parallel": true,
                                                            "self": 0.0691971999258385
                                                        },
                                                        "communicator.exchange": {
                                                            "total": 25.585869199792796,
                                                            "count": 1411,
                                                            "is_parallel": true,
                                                            "self": 25.585869199792796
                                                        },
                                                        "steps_from_proto": {
                                                            "total": 0.2634924999147188,
                                                            "count": 1411,
                                                            "is_parallel": true,
                                                            "self": 0.153236099613423,
                                                            "children": {
                                                                "_process_rank_one_or_two_observation": {
                                                                    "total": 0.1102564003012958,
                                                                    "count": 2822,
                                                                    "is_parallel": true,
                                                                    "self": 0.1102564003012958
                                                                }
                                                            }
                                                        }
                                                    }
                                                }
                                            }
                                        }
                                    }
                                }
                            }
                        },
                        "trainer_advance": {
                            "total": 2.6081046998733655,
                            "count": 1411,
                            "self": 0.02834949983662227,
                            "children": {
                                "process_trajectory": {
                                    "total": 0.07273370003531454,
                                    "count": 1411,
                                    "self": 0.07273370003531454
                                },
                                "_update_policy": {
                                    "total": 2.5070215000014286,
                                    "count": 10,
                                    "self": 0.10565839995979331,
                                    "children": {
                                        "TorchPPOOptimizer.update": {
                                            "total": 2.4013631000416353,
                                            "count": 366,