{
    "name": "root",
    "metadata": {
        "timer_format_version": "0.1.0",
        "start_time_seconds": "1749660245",
        "python_version": "3.10.2 | packaged by conda-forge | (main, Mar  8 2022, 15:52:47) [Clang 11.1.0 ]",
        "command_line_arguments": "/opt/anaconda3/envs/mlagents/bin/mlagents-learn config/test_config2.yaml --run-id=06012_a4",
        "mlagents_version": "1.0.0",
        "mlagents_envs_version": "1.0.0",
        "communication_protocol_version": "1.5.0",
        "pytorch_version": "1.13.1",
        "numpy_version": "1.23.1",
        "end_time_seconds": "1749660529"
    },
    "total": 284.3725588330417,
    "count": 1,
    "self": 0.0021954569965600967,
    "children": {
        "run_training.setup": {
            "total": 0.011258792015723884,
            "count": 1,
            "self": 0.011258792015723884
        },
        "TrainerController.start_learning": {
            "total": 284.3591045840294,
            "count": 1,
            "self": 0.04172307951375842,
            "children": {
                "TrainerController._reset_env": {
                    "total": 2.700627708050888,
                    "count": 1,
                    "self": 2.700627708050888
                },
                "TrainerController.advance": {
                    "total": 281.51959842146607,
                    "count": 4410,
                    "self": 0.04176348855253309,
                    "children": {
                        "env_step": {
                            "total": 280.4597005506512,
                            "count": 4410,
                            "self": 277.134852146497,
                            "children": {
                                "SubprocessEnvManager._take_step": {
                                    "total": 3.2975089317769744,
                                    "count": 4411,
                                    "self": 0.08506974688498303,
                                    "children": {
                                        "TorchPolicy.evaluate": {
                                            "total": 3.2124391848919913,
                                            "count": 4407,
                                            "self": 3.2124391848919913
                                        }
                                    }
                                },
                                "workers": {
                                    "total": 0.02733947237720713,
                                    "count": 4409,
                                    "self": 0.0,
                                    "children": {
                                        "worker_root": {
                                            "total": 207.2944702116656,
                                            "count": 4409,
                                            "is_parallel": true,
                                            "self": 6.2956739731598645,
                                            "children": {
                                                "steps_from_proto": {
                                                    "total": 0.0013217079686000943,
                                                    "count": 2,
                                                    "is_parallel": true,
                                                    "self": 0.0007100419024936855,
                                                    "children": {
                                                        "_process_rank_one_or_two_observation": {
                                                            "total": 0.0006116660661064088,
                                                            "count": 4,
                                                            "is_parallel": true,
                                                            "self": 0.0006116660661064088
                                                        }
                                                    }
                                                },
                                                "UnityEnvironment.step": {
                                                    "total": 200.99747453053715,
                                                    "count": 4409,
                                                    "is_parallel": true,
                                                    "self": 0.18629083764972165,
                                                    "children": {
                                                        "UnityEnvironment._generate_step_input": {
                                                            "total": 0.12029740057187155,
                                                            "count": 4409,
                                                            "is_parallel": true,
                                                            "self": 0.12029740057187155
                                                        },
                                                        "communicator.exchange": {
                                                            "total": 200.05929528491106,
                                                            "count": 4409,
                                                            "is_parallel": true,
                                                            "self": 200.05929528491106
                                                        },
                                                        "steps_from_proto": {
                                                            "total": 0.631591007404495,
                                                            "count": 4407,
                                                            "is_parallel": true,
                                                            "self": 0.3059650710201822,
                                                            "children": {
                                                                "_process_rank_one_or_two_observation": {
                                                                    "total": 0.3256259363843128,
                                                                    "count": 8814,
                                                                    "is_parallel": true,
                                                                    "self": 0.3256259363843128
                                                                }
                                                            }
                                                        }
                                                    }
                                                }
                                            }
                                        }
                                    }
                                }
                            }
                        },
                        "trainer_advance": {
                            "total": 1.0181343822623603,
                            "count": 4409,
                            "self": 0.05638086306862533,
                            "children": {
                                "process_trajectory": {
                                    "total": 0.18110077019082382,
                                    "count": 4409,
                                    "self": 0.18110077019082382
                                },
                                "_update_policy": {
                                    "total": 0.7806527490029112,
                                    "count": 4,
                                    "self": 0.017890120681840926,
                                    "children": {
                                        "TorchPPOOptimizer.update": {
                                            "total": 0.7627626283210702,
                                            "count": 96,