{
    "name": "root",
    "metadata": {
        "timer_format_version": "0.1.0",
        "start_time_seconds": "1749241640",
        "python_version": "3.10.2 | packaged by conda-forge | (main, Mar  8 2022, 15:52:47) [Clang 11.1.0 ]",
        "command_line_arguments": "/opt/anaconda3/envs/mlagents/bin/mlagents-learn config/test_config.yaml --run-id=0606_14",
        "mlagents_version": "1.0.0",
        "mlagents_envs_version": "1.0.0",
        "communication_protocol_version": "1.5.0",
        "pytorch_version": "1.13.1",
        "numpy_version": "1.23.1",
        "end_time_seconds": "1749241661"
    },
    "total": 20.56734616700851,
    "count": 1,
    "self": 0.003953626015572809,
    "children": {
        "run_training.setup": {
            "total": 0.011744207993615419,
            "count": 1,
            "self": 0.011744207993615419
        },
        "TrainerController.start_learning": {
            "total": 20.55164833299932,
            "count": 1,
            "self": 0.0001075839827535674,
            "children": {
                "TrainerController._reset_env": {
                    "total": 5.799341250007274,
                    "count": 1,
                    "self": 5.799341250007274
                },
                "TrainerController.advance": {
                    "total": 14.718764332006685,
                    "count": 4,
                    "self": 4.045697278343141e-05,
                    "children": {
                        "env_step": {
                            "total": 14.718678584016743,
                            "count": 4,
                            "self": 14.68617329101835,
                            "children": {
                                "SubprocessEnvManager._take_step": {
                                    "total": 0.03248020898899995,
                                    "count": 5,
                                    "self": 0.0002429999876767397,
                                    "children": {
                                        "TorchPolicy.evaluate": {
                                            "total": 0.03223720900132321,
                                            "count": 5,
                                            "self": 0.03223720900132321
                                        }
                                    }
                                },
                                "workers": {
                                    "total": 2.5084009394049644e-05,
                                    "count": 3,
                                    "self": 0.0,
                                    "children": {
                                        "worker_root": {
                                            "total": 0.029239333991426975,
                                            "count": 3,
                                            "is_parallel": true,
                                            "self": 0.013942417979706079,
                                            "children": {
                                                "steps_from_proto": {
                                                    "total": 0.0003047079953830689,
                                                    "count": 1,
                                                    "is_parallel": true,
                                                    "self": 0.00015566599904559553,
                                                    "children": {
                                                        "_process_rank_one_or_two_observation": {
                                                            "total": 0.0001490419963374734,
                                                            "count": 2,
                                                            "is_parallel": true,
                                                            "self": 0.0001490419963374734
                                                        }
                                                    }
                                                },
                                                "UnityEnvironment.step": {
                                                    "total": 0.014992208016337827,
                                                    "count": 3,
                                                    "is_parallel": true,
                                                    "self": 0.00016054105071816593,
                                                    "children": {
                                                        "UnityEnvironment._generate_step_input": {
                                                            "total": 0.00017474997730460018,
                                                            "count": 3,
                                                            "is_parallel": true,
                                                            "self": 0.00017474997730460018
                                                        },
                                                        "communicator.exchange": {
                                                            "total": 0.014144874992780387,
                                                            "count": 3,
                                                            "is_parallel": true,
                                                            "self": 0.014144874992780387
                                                        },
                                                        "steps_from_proto": {
                                                            "total": 0.0005120419955346733,
                                                            "count": 3,
                                                            "is_parallel": true,
                                                            "self": 0.00029900099616497755,
                                                            "children": {
                                                                "_process_rank_one_or_two_observation": {
                                                                    "total": 0.00021304099936969578,
                                                                    "count": 6,
                                                                    "is_parallel": true,
                                                                    "self": 0.00021304099936969578
                                                                }
                                                            }
                                                        }
                                                    }
                                                }
                                            }
                                        }
                                    }
                                }
                            }
                        },
                        "trainer_advance": {
                            "total": 4.529101715888828e-05,
                            "count": 3,
                            "self": 3.079301677644253e-05,
                            "children": {
                                "process_trajectory": {
                                    "total": 1.4498000382445753e-05,
                                    "count": 3,
                                    "self": 1.4498000382445753e-05
                                }
                            }
                        }
                    }
                },
                "TrainerController._save_models": {
                    "total": 0.03343516700260807,
                    "count": 1,
                    "self": 0.0004566260031424463,
                    "children": {
                        "RLTrainer._checkpoint": {
                            "total": 0.03297854099946562,
                            "count": 1,