{
    "name": "root",
    "metadata": {
        "timer_format_version": "0.1.0",
        "start_time_seconds": "1748879018",
        "python_version": "3.10.2 | packaged by conda-forge | (main, Mar  8 2022, 15:52:47) [Clang 11.1.0 ]",
        "command_line_arguments": "/opt/anaconda3/envs/mlagents/bin/mlagents-learn config/test_config.yaml --run-id=0602_16",
        "mlagents_version": "1.0.0",
        "mlagents_envs_version": "1.0.0",
        "communication_protocol_version": "1.5.0",
        "pytorch_version": "1.13.1",
        "numpy_version": "1.23.1",
        "end_time_seconds": "1748879087"
    },
    "total": 69.49215983401518,
    "count": 1,
    "self": 0.002679501019883901,
    "children": {
        "run_training.setup": {
            "total": 0.012387749971821904,
            "count": 1,
            "self": 0.012387749971821904
        },
        "TrainerController.start_learning": {
            "total": 69.47709258302348,
            "count": 1,
            "self": 0.005106880620587617,
            "children": {
                "TrainerController._reset_env": {
                    "total": 2.573784500011243,
                    "count": 1,
                    "self": 2.573784500011243
                },
                "TrainerController.advance": {
                    "total": 66.8269414944225,
                    "count": 479,
                    "self": 0.004422265221364796,
                    "children": {
                        "env_step": {
                            "total": 66.65877342346357,
                            "count": 479,
                            "self": 66.33738428977085,
                            "children": {
                                "SubprocessEnvManager._take_step": {
                                    "total": 0.3183755891514011,
                                    "count": 479,
                                    "self": 0.008539384230971336,
                                    "children": {
                                        "TorchPolicy.evaluate": {
                                            "total": 0.30983620492042974,
                                            "count": 479,
                                            "self": 0.30983620492042974
                                        }
                                    }
                                },
                                "workers": {
                                    "total": 0.0030135445413179696,
                                    "count": 478,
                                    "self": 0.0,
                                    "children": {
                                        "worker_root": {
                                            "total": 6.318212408281397,
                                            "count": 478,
                                            "is_parallel": true,
                                            "self": 0.7100530393072404,
                                            "children": {
                                                "steps_from_proto": {
                                                    "total": 0.0006150419940240681,
                                                    "count": 1,
                                                    "is_parallel": true,
                                                    "self": 0.00035550096072256565,
                                                    "children": {
                                                        "_process_rank_one_or_two_observation": {
                                                            "total": 0.00025954103330150247,
                                                            "count": 2,
                                                            "is_parallel": true,
                                                            "self": 0.00025954103330150247
                                                        }
                                                    }
                                                },
                                                "UnityEnvironment.step": {
                                                    "total": 5.607544326980133,
                                                    "count": 478,
                                                    "is_parallel": true,
                                                    "self": 0.017951581394299865,
                                                    "children": {
                                                        "UnityEnvironment._generate_step_input": {
                                                            "total": 0.01295145705807954,
                                                            "count": 478,
                                                            "is_parallel": true,
                                                            "self": 0.01295145705807954
                                                        },
                                                        "communicator.exchange": {
                                                            "total": 5.512757619668264,
                                                            "count": 478,
                                                            "is_parallel": true,
                                                            "self": 5.512757619668264
                                                        },
                                                        "steps_from_proto": {
                                                            "total": 0.06388366885948926,
                                                            "count": 478,
                                                            "is_parallel": true,
                                                            "self": 0.03229117067530751,
                                                            "children": {
                                                                "_process_rank_one_or_two_observation": {
                                                                    "total": 0.03159249818418175,
                                                                    "count": 956,
                                                                    "is_parallel": true,
                                                                    "self": 0.03159249818418175
                                                                }
                                                            }
                                                        }
                                                    }
                                                }
                                            }
                                        }
                                    }
                                }
                            }
                        },
                        "trainer_advance": {
                            "total": 0.16374580573756248,
                            "count": 478,
                            "self": 0.006653435295447707,
                            "children": {
                                "process_trajectory": {
                                    "total": 0.011792286357376724,
                                    "count": 478,
                                    "self": 0.011792286357376724
                                },
                                "_update_policy": {
                                    "total": 0.14530008408473805,
                                    "count": 3,
                                    "self": 0.01708009117282927,
                                    "children": {
                                        "TorchPPOOptimizer.update": {
                                            "total": 0.12821999291190878,
                                            "count": 108,