{
    "name": "root",
    "gauges": {
        "Agent.Policy.Entropy.mean": {
            "value": 2.9246175289154053,
            "min": 1.8483538627624512,
            "max": 3.5705161094665527,
            "count": 4
        },
        "Agent.Policy.Entropy.sum": {
            "value": 29392.40625,
            "min": 18483.5390625,
            "max": 35765.859375,
            "count": 4
        },
        "Agent.Environment.EpisodeLength.mean": {
            "value": 474.8,
            "min": 474.8,
            "max": 499.0,
            "count": 4
        },
        "Agent.Environment.EpisodeLength.sum": {
            "value": 9496.0,
            "min": 9496.0,
            "max": 9996.0,
            "count": 4
        },
        "Agent.Step.mean": {
            "value": 39981.0,
            "min": 9965.0,
            "max": 39981.0,
            "count": 4
        },
        "Agent.Step.sum": {
            "value": 39981.0,
            "min": 9965.0,
            "max": 39981.0,
            "count": 4
        },
        "Agent.Policy.ExtrinsicValueEstimate.mean": {
            "value": 31.626808166503906,
            "min": 25.221323013305664,
            "max": 40.368873596191406,
            "count": 4
        },
        "Agent.Policy.ExtrinsicValueEstimate.sum": {
            "value": 5091.916015625,
            "min": 4035.41162109375,
            "max": 6459.02001953125,
            "count": 4
        },
        "Agent.Environment.CumulativeReward.mean": {
            "value": 212.46389496725584,
            "min": 212.46389496725584,
            "max": 230.4326291365549,
            "count": 4
        },
        "Agent.Environment.CumulativeReward.sum": {
            "value": 4461.741794312373,
            "min": 4297.295056786388,
            "max": 4608.652582731098,
            "count": 4
        },
        "Agent.Policy.ExtrinsicReward.mean": {
            "value": 212.46389496725584,
            "min": 212.46389496725584,
            "max": 230.4326291365549,
            "count": 4
        },
        "Agent.Policy.ExtrinsicReward.sum": {
            "value": 4461.741794312373,
            "min": 4297.295056786388,
            "max": 4608.652582731098,
            "count": 4
        },
        "Agent.Losses.PolicyLoss.mean": {
            "value": 0.24487307646453052,
            "min": 0.24141095283026845,
            "max": 0.24834572693956067,
            "count": 4
        },
        "Agent.Losses.PolicyLoss.sum": {
            "value": 19.58984611716244,
            "min": 19.312876226421476,
            "max": 19.619312428225292,
            "count": 4
        },
        "Agent.Losses.ValueLoss.mean": {
            "value": 536.3343554045899,
            "min": 536.3343554045899,
            "max": 660.9867187760598,
            "count": 4
        },
        "Agent.Losses.ValueLoss.sum": {
            "value": 42906.748432367196,
            "min": 42906.748432367196,
            "max": 52217.95078330873,
            "count": 4
        },
        "Agent.Policy.LearningRate.mean": {
            "value": 0.00027902010699329996,
            "min": 0.00027902010699329996,
            "max": 0.0002969870668270962,
            "count": 4
        },
        "Agent.Policy.LearningRate.sum": {
            "value": 0.022321608559463996,
            "min": 0.022321608559463996,
            "max": 0.023461978279340597,
            "count": 4
        },
        "Agent.Policy.Epsilon.mean": {
            "value": 0.19300670000000003,
            "min": 0.19300670000000003,
            "max": 0.19899568860759498,
            "count": 4
        },
        "Agent.Policy.Epsilon.sum": {
            "value": 15.440536000000002,
            "min": 15.440536000000002,
            "max": 15.760656,
            "count": 4
        },
        "Agent.Policy.Beta.mean": {
            "value": 0.0005000000000000001,
            "min": 0.0005000000000000001,
            "max": 0.0005000000000000001,
            "count": 4
        },
        "Agent.Policy.Beta.sum": {
            "value": 0.04000000000000001,
            "min": 0.03950000000000001,
            "max": 0.04000000000000001,
            "count": 4
        },
        "Agent.IsTraining.mean": {
            "value": 1.0,
            "min": 1.0,
            "max": 1.0,
            "count": 4
        },
        "Agent.IsTraining.sum": {
            "value": 1.0,
            "min": 1.0,
            "max": 1.0,
            "count": 4
        }
    },
    "metadata": {
        "timer_format_version": "0.1.0",
        "start_time_seconds": "1748727864",
        "python_version": "3.10.2 (tags/v3.10.2:a58ebcc, Jan 17 2022, 14:12:15) [MSC v.1929 64 bit (AMD64)]",
        "command_line_arguments": "C:\\Users\\kang\\AppData\\Local\\Programs\\Python\\Python310\\Scripts\\mlagents-learn config/test_config.yaml --run-id=test0529_123456",
        "mlagents_version": "1.0.0",
        "mlagents_envs_version": "1.0.0",
        "communication_protocol_version": "1.5.0",
        "pytorch_version": "1.13.1+cu117",
        "numpy_version": "1.23.1",
        "end_time_seconds": "1748729038"
    },
    "total": 1174.875802800001,
    "count": 1,
    "self": 10.003930699997,
    "children": {
        "run_training.setup": {
            "total": 0.0664496000026702,
            "count": 1,
            "self": 0.0664496000026702
        },
        "TrainerController.start_learning": {
            "total": 1164.8054225000014,
            "count": 1,
            "self": 0.8110759986157063,
            "children": {
                "TrainerController._reset_env": {
                    "total": 6.0742052999994485,
                    "count": 1,
                    "self": 6.0742052999994485
                },
                "TrainerController.advance": {
                    "total": 1157.8273294013852,
                    "count": 48087,
                    "self": 0.6039908016537083,
                    "children": {
                        "env_step": {
                            "total": 1058.7705260997318,
                            "count": 48087,
                            "self": 949.6993364978262,
                            "children": {
                                "SubprocessEnvManager._take_step": {
                                    "total": 108.58411560081004,
                                    "count": 48090,
                                    "self": 1.7044170004373882,
                                    "children": {
                                        "TorchPolicy.evaluate": {
                                            "total": 106.87969860037265,
                                            "count": 48086,
                                            "self": 106.87969860037265
                                        }
                                    }
                                },
                                "workers": {
                                    "total": 0.48707400109560695,
                                    "count": 48086,
                                    "self": 0.0,
                                    "children": {
                                        "worker_root": {
                                            "total": 1089.8540531995677,
                                            "count": 48086,
                                            "is_parallel": true,
                                            "self": 242.18979069994384,
                                            "children": {
                                                "steps_from_proto": {
                                                    "total": 0.0012404000081005506,
                                                    "count": 4,
                                                    "is_parallel": true,
                                                    "self": 0.0007035000016912818,