{
    "name": "root",
    "metadata": {
        "timer_format_version": "0.1.0",
        "start_time_seconds": "1749390278",
        "python_version": "3.10.2 | packaged by conda-forge | (main, Mar  8 2022, 15:52:47) [Clang 11.1.0 ]",
        "command_line_arguments": "/opt/anaconda3/envs/mlagents/bin/mlagents-learn config/test_config2.yaml --run-id=0608_14",
        "mlagents_version": "1.0.0",
        "mlagents_envs_version": "1.0.0",
        "communication_protocol_version": "1.5.0",
        "pytorch_version": "1.13.1",
        "numpy_version": "1.23.1",
        "end_time_seconds": "1749390508"
    },
    "total": 229.61813662500936,
    "count": 1,
    "self": 0.0023200430150609463,
    "children": {
        "run_training.setup": {
            "total": 0.013767416006885469,
            "count": 1,
            "self": 0.013767416006885469
        },
        "TrainerController.start_learning": {
            "total": 229.6020491659874,
            "count": 1,
            "self": 0.042435384093550965,
            "children": {
                "TrainerController._reset_env": {
                    "total": 5.909308875008719,
                    "count": 1,
                    "self": 5.909308875008719
                },
                "TrainerController.advance": {
                    "total": 223.55642911489122,
                    "count": 3957,
                    "self": 0.03459348643082194,
                    "children": {
                        "env_step": {
                            "total": 222.7060303845501,
                            "count": 3957,
                            "self": 219.61195221010712,
                            "children": {
                                "SubprocessEnvManager._take_step": {
                                    "total": 3.068158757436322,
                                    "count": 3957,
                                    "self": 0.07909698254661635,
                                    "children": {
                                        "TorchPolicy.evaluate": {
                                            "total": 2.9890617748897057,
                                            "count": 3954,
                                            "self": 2.9890617748897057
                                        }
                                    }
                                },
                                "workers": {
                                    "total": 0.025919417006662115,
                                    "count": 3956,
                                    "self": 0.0,
                                    "children": {
                                        "worker_root": {
                                            "total": 162.8420970798179,
                                            "count": 3956,
                                            "is_parallel": true,
                                            "self": 5.748028772504767,
                                            "children": {
                                                "steps_from_proto": {
                                                    "total": 0.00039933298830874264,
                                                    "count": 1,
                                                    "is_parallel": true,
                                                    "self": 0.00018354097846895456,
                                                    "children": {
                                                        "_process_rank_one_or_two_observation": {
                                                            "total": 0.00021579200983978808,
                                                            "count": 2,
                                                            "is_parallel": true,
                                                            "self": 0.00021579200983978808
                                                        }
                                                    }
                                                },
                                                "UnityEnvironment.step": {
                                                    "total": 157.09366897432483,
                                                    "count": 3956,
                                                    "is_parallel": true,
                                                    "self": 0.1671343694033567,
                                                    "children": {
                                                        "UnityEnvironment._generate_step_input": {
                                                            "total": 0.11080672455136664,
                                                            "count": 3956,
                                                            "is_parallel": true,
                                                            "self": 0.11080672455136664
                                                        },
                                                        "communicator.exchange": {
                                                            "total": 156.24919585877797,
                                                            "count": 3956,
                                                            "is_parallel": true,
                                                            "self": 156.24919585877797
                                                        },
                                                        "steps_from_proto": {
                                                            "total": 0.5665320215921383,
                                                            "count": 3956,
                                                            "is_parallel": true,
                                                            "self": 0.281538068986265,
                                                            "children": {
                                                                "_process_rank_one_or_two_observation": {
                                                                    "total": 0.28499395260587335,
                                                                    "count": 7912,
                                                                    "is_parallel": true,
                                                                    "self": 0.28499395260587335
                                                                }
                                                            }
                                                        }
                                                    }
                                                }
                                            }
                                        }
                                    }
                                }
                            }
                        },
                        "trainer_advance": {
                            "total": 0.8158052439102903,
                            "count": 3956,
                            "self": 0.05750433565117419,
                            "children": {
                                "process_trajectory": {
                                    "total": 0.17429857424576767,
                                    "count": 3956,
                                    "self": 0.17429857424576767
                                },
                                "_update_policy": {
                                    "total": 0.5840023340133484,
                                    "count": 3,
                                    "self": 0.013673370063770562,
                                    "children": {
                                        "TorchPPOOptimizer.update": {
                                            "total": 0.5703289639495779,
                                            "count": 72,