{
    "name": "root",
    "metadata": {
        "timer_format_version": "0.1.0",
        "start_time_seconds": "1748755100",
        "python_version": "3.10.2 | packaged by conda-forge | (main, Mar  8 2022, 15:52:47) [Clang 11.1.0 ]",
        "command_line_arguments": "/opt/anaconda3/envs/mlagents/bin/mlagents-learn config/test_config.yaml --run-id=branchsize3_0601_10",
        "mlagents_version": "1.0.0",
        "mlagents_envs_version": "1.0.0",
        "communication_protocol_version": "1.5.0",
        "pytorch_version": "1.13.1",
        "numpy_version": "1.23.1",
        "end_time_seconds": "1748755190"
    },
    "total": 89.64852837502258,
    "count": 1,
    "self": 10.002238499000669,
    "children": {
        "run_training.setup": {
            "total": 0.011562041996512562,
            "count": 1,
            "self": 0.011562041996512562
        },
        "TrainerController.start_learning": {
            "total": 79.6347278340254,
            "count": 1,
            "self": 0.003207002766430378,
            "children": {
                "TrainerController._reset_env": {
                    "total": 2.659642458020244,
                    "count": 1,
                    "self": 2.659642458020244
                },
                "TrainerController.advance": {
                    "total": 76.9363587902044,
                    "count": 336,
                    "self": 0.0026917342911474407,
                    "children": {
                        "env_step": {
                            "total": 76.82336792279966,
                            "count": 336,
                            "self": 76.60688820725773,
                            "children": {
                                "SubprocessEnvManager._take_step": {
                                    "total": 0.21460821601795033,
                                    "count": 337,
                                    "self": 0.005755549354944378,
                                    "children": {
                                        "TorchPolicy.evaluate": {
                                            "total": 0.20885266666300595,
                                            "count": 337,
                                            "self": 0.20885266666300595
                                        }
                                    }
                                },
                                "workers": {
                                    "total": 0.001871499523986131,
                                    "count": 335,
                                    "self": 0.0,
                                    "children": {
                                        "worker_root": {
                                            "total": 23.27007045521168,
                                            "count": 335,
                                            "is_parallel": true,
                                            "self": 0.47961674397811294,
                                            "children": {
                                                "steps_from_proto": {
                                                    "total": 0.0012274589971639216,
                                                    "count": 2,
                                                    "is_parallel": true,
                                                    "self": 0.000702500983607024,
                                                    "children": {
                                                        "_process_rank_one_or_two_observation": {
                                                            "total": 0.0005249580135568976,
                                                            "count": 4,
                                                            "is_parallel": true,
                                                            "self": 0.0005249580135568976
                                                        }
                                                    }
                                                },
                                                "UnityEnvironment.step": {
                                                    "total": 22.789226252236404,
                                                    "count": 335,
                                                    "is_parallel": true,
                                                    "self": 0.012066679249983281,
                                                    "children": {
                                                        "UnityEnvironment._generate_step_input": {
                                                            "total": 0.008703864412382245,
                                                            "count": 335,
                                                            "is_parallel": true,
                                                            "self": 0.008703864412382245
                                                        },
                                                        "communicator.exchange": {
                                                            "total": 22.725750588579103,
                                                            "count": 335,
                                                            "is_parallel": true,
                                                            "self": 22.725750588579103
                                                        },
                                                        "steps_from_proto": {
                                                            "total": 0.04270511999493465,
                                                            "count": 335,
                                                            "is_parallel": true,
                                                            "self": 0.021878952160477638,
                                                            "children": {
                                                                "_process_rank_one_or_two_observation": {
                                                                    "total": 0.02082616783445701,
                                                                    "count": 670,
                                                                    "is_parallel": true,
                                                                    "self": 0.02082616783445701
                                                                }
                                                            }
                                                        }
                                                    }
                                                }
                                            }
                                        }
                                    }
                                }
                            }
                        },
                        "trainer_advance": {
                            "total": 0.11029913311358541,
                            "count": 335,
                            "self": 0.0037659602821804583,
                            "children": {
                                "process_trajectory": {
                                    "total": 0.007915339840110391,
                                    "count": 335,
                                    "self": 0.007915339840110391
                                },
                                "_update_policy": {
                                    "total": 0.09861783299129456,
                                    "count": 2,
                                    "self": 0.011556165060028434,
                                    "children": {
                                        "TorchPPOOptimizer.update": {
                                            "total": 0.08706166793126613,
                                            "count": 72,