{
    "name": "root",
    "metadata": {
        "timer_format_version": "0.1.0",
        "start_time_seconds": "1748724191",
        "python_version": "3.10.2 (tags/v3.10.2:a58ebcc, Jan 17 2022, 14:12:15) [MSC v.1929 64 bit (AMD64)]",
        "command_line_arguments": "C:\\Users\\kang\\AppData\\Local\\Programs\\Python\\Python310\\Scripts\\mlagents-learn config/test_config.yaml --run-id=test123",
        "mlagents_version": "1.0.0",
        "mlagents_envs_version": "1.0.0",
        "communication_protocol_version": "1.5.0",
        "pytorch_version": "1.13.1+cu117",
        "numpy_version": "1.23.1",
        "end_time_seconds": "1748724368"
    },
    "total": 176.78172430000268,
    "count": 1,
    "self": 0.003986800002167001,
    "children": {
        "run_training.setup": {
            "total": 0.06715909999911673,
            "count": 1,
            "self": 0.06715909999911673
        },
        "TrainerController.start_learning": {
            "total": 176.7105784000014,
            "count": 1,
            "self": 0.0758066003327258,
            "children": {
                "TrainerController._reset_env": {
                    "total": 5.718698900003801,
                    "count": 1,
                    "self": 5.718698900003801
                },
                "TrainerController.advance": {
                    "total": 170.807403499668,
                    "count": 4791,
                    "self": 0.05998899929545587,
                    "children": {
                        "env_step": {
                            "total": 161.07292000031885,
                            "count": 4791,
                            "self": 149.89995000036288,
                            "children": {
                                "SubprocessEnvManager._take_step": {
                                    "total": 11.126706699673377,
                                    "count": 4791,
                                    "self": 0.16896859942789888,
                                    "children": {
                                        "TorchPolicy.evaluate": {
                                            "total": 10.957738100245479,
                                            "count": 4791,
                                            "self": 10.957738100245479
                                        }
                                    }
                                },
                                "workers": {
                                    "total": 0.046263300282589626,
                                    "count": 4790,
                                    "self": 0.0,
                                    "children": {
                                        "worker_root": {
                                            "total": 108.83289699995657,
                                            "count": 4790,
                                            "is_parallel": true,
                                            "self": 24.636457000109658,
                                            "children": {
                                                "steps_from_proto": {
                                                    "total": 0.0004130000015720725,
                                                    "count": 1,
                                                    "is_parallel": true,
                                                    "self": 0.00023620000865776092,
                                                    "children": {
                                                        "_process_rank_one_or_two_observation": {
                                                            "total": 0.0001767999929143116,
                                                            "count": 2,
                                                            "is_parallel": true,
                                                            "self": 0.0001767999929143116
                                                        }
                                                    }
                                                },
                                                "UnityEnvironment.step": {
                                                    "total": 84.19602699984534,
                                                    "count": 4790,
                                                    "is_parallel": true,
                                                    "self": 0.28477830017072847,
                                                    "children": {
                                                        "UnityEnvironment._generate_step_input": {
                                                            "total": 0.23514549961691955,
                                                            "count": 4790,
                                                            "is_parallel": true,
                                                            "self": 0.23514549961691955
                                                        },
                                                        "communicator.exchange": {
                                                            "total": 82.79458320021513,
                                                            "count": 4790,
                                                            "is_parallel": true,
                                                            "self": 82.79458320021513
                                                        },
                                                        "steps_from_proto": {
                                                            "total": 0.8815199998425669,
                                                            "count": 4790,
                                                            "is_parallel": true,
                                                            "self": 0.5203673001306015,
                                                            "children": {
                                                                "_process_rank_one_or_two_observation": {
                                                                    "total": 0.3611526997119654,
                                                                    "count": 9580,
                                                                    "is_parallel": true,
                                                                    "self": 0.3611526997119654
                                                                }
                                                            }
                                                        }
                                                    }
                                                }
                                            }
                                        }
                                    }
                                }
                            }
                        },
                        "trainer_advance": {
                            "total": 9.674494500053697,
                            "count": 4790,
                            "self": 0.09049399993818952,
                            "children": {
                                "process_trajectory": {
                                    "total": 0.27575880011863774,
                                    "count": 4790,
                                    "self": 0.27575880011863774
                                },
                                "_update_policy": {
                                    "total": 9.30824169999687,
                                    "count": 38,
                                    "self": 0.3928852001627092,
                                    "children": {
                                        "TorchPPOOptimizer.update": {
                                            "total": 8.91535649983416,
                                            "count": 1347,