{
    "name": "root",
    "metadata": {
        "timer_format_version": "0.1.0",
        "start_time_seconds": "1749194029",
        "python_version": "3.10.2 | packaged by conda-forge | (main, Mar  8 2022, 15:52:47) [Clang 11.1.0 ]",
        "command_line_arguments": "/opt/anaconda3/envs/mlagents/bin/mlagents-learn config/test_config.yaml --run-id=0606_2",
        "mlagents_version": "1.0.0",
        "mlagents_envs_version": "1.0.0",
        "communication_protocol_version": "1.5.0",
        "pytorch_version": "1.13.1",
        "numpy_version": "1.23.1",
        "end_time_seconds": "1749194131"
    },
    "total": 102.77400879099878,
    "count": 1,
    "self": 0.002649582995218225,
    "children": {
        "run_training.setup": {
            "total": 0.012585167001816444,
            "count": 1,
            "self": 0.012585167001816444
        },
        "TrainerController.start_learning": {
            "total": 102.75877404100174,
            "count": 1,
            "self": 0.013423944896203466,
            "children": {
                "TrainerController._reset_env": {
                    "total": 2.498752749997948,
                    "count": 1,
                    "self": 2.498752749997948
                },
                "TrainerController.advance": {
                    "total": 100.17518226311222,
                    "count": 1201,
                    "self": 0.011309010042168666,
                    "children": {
                        "env_step": {
                            "total": 99.70116384511493,
                            "count": 1201,
                            "self": 98.88865059609088,
                            "children": {
                                "SubprocessEnvManager._take_step": {
                                    "total": 0.8047980909614125,
                                    "count": 1201,
                                    "self": 0.02157256907230476,
                                    "children": {
                                        "TorchPolicy.evaluate": {
                                            "total": 0.7832255218891078,
                                            "count": 1201,
                                            "self": 0.7832255218891078
                                        }
                                    }
                                },
                                "workers": {
                                    "total": 0.007715158062637784,
                                    "count": 1200,
                                    "self": 0.0,
                                    "children": {
                                        "worker_root": {
                                            "total": 34.41505153305479,
                                            "count": 1200,
                                            "is_parallel": true,
                                            "self": 1.8364162892685272,
                                            "children": {
                                                "steps_from_proto": {
                                                    "total": 0.0006291669997153804,
                                                    "count": 1,
                                                    "is_parallel": true,
                                                    "self": 0.00035500100057106465,
                                                    "children": {
                                                        "_process_rank_one_or_two_observation": {
                                                            "total": 0.0002741659991443157,
                                                            "count": 2,
                                                            "is_parallel": true,
                                                            "self": 0.0002741659991443157
                                                        }
                                                    }
                                                },
                                                "UnityEnvironment.step": {
                                                    "total": 32.57800607678655,
                                                    "count": 1200,
                                                    "is_parallel": true,
                                                    "self": 0.05059722200530814,
                                                    "children": {
                                                        "UnityEnvironment._generate_step_input": {
                                                            "total": 0.03585081281198654,
                                                            "count": 1200,
                                                            "is_parallel": true,
                                                            "self": 0.03585081281198654
                                                        },
                                                        "communicator.exchange": {
                                                            "total": 32.317185934007284,
                                                            "count": 1200,
                                                            "is_parallel": true,
                                                            "self": 32.317185934007284
                                                        },
                                                        "steps_from_proto": {
                                                            "total": 0.17437210796197178,
                                                            "count": 1200,
                                                            "is_parallel": true,
                                                            "self": 0.08814481688023079,
                                                            "children": {
                                                                "_process_rank_one_or_two_observation": {
                                                                    "total": 0.08622729108174099,
                                                                    "count": 2400,
                                                                    "is_parallel": true,
                                                                    "self": 0.08622729108174099
                                                                }
                                                            }
                                                        }
                                                    }
                                                }
                                            }
                                        }
                                    }
                                }
                            }
                        },
                        "trainer_advance": {
                            "total": 0.46270940795511706,
                            "count": 1200,
                            "self": 0.01691491097881226,
                            "children": {
                                "process_trajectory": {
                                    "total": 0.02920553898002254,
                                    "count": 1200,
                                    "self": 0.02920553898002254
                                },
                                "_update_policy": {
                                    "total": 0.41658895799628226,
                                    "count": 9,
                                    "self": 0.0539541690814076,
                                    "children": {
                                        "TorchPPOOptimizer.update": {
                                            "total": 0.36263478891487466,
                                            "count": 324,