{
    "name": "root",
    "metadata": {
        "timer_format_version": "0.1.0",
        "start_time_seconds": "1748514871",
        "python_version": "3.10.2 | packaged by conda-forge | (main, Mar  8 2022, 15:52:47) [Clang 11.1.0 ]",
        "command_line_arguments": "/opt/anaconda3/envs/mlagents/bin/mlagents-learn config/test_config.yaml --run-id=test0529_6",
        "mlagents_version": "1.0.0",
        "mlagents_envs_version": "1.0.0",
        "communication_protocol_version": "1.5.0",
        "pytorch_version": "1.13.1",
        "numpy_version": "1.23.1",
        "end_time_seconds": "1748514952"
    },
    "total": 80.37683316599578,
    "count": 1,
    "self": 10.002283332985826,
    "children": {
        "run_training.setup": {
            "total": 0.012643750000279397,
            "count": 1,
            "self": 0.012643750000279397
        },
        "TrainerController.start_learning": {
            "total": 70.36190608300967,
            "count": 1,
            "self": 0.005197002203203738,
            "children": {
                "TrainerController._reset_env": {
                    "total": 3.782977374998154,
                    "count": 1,
                    "self": 3.782977374998154
                },
                "TrainerController.advance": {
                    "total": 66.53930974681862,
                    "count": 521,
                    "self": 0.004322925640735775,
                    "children": {
                        "env_step": {
                            "total": 66.32903790601995,
                            "count": 521,
                            "self": 66.00089728983585,
                            "children": {
                                "SubprocessEnvManager._take_step": {
                                    "total": 0.3252892830350902,
                                    "count": 522,
                                    "self": 0.008472252084175125,
                                    "children": {
                                        "TorchPolicy.evaluate": {
                                            "total": 0.31681703095091507,
                                            "count": 522,
                                            "self": 0.31681703095091507
                                        }
                                    }
                                },
                                "workers": {
                                    "total": 0.0028513331490103155,
                                    "count": 520,
                                    "self": 0.0,
                                    "children": {
                                        "worker_root": {
                                            "total": 5.924703174387105,
                                            "count": 520,
                                            "is_parallel": true,
                                            "self": 0.7665206399688032,
                                            "children": {
                                                "steps_from_proto": {
                                                    "total": 0.0014499160461127758,
                                                    "count": 2,
                                                    "is_parallel": true,
                                                    "self": 0.0008187090861611068,
                                                    "children": {
                                                        "_process_rank_one_or_two_observation": {
                                                            "total": 0.000631206959951669,
                                                            "count": 4,
                                                            "is_parallel": true,
                                                            "self": 0.000631206959951669
                                                        }
                                                    }
                                                },
                                                "UnityEnvironment.step": {
                                                    "total": 5.156732618372189,
                                                    "count": 520,
                                                    "is_parallel": true,
                                                    "self": 0.018109465745510533,
                                                    "children": {
                                                        "UnityEnvironment._generate_step_input": {
                                                            "total": 0.014288332196883857,
                                                            "count": 520,
                                                            "is_parallel": true,
                                                            "self": 0.014288332196883857
                                                        },
                                                        "communicator.exchange": {
                                                            "total": 5.061144612263888,
                                                            "count": 520,
                                                            "is_parallel": true,
                                                            "self": 5.061144612263888
                                                        },
                                                        "steps_from_proto": {
                                                            "total": 0.06319020816590637,
                                                            "count": 520,
                                                            "is_parallel": true,
                                                            "self": 0.03254609604482539,
                                                            "children": {
                                                                "_process_rank_one_or_two_observation": {
                                                                    "total": 0.03064411212108098,
                                                                    "count": 1040,
                                                                    "is_parallel": true,
                                                                    "self": 0.03064411212108098
                                                                }
                                                            }
                                                        }
                                                    }
                                                }
                                            }
                                        }
                                    }
                                }
                            }
                        },
                        "trainer_advance": {
                            "total": 0.2059489151579328,
                            "count": 520,
                            "self": 0.006447290303185582,
                            "children": {
                                "process_trajectory": {
                                    "total": 0.012260750838322565,
                                    "count": 520,
                                    "self": 0.012260750838322565
                                },
                                "_update_policy": {
                                    "total": 0.18724087401642464,
                                    "count": 4,
                                    "self": 0.022631040919804946,
                                    "children": {
                                        "TorchPPOOptimizer.update": {
                                            "total": 0.1646098330966197,
                                            "count": 144,