{
    "name": "root",
    "metadata": {
        "timer_format_version": "0.1.0",
        "start_time_seconds": "1748755398",
        "python_version": "3.10.2 | packaged by conda-forge | (main, Mar  8 2022, 15:52:47) [Clang 11.1.0 ]",
        "command_line_arguments": "/opt/anaconda3/envs/mlagents/bin/mlagents-learn config/test_config.yaml --run-id=branchsize3_0601_13",
        "mlagents_version": "1.0.0",
        "mlagents_envs_version": "1.0.0",
        "communication_protocol_version": "1.5.0",
        "pytorch_version": "1.13.1",
        "numpy_version": "1.23.1",
        "end_time_seconds": "1748755529"
    },
    "total": 131.31504712504102,
    "count": 1,
    "self": 0.002604251028969884,
    "children": {
        "run_training.setup": {
            "total": 0.011746958014555275,
            "count": 1,
            "self": 0.011746958014555275
        },
        "TrainerController.start_learning": {
            "total": 131.3006959159975,
            "count": 1,
            "self": 0.0007172497571446002,
            "children": {
                "TrainerController._reset_env": {
                    "total": 3.416282374993898,
                    "count": 1,
                    "self": 3.416282374993898
                },
                "TrainerController.advance": {
                    "total": 127.81558070820756,
                    "count": 42,
                    "self": 0.0005184222827665508,
                    "children": {
                        "env_step": {
                            "total": 127.81457053608028,
                            "count": 42,
                            "self": 127.78549791302066,
                            "children": {
                                "SubprocessEnvManager._take_step": {
                                    "total": 0.028855081065557897,
                                    "count": 42,
                                    "self": 0.0007736181723885238,
                                    "children": {
                                        "TorchPolicy.evaluate": {
                                            "total": 0.028081462893169373,
                                            "count": 42,
                                            "self": 0.028081462893169373
                                        }
                                    }
                                },
                                "workers": {
                                    "total": 0.00021754199406132102,
                                    "count": 41,
                                    "self": 0.0,
                                    "children": {
                                        "worker_root": {
                                            "total": 7.332113374839537,
                                            "count": 41,
                                            "is_parallel": true,
                                            "self": 0.0604937108582817,
                                            "children": {
                                                "steps_from_proto": {
                                                    "total": 0.0007088749553076923,
                                                    "count": 1,
                                                    "is_parallel": true,
                                                    "self": 0.0003855829709209502,
                                                    "children": {
                                                        "_process_rank_one_or_two_observation": {
                                                            "total": 0.0003232919843867421,
                                                            "count": 2,
                                                            "is_parallel": true,
                                                            "self": 0.0003232919843867421
                                                        }
                                                    }
                                                },
                                                "UnityEnvironment.step": {
                                                    "total": 7.2709107890259475,
                                                    "count": 41,
                                                    "is_parallel": true,
                                                    "self": 0.0016124980757012963,
                                                    "children": {
                                                        "UnityEnvironment._generate_step_input": {
                                                            "total": 0.0011639149161055684,
                                                            "count": 41,
                                                            "is_parallel": true,
                                                            "self": 0.0011639149161055684
                                                        },
                                                        "communicator.exchange": {
                                                            "total": 7.26279891730519,
                                                            "count": 41,
                                                            "is_parallel": true,
                                                            "self": 7.26279891730519
                                                        },
                                                        "steps_from_proto": {
                                                            "total": 0.005335458728950471,
                                                            "count": 41,
                                                            "is_parallel": true,
                                                            "self": 0.002707453561015427,
                                                            "children": {
                                                                "_process_rank_one_or_two_observation": {
                                                                    "total": 0.0026280051679350436,
                                                                    "count": 82,
                                                                    "is_parallel": true,
                                                                    "self": 0.0026280051679350436
                                                                }
                                                            }
                                                        }
                                                    }
                                                }
                                            }
                                        }
                                    }
                                }
                            }
                        },
                        "trainer_advance": {
                            "total": 0.0004917498445138335,
                            "count": 41,
                            "self": 0.00031695456709712744,
                            "children": {
                                "process_trajectory": {
                                    "total": 0.00017479527741670609,
                                    "count": 41,
                                    "self": 0.00017479527741670609
                                }
                            }
                        }
                    }
                },
                "TrainerController._save_models": {
                    "total": 0.06811558303888887,
                    "count": 1,
                    "self": 0.0004844579962082207,
                    "children": {
                        "RLTrainer._checkpoint": {
                            "total": 0.06763112504268065,
                            "count": 1,