{
    "name": "root",
    "metadata": {
        "timer_format_version": "0.1.0",
        "start_time_seconds": "1748434331",
        "python_version": "3.10.2 | packaged by conda-forge | (main, Mar  8 2022, 15:52:47) [Clang 11.1.0 ]",
        "command_line_arguments": "/opt/anaconda3/envs/mlagents/bin/mlagents-learn config/test_config.yaml --run-id=test0528_4",
        "mlagents_version": "1.0.0",
        "mlagents_envs_version": "1.0.0",
        "communication_protocol_version": "1.5.0",
        "pytorch_version": "1.13.1",
        "numpy_version": "1.23.1",
        "end_time_seconds": "1748434415"
    },
    "total": 83.04646612500073,
    "count": 1,
    "self": 0.0026301670004613698,
    "children": {
        "run_training.setup": {
            "total": 0.01153649999469053,
            "count": 1,
            "self": 0.01153649999469053
        },
        "TrainerController.start_learning": {
            "total": 83.03229945800558,
            "count": 1,
            "self": 0.012713967429590411,
            "children": {
                "TrainerController._reset_env": {
                    "total": 3.518415708007524,
                    "count": 1,
                    "self": 3.518415708007524
                },
                "TrainerController.advance": {
                    "total": 79.43126719957218,
                    "count": 1200,
                    "self": 0.009942065356881358,
                    "children": {
                        "env_step": {
                            "total": 78.95057667898072,
                            "count": 1200,
                            "self": 78.18007191440847,
                            "children": {
                                "SubprocessEnvManager._take_step": {
                                    "total": 0.7633617844403489,
                                    "count": 1200,
                                    "self": 0.02085467241704464,
                                    "children": {
                                        "TorchPolicy.evaluate": {
                                            "total": 0.7425071120233042,
                                            "count": 1200,
                                            "self": 0.7425071120233042
                                        }
                                    }
                                },
                                "workers": {
                                    "total": 0.007142980131902732,
                                    "count": 1199,
                                    "self": 0.0,
                                    "children": {
                                        "worker_root": {
                                            "total": 13.513722231145948,
                                            "count": 1199,
                                            "is_parallel": true,
                                            "self": 1.76832624519011,
                                            "children": {
                                                "steps_from_proto": {
                                                    "total": 0.000912874995265156,
                                                    "count": 1,
                                                    "is_parallel": true,
                                                    "self": 0.0005284159997245297,
                                                    "children": {
                                                        "_process_rank_one_or_two_observation": {
                                                            "total": 0.00038445899554062635,
                                                            "count": 2,
                                                            "is_parallel": true,
                                                            "self": 0.00038445899554062635
                                                        }
                                                    }
                                                },
                                                "UnityEnvironment.step": {
                                                    "total": 11.744483110960573,
                                                    "count": 1199,
                                                    "is_parallel": true,
                                                    "self": 0.04204445950745139,
                                                    "children": {
                                                        "UnityEnvironment._generate_step_input": {
                                                            "total": 0.033624916803091764,
                                                            "count": 1199,
                                                            "is_parallel": true,
                                                            "self": 0.033624916803091764
                                                        },
                                                        "communicator.exchange": {
                                                            "total": 11.519864495130605,
                                                            "count": 1199,
                                                            "is_parallel": true,
                                                            "self": 11.519864495130605
                                                        },
                                                        "steps_from_proto": {
                                                            "total": 0.14894923951942474,
                                                            "count": 1199,
                                                            "is_parallel": true,
                                                            "self": 0.0775289543234976,
                                                            "children": {
                                                                "_process_rank_one_or_two_observation": {
                                                                    "total": 0.07142028519592714,
                                                                    "count": 2398,
                                                                    "is_parallel": true,
                                                                    "self": 0.07142028519592714
                                                                }
                                                            }
                                                        }
                                                    }
                                                }
                                            }
                                        }
                                    }
                                }
                            }
                        },
                        "trainer_advance": {
                            "total": 0.47074845523457043,
                            "count": 1199,
                            "self": 0.014460329141002148,
                            "children": {
                                "process_trajectory": {
                                    "total": 0.027793251065304503,
                                    "count": 1199,
                                    "self": 0.027793251065304503
                                },
                                "_update_policy": {
                                    "total": 0.4284948750282638,
                                    "count": 9,
                                    "self": 0.051860535982996225,
                                    "children": {
                                        "TorchPPOOptimizer.update": {
                                            "total": 0.37663433904526755,
                                            "count": 324,