{
    "name": "root",
    "metadata": {
        "timer_format_version": "0.1.0",
        "start_time_seconds": "1748880227",
        "python_version": "3.10.2 | packaged by conda-forge | (main, Mar  8 2022, 15:52:47) [Clang 11.1.0 ]",
        "command_line_arguments": "/opt/anaconda3/envs/mlagents/bin/mlagents-learn config/test_config.yaml --run-id=0602_21",
        "mlagents_version": "1.0.0",
        "mlagents_envs_version": "1.0.0",
        "communication_protocol_version": "1.5.0",
        "pytorch_version": "1.13.1",
        "numpy_version": "1.23.1",
        "end_time_seconds": "1748880235"
    },
    "total": 7.748879000020679,
    "count": 1,
    "self": 0.002555666957050562,
    "children": {
        "run_training.setup": {
            "total": 0.011359875032212585,
            "count": 1,
            "self": 0.011359875032212585
        },
        "TrainerController.start_learning": {
            "total": 7.734963458031416,
            "count": 1,
            "self": 0.0037730385665781796,
            "children": {
                "TrainerController._reset_env": {
                    "total": 2.776019125012681,
                    "count": 1,
                    "self": 2.776019125012681
                },
                "TrainerController.advance": {
                    "total": 4.898996294417884,
                    "count": 283,
                    "self": 0.002512597886379808,
                    "children": {
                        "env_step": {
                            "total": 4.788339742459357,
                            "count": 283,
                            "self": 4.604352611349896,
                            "children": {
                                "SubprocessEnvManager._take_step": {
                                    "total": 0.1823755506775342,
                                    "count": 283,
                                    "self": 0.004770272993482649,
                                    "children": {
                                        "TorchPolicy.evaluate": {
                                            "total": 0.17760527768405154,
                                            "count": 283,
                                            "self": 0.17760527768405154
                                        }
                                    }
                                },
                                "workers": {
                                    "total": 0.0016115804319269955,
                                    "count": 282,
                                    "self": 0.0,
                                    "children": {
                                        "worker_root": {
                                            "total": 3.8282382010365836,
                                            "count": 282,
                                            "is_parallel": true,
                                            "self": 0.42594777717022225,
                                            "children": {
                                                "steps_from_proto": {
                                                    "total": 0.0006101250182837248,
                                                    "count": 1,
                                                    "is_parallel": true,
                                                    "self": 0.0003423330490477383,
                                                    "children": {
                                                        "_process_rank_one_or_two_observation": {
                                                            "total": 0.00026779196923598647,
                                                            "count": 2,
                                                            "is_parallel": true,
                                                            "self": 0.00026779196923598647
                                                        }
                                                    }
                                                },
                                                "UnityEnvironment.step": {
                                                    "total": 3.4016802988480777,
                                                    "count": 282,
                                                    "is_parallel": true,
                                                    "self": 0.010301482339855283,
                                                    "children": {
                                                        "UnityEnvironment._generate_step_input": {
                                                            "total": 0.007822538434993476,
                                                            "count": 282,
                                                            "is_parallel": true,
                                                            "self": 0.007822538434993476
                                                        },
                                                        "communicator.exchange": {
                                                            "total": 3.347266413678881,
                                                            "count": 282,
                                                            "is_parallel": true,
                                                            "self": 3.347266413678881
                                                        },
                                                        "steps_from_proto": {
                                                            "total": 0.036289864394348115,
                                                            "count": 282,
                                                            "is_parallel": true,
                                                            "self": 0.018282282806467265,
                                                            "children": {
                                                                "_process_rank_one_or_two_observation": {
                                                                    "total": 0.01800758158788085,
                                                                    "count": 564,
                                                                    "is_parallel": true,
                                                                    "self": 0.01800758158788085
                                                                }
                                                            }
                                                        }
                                                    }
                                                }
                                            }
                                        }
                                    }
                                }
                            }
                        },
                        "trainer_advance": {
                            "total": 0.10814395407214761,
                            "count": 282,
                            "self": 0.003506124543491751,
                            "children": {
                                "process_trajectory": {
                                    "total": 0.006399579520802945,
                                    "count": 282,
                                    "self": 0.006399579520802945
                                },
                                "_update_policy": {
                                    "total": 0.09823825000785291,
                                    "count": 2,
                                    "self": 0.011088795261457562,
                                    "children": {
                                        "TorchPPOOptimizer.update": {
                                            "total": 0.08714945474639535,
                                            "count": 72,