{
    "name": "root",
    "metadata": {
        "timer_format_version": "0.1.0",
        "start_time_seconds": "1748878925",
        "python_version": "3.10.2 | packaged by conda-forge | (main, Mar  8 2022, 15:52:47) [Clang 11.1.0 ]",
        "command_line_arguments": "/opt/anaconda3/envs/mlagents/bin/mlagents-learn config/test_config.yaml --run-id=0602_12",
        "mlagents_version": "1.0.0",
        "mlagents_envs_version": "1.0.0",
        "communication_protocol_version": "1.5.0",
        "pytorch_version": "1.13.1",
        "numpy_version": "1.23.1",
        "end_time_seconds": "1748878941"
    },
    "total": 16.118402042018715,
    "count": 1,
    "self": 0.0024235830642282963,
    "children": {
        "run_training.setup": {
            "total": 0.011558374972082675,
            "count": 1,
            "self": 0.011558374972082675
        },
        "TrainerController.start_learning": {
            "total": 16.104420083982404,
            "count": 1,
            "self": 0.010112502495758235,
            "children": {
                "TrainerController._reset_env": {
                    "total": 3.1681439169915393,
                    "count": 1,
                    "self": 3.1681439169915393
                },
                "TrainerController.advance": {
                    "total": 12.87321358139161,
                    "count": 901,
                    "self": 0.008595708350185305,
                    "children": {
                        "env_step": {
                            "total": 12.50566354271723,
                            "count": 901,
                            "self": 11.904962403466925,
                            "children": {
                                "SubprocessEnvManager._take_step": {
                                    "total": 0.5952450451441109,
                                    "count": 901,
                                    "self": 0.016058041830547154,
                                    "children": {
                                        "TorchPolicy.evaluate": {
                                            "total": 0.5791870033135638,
                                            "count": 901,
                                            "self": 0.5791870033135638
                                        }
                                    }
                                },
                                "workers": {
                                    "total": 0.005456094106193632,
                                    "count": 900,
                                    "self": 0.0,
                                    "children": {
                                        "worker_root": {
                                            "total": 11.709480840654578,
                                            "count": 900,
                                            "is_parallel": true,
                                            "self": 1.368566149729304,
                                            "children": {
                                                "steps_from_proto": {
                                                    "total": 0.0006200839998200536,
                                                    "count": 1,
                                                    "is_parallel": true,
                                                    "self": 0.0003487089998088777,
                                                    "children": {
                                                        "_process_rank_one_or_two_observation": {
                                                            "total": 0.00027137500001117587,
                                                            "count": 2,
                                                            "is_parallel": true,
                                                            "self": 0.00027137500001117587
                                                        }
                                                    }
                                                },
                                                "UnityEnvironment.step": {
                                                    "total": 10.340294606925454,
                                                    "count": 900,
                                                    "is_parallel": true,
                                                    "self": 0.03424030664609745,
                                                    "children": {
                                                        "UnityEnvironment._generate_step_input": {
                                                            "total": 0.02396355353994295,
                                                            "count": 900,
                                                            "is_parallel": true,
                                                            "self": 0.02396355353994295
                                                        },
                                                        "communicator.exchange": {
                                                            "total": 10.161797034263145,
                                                            "count": 900,
                                                            "is_parallel": true,
                                                            "self": 10.161797034263145
                                                        },
                                                        "steps_from_proto": {
                                                            "total": 0.12029371247626841,
                                                            "count": 900,
                                                            "is_parallel": true,
                                                            "self": 0.0609705692040734,
                                                            "children": {
                                                                "_process_rank_one_or_two_observation": {
                                                                    "total": 0.05932314327219501,
                                                                    "count": 1800,
                                                                    "is_parallel": true,
                                                                    "self": 0.05932314327219501
                                                                }
                                                            }
                                                        }
                                                    }
                                                }
                                            }
                                        }
                                    }
                                }
                            }
                        },
                        "trainer_advance": {
                            "total": 0.3589543303241953,
                            "count": 900,
                            "self": 0.013315139804035425,
                            "children": {
                                "process_trajectory": {
                                    "total": 0.021583817549981177,
                                    "count": 900,
                                    "self": 0.021583817549981177
                                },
                                "_update_policy": {
                                    "total": 0.3240553729701787,
                                    "count": 7,
                                    "self": 0.039489493996370584,
                                    "children": {
                                        "TorchPPOOptimizer.update": {
                                            "total": 0.28456587897380814,
                                            "count": 252,