{
    "name": "root",
    "metadata": {
        "timer_format_version": "0.1.0",
        "start_time_seconds": "1748788646",
        "python_version": "3.10.2 | packaged by conda-forge | (main, Mar  8 2022, 15:52:47) [Clang 11.1.0 ]",
        "command_line_arguments": "/opt/anaconda3/envs/mlagents/bin/mlagents-learn config/test_config.yaml --run-id=branchsize3_0601_039",
        "mlagents_version": "1.0.0",
        "mlagents_envs_version": "1.0.0",
        "communication_protocol_version": "1.5.0",
        "pytorch_version": "1.13.1",
        "numpy_version": "1.23.1",
        "end_time_seconds": "1748788687"
    },
    "total": 41.89972550002858,
    "count": 1,
    "self": 0.0026111670304089785,
    "children": {
        "run_training.setup": {
            "total": 0.011850250011775643,
            "count": 1,
            "self": 0.011850250011775643
        },
        "TrainerController.start_learning": {
            "total": 41.885264082986396,
            "count": 1,
            "self": 0.005064302298706025,
            "children": {
                "TrainerController._reset_env": {
                    "total": 3.2250884589739144,
                    "count": 1,
                    "self": 3.2250884589739144
                },
                "TrainerController.advance": {
                    "total": 38.59478273871355,
                    "count": 383,
                    "self": 0.003404156130272895,
                    "children": {
                        "env_step": {
                            "total": 38.47746700170683,
                            "count": 383,
                            "self": 38.20688313955907,
                            "children": {
                                "SubprocessEnvManager._take_step": {
                                    "total": 0.2681535348528996,
                                    "count": 383,
                                    "self": 0.006668579939287156,
                                    "children": {
                                        "TorchPolicy.evaluate": {
                                            "total": 0.26148495491361246,
                                            "count": 383,
                                            "self": 0.26148495491361246
                                        }
                                    }
                                },
                                "workers": {
                                    "total": 0.002430327294860035,
                                    "count": 382,
                                    "self": 0.0,
                                    "children": {
                                        "worker_root": {
                                            "total": 35.836641554604284,
                                            "count": 382,
                                            "is_parallel": true,
                                            "self": 0.572730181273073,
                                            "children": {
                                                "steps_from_proto": {
                                                    "total": 0.0006067500216886401,
                                                    "count": 1,
                                                    "is_parallel": true,
                                                    "self": 0.00034279096871614456,
                                                    "children": {
                                                        "_process_rank_one_or_two_observation": {
                                                            "total": 0.00026395905297249556,
                                                            "count": 2,
                                                            "is_parallel": true,
                                                            "self": 0.00026395905297249556
                                                        }
                                                    }
                                                },
                                                "UnityEnvironment.step": {
                                                    "total": 35.26330462330952,
                                                    "count": 382,
                                                    "is_parallel": true,
                                                    "self": 0.015425167803186923,
                                                    "children": {
                                                        "UnityEnvironment._generate_step_input": {
                                                            "total": 0.010683362430427223,
                                                            "count": 382,
                                                            "is_parallel": true,
                                                            "self": 0.010683362430427223
                                                        },
                                                        "communicator.exchange": {
                                                            "total": 35.18324425746687,
                                                            "count": 382,
                                                            "is_parallel": true,
                                                            "self": 35.18324425746687
                                                        },
                                                        "steps_from_proto": {
                                                            "total": 0.053951835609041154,
                                                            "count": 382,
                                                            "is_parallel": true,
                                                            "self": 0.027675246528815478,
                                                            "children": {
                                                                "_process_rank_one_or_two_observation": {
                                                                    "total": 0.026276589080225676,
                                                                    "count": 764,
                                                                    "is_parallel": true,
                                                                    "self": 0.026276589080225676
                                                                }
                                                            }
                                                        }
                                                    }
                                                }
                                            }
                                        }
                                    }
                                }
                            }
                        },
                        "trainer_advance": {
                            "total": 0.11391158087644726,
                            "count": 382,
                            "self": 0.00511791167082265,
                            "children": {
                                "process_trajectory": {
                                    "total": 0.008235836226958781,
                                    "count": 382,
                                    "self": 0.008235836226958781
                                },
                                "_update_policy": {
                                    "total": 0.10055783297866583,
                                    "count": 2,
                                    "self": 0.011562497296836227,
                                    "children": {
                                        "TorchPPOOptimizer.update": {
                                            "total": 0.0889953356818296,
                                            "count": 72,