{
    "name": "root",
    "gauges": {
        "Agent.Policy.Entropy.mean": {
            "value": 2.698354482650757,
            "min": 2.6197736263275146,
            "max": 2.7652242183685303,
            "count": 61
        },
        "Agent.Policy.Entropy.sum": {
            "value": 26856.72265625,
            "min": 16297.6123046875,
            "max": 28050.43359375,
            "count": 61
        },
        "Agent.Environment.EpisodeLength.mean": {
            "value": 1199.0,
            "min": 16.0,
            "max": 1199.0,
            "count": 61
        },
        "Agent.Environment.EpisodeLength.sum": {
            "value": 9592.0,
            "min": 160.0,
            "max": 11990.0,
            "count": 61
        },
        "Agent.Step.mean": {
            "value": 13189964.0,
            "min": 12589980.0,
            "max": 13189964.0,
            "count": 61
        },
        "Agent.Step.sum": {
            "value": 13189964.0,
            "min": 12589980.0,
            "max": 13189964.0,
            "count": 61
        },
        "Agent.Policy.ExtrinsicValueEstimate.mean": {
            "value": 0.6730549335479736,
            "min": 0.627119243144989,
            "max": 0.910945475101471,
            "count": 61
        },
        "Agent.Policy.ExtrinsicValueEstimate.sum": {
            "value": 106.34268188476562,
            "min": 85.13773345947266,
            "max": 143.92938232421875,
            "count": 61
        },
        "Agent.Environment.CumulativeReward.mean": {
            "value": 9.891375380160753,
            "min": -0.017000000923871994,
            "max": 10.920714732958004,
            "count": 61
        },
        "Agent.Environment.CumulativeReward.sum": {
            "value": 79.13100304128602,
            "min": -0.17000000923871994,
            "max": 108.06600530259311,
            "count": 61
        },
        "Agent.Policy.ExtrinsicReward.mean": {
            "value": 9.891375380160753,
            "min": -0.017000000923871994,
            "max": 10.920714732958004,
            "count": 61
        },
        "Agent.Policy.ExtrinsicReward.sum": {
            "value": 79.13100304128602,
            "min": -0.17000000923871994,
            "max": 108.06600530259311,
            "count": 61
        },
        "Agent.IsTraining.mean": {
            "value": 1.0,
            "min": 1.0,
            "max": 1.0,
            "count": 61
        },
        "Agent.IsTraining.sum": {
            "value": 1.0,
            "min": 1.0,
            "max": 1.0,
            "count": 61
        },
        "Agent.Losses.PolicyLoss.mean": {
            "value": 0.14149929446090634,
            "min": 0.0718024765374139,
            "max": 0.1468993318256859,
            "count": 59
        },
        "Agent.Losses.PolicyLoss.sum": {
            "value": 0.14149929446090634,
            "min": 0.0718024765374139,
            "max": 0.1468993318256859,
            "count": 59
        },
        "Agent.Losses.ValueLoss.mean": {
            "value": 0.02516027077411612,
            "min": 0.02041217414662242,
            "max": 0.03773293818036715,
            "count": 59
        },
        "Agent.Losses.ValueLoss.sum": {
            "value": 0.02516027077411612,
            "min": 0.02041217414662242,
            "max": 0.03773293818036715,
            "count": 59
        },
        "Agent.Policy.LearningRate.mean": {
            "value": 3.631838852413945e-05,
            "min": 3.631838852413945e-05,
            "max": 4.81186982972009e-05,
            "count": 59
        },
        "Agent.Policy.LearningRate.sum": {
            "value": 3.631838852413945e-05,
            "min": 3.631838852413945e-05,
            "max": 4.81186982972009e-05,
            "count": 59
        },
        "Agent.Policy.Epsilon.mean": {
            "value": 0.11210610021007991,
            "min": 0.11210610021007991,
            "max": 0.11603953811224639,
            "count": 59
        },
        "Agent.Policy.Epsilon.sum": {
            "value": 0.11210610021007991,
            "min": 0.11210610021007991,
            "max": 0.11603953811224639,
            "count": 59
        },
        "Agent.Policy.Beta.mean": {
            "value": 6.931989102939144e-05,
            "min": 6.931989102939144e-05,
            "max": 8.859373675000707e-05,
            "count": 59
        },
        "Agent.Policy.Beta.sum": {
            "value": 6.931989102939144e-05,
            "min": 6.931989102939144e-05,
            "max": 8.859373675000707e-05,
            "count": 59
        }
    },
    "metadata": {
        "timer_format_version": "0.1.0",
        "start_time_seconds": "1749750192",
        "python_version": "3.10.2 (tags/v3.10.2:a58ebcc, Jan 17 2022, 14:12:15) [MSC v.1929 64 bit (AMD64)]",
        "command_line_arguments": "C:\\Users\\kang\\AppData\\Local\\Programs\\Python\\Python310\\Scripts\\mlagents-learn C:\\RubbleRumble-seunghee\\config\\test_config.yaml --env=C:\\RubbleRumble\\PADADA\\UnityEnvironment.exe --run-id=qqqqqq --resume --num-envs=10 --torch-device cuda",
        "mlagents_version": "1.0.0",
        "mlagents_envs_version": "1.0.0",
        "communication_protocol_version": "1.5.0",
        "pytorch_version": "1.13.1+cu117",
        "numpy_version": "1.23.1",
        "end_time_seconds": "1749752905"
    },
    "total": 2712.8669828999846,
    "count": 1,
    "self": 4.1323821999831125,
    "children": {
        "run_training.setup": {
            "total": 0.796379400009755,
            "count": 1,
            "self": 0.796379400009755
        },
        "TrainerController.start_learning": {
            "total": 2707.9382212999917,
            "count": 1,
            "self": 2.9758173038135283,
            "children": {
                "TrainerController._reset_env": {
                    "total": 7.866093400021782,
                    "count": 1,
                    "self": 7.866093400021782
                },
                "TrainerController.advance": {
                    "total": 2696.894093796145,
                    "count": 70511,
                    "self": 1.6273611965589225,
                    "children": {
                        "env_step": {
                            "total": 2589.387455601187,
                            "count": 70511,
                            "self": 201.20309118850855,
                            "children": {
                                "SubprocessEnvManager._take_step": {
                                    "total": 2384.506702214945,
                                    "count": 614644,
                                    "self": 32.26107070737635,
                                    "children": {
                                        "TorchPolicy.evaluate": {
                                            "total": 2352.2456315075688,
                                            "count": 614644,
                                            "self": 2352.2456315075688
                                        }
                                    }
                                },
                                "workers": {
                                    "total": 3.677662197733298,
                                    "count": 70510,
                                    "self": 0.0,
                                    "children": {
                                        "worker_root": {
                                            "total": 26998.32966070372,
                                            "count": 614640,
                                            "is_parallel": true,
                                            "self": 24355.842211013107,
                                            "children": {
                                                "steps_from_proto": {
                                                    "total": 0.003670999954920262,
                                                    "count": 10,