{
    "name": "root",
    "metadata": {
        "timer_format_version": "0.1.0",
        "start_time_seconds": "1749291514",
        "python_version": "3.10.2 | packaged by conda-forge | (main, Mar  8 2022, 15:52:47) [Clang 11.1.0 ]",
        "command_line_arguments": "/opt/anaconda3/envs/mlagents/bin/mlagents-learn config/test_config.yaml --run-id=0607_7",
        "mlagents_version": "1.0.0",
        "mlagents_envs_version": "1.0.0",
        "communication_protocol_version": "1.5.0",
        "pytorch_version": "1.13.1",
        "numpy_version": "1.23.1",
        "end_time_seconds": "1749291624"
    },
    "total": 110.88064533300349,
    "count": 1,
    "self": 10.002335499040782,
    "children": {
        "run_training.setup": {
            "total": 0.011973416985711083,
            "count": 1,
            "self": 0.011973416985711083
        },
        "TrainerController.start_learning": {
            "total": 100.86633641697699,
            "count": 1,
            "self": 0.0002925420121755451,
            "children": {
                "TrainerController._reset_env": {
                    "total": 28.471592665999196,
                    "count": 1,
                    "self": 28.471592665999196
                },
                "TrainerController.advance": {
                    "total": 72.35910412599333,
                    "count": 7,
                    "self": 0.00010691906209103763,
                    "children": {
                        "env_step": {
                            "total": 72.35882624896476,
                            "count": 7,
                            "self": 72.34529649897013,
                            "children": {
                                "SubprocessEnvManager._take_step": {
                                    "total": 0.01346291700610891,
                                    "count": 8,
                                    "self": 0.0005202909524086863,
                                    "children": {
                                        "TorchPolicy.evaluate": {
                                            "total": 0.012942626053700224,
                                            "count": 8,
                                            "self": 0.012942626053700224
                                        }
                                    }
                                },
                                "workers": {
                                    "total": 6.683298852294683e-05,
                                    "count": 6,
                                    "self": 0.0,
                                    "children": {
                                        "worker_root": {
                                            "total": 0.059295040991855785,
                                            "count": 6,
                                            "is_parallel": true,
                                            "self": 0.0294881260197144,
                                            "children": {
                                                "steps_from_proto": {
                                                    "total": 0.0014611239894293249,
                                                    "count": 2,
                                                    "is_parallel": true,
                                                    "self": 0.000785790994996205,
                                                    "children": {
                                                        "_process_rank_one_or_two_observation": {
                                                            "total": 0.0006753329944331199,
                                                            "count": 4,
                                                            "is_parallel": true,
                                                            "self": 0.0006753329944331199
                                                        }
                                                    }
                                                },
                                                "UnityEnvironment.step": {
                                                    "total": 0.02834579098271206,
                                                    "count": 6,
                                                    "is_parallel": true,
                                                    "self": 0.00034887506626546383,
                                                    "children": {
                                                        "UnityEnvironment._generate_step_input": {
                                                            "total": 0.0004947089764755219,
                                                            "count": 6,
                                                            "is_parallel": true,
                                                            "self": 0.0004947089764755219
                                                        },
                                                        "communicator.exchange": {
                                                            "total": 0.026392248924821615,
                                                            "count": 6,
                                                            "is_parallel": true,
                                                            "self": 0.026392248924821615
                                                        },
                                                        "steps_from_proto": {
                                                            "total": 0.0011099580151494592,
                                                            "count": 6,
                                                            "is_parallel": true,
                                                            "self": 0.0006267910066526383,
                                                            "children": {
                                                                "_process_rank_one_or_two_observation": {
                                                                    "total": 0.0004831670084968209,
                                                                    "count": 12,
                                                                    "is_parallel": true,
                                                                    "self": 0.0004831670084968209
                                                                }
                                                            }
                                                        }
                                                    }
                                                }
                                            }
                                        }
                                    }
                                }
                            }
                        },
                        "trainer_advance": {
                            "total": 0.0001709579664748162,
                            "count": 6,
                            "self": 0.00012104198685847223,
                            "children": {
                                "process_trajectory": {
                                    "total": 4.9915979616343975e-05,
                                    "count": 6,
                                    "self": 4.9915979616343975e-05
                                }
                            }
                        }
                    }
                },
                "trainer_threads": {
                    "total": 4.159810487180948e-07,
                    "count": 1,
                    "self": 4.159810487180948e-07
                },
                "TrainerController._save_models": {
                    "total": 0.035346666991245,
                    "count": 1,
                    "self": 0.0003377499815542251,