{
    "name": "root",
    "metadata": {
        "timer_format_version": "0.1.0",
        "start_time_seconds": "1749242618",
        "python_version": "3.10.2 | packaged by conda-forge | (main, Mar  8 2022, 15:52:47) [Clang 11.1.0 ]",
        "command_line_arguments": "/opt/anaconda3/envs/mlagents/bin/mlagents-learn config/test_config.yaml --run-id=0606_17",
        "mlagents_version": "1.0.0",
        "mlagents_envs_version": "1.0.0",
        "communication_protocol_version": "1.5.0",
        "pytorch_version": "1.13.1",
        "numpy_version": "1.23.1",
        "end_time_seconds": "1749242715"
    },
    "total": 96.55928670900175,
    "count": 1,
    "self": 10.002267376010423,
    "children": {
        "run_training.setup": {
            "total": 0.012339624998276122,
            "count": 1,
            "self": 0.012339624998276122
        },
        "TrainerController.start_learning": {
            "total": 86.54467970799305,
            "count": 1,
            "self": 0.018326727265957743,
            "children": {
                "TrainerController._reset_env": {
                    "total": 2.7890474580053706,
                    "count": 1,
                    "self": 2.7890474580053706
                },
                "TrainerController.advance": {
                    "total": 83.70077814772958,
                    "count": 1793,
                    "self": 0.015564288551104255,
                    "children": {
                        "env_step": {
                            "total": 83.01144190796185,
                            "count": 1793,
                            "self": 81.80107141484041,
                            "children": {
                                "SubprocessEnvManager._take_step": {
                                    "total": 1.1991487493360182,
                                    "count": 1794,
                                    "self": 0.031711138086393476,
                                    "children": {
                                        "TorchPolicy.evaluate": {
                                            "total": 1.1674376112496248,
                                            "count": 1794,
                                            "self": 1.1674376112496248
                                        }
                                    }
                                },
                                "workers": {
                                    "total": 0.011221743785426952,
                                    "count": 1792,
                                    "self": 0.0,
                                    "children": {
                                        "worker_root": {
                                            "total": 54.10412537683442,
                                            "count": 1792,
                                            "is_parallel": true,
                                            "self": 2.7049490929202875,
                                            "children": {
                                                "steps_from_proto": {
                                                    "total": 0.0009777079976629466,
                                                    "count": 2,
                                                    "is_parallel": true,
                                                    "self": 0.0005499989783857018,
                                                    "children": {
                                                        "_process_rank_one_or_two_observation": {
                                                            "total": 0.0004277090192772448,
                                                            "count": 4,
                                                            "is_parallel": true,
                                                            "self": 0.0004277090192772448
                                                        }
                                                    }
                                                },
                                                "UnityEnvironment.step": {
                                                    "total": 51.39819857591647,
                                                    "count": 1792,
                                                    "is_parallel": true,
                                                    "self": 0.07623060427431483,
                                                    "children": {
                                                        "UnityEnvironment._generate_step_input": {
                                                            "total": 0.05064637534087524,
                                                            "count": 1792,
                                                            "is_parallel": true,
                                                            "self": 0.05064637534087524
                                                        },
                                                        "communicator.exchange": {
                                                            "total": 51.0092586309911,
                                                            "count": 1792,
                                                            "is_parallel": true,
                                                            "self": 51.0092586309911
                                                        },
                                                        "steps_from_proto": {
                                                            "total": 0.2620629653101787,
                                                            "count": 1792,
                                                            "is_parallel": true,
                                                            "self": 0.12981697513896506,
                                                            "children": {
                                                                "_process_rank_one_or_two_observation": {
                                                                    "total": 0.13224599017121363,
                                                                    "count": 3584,
                                                                    "is_parallel": true,
                                                                    "self": 0.13224599017121363
                                                                }
                                                            }
                                                        }
                                                    }
                                                }
                                            }
                                        }
                                    }
                                }
                            }
                        },
                        "trainer_advance": {
                            "total": 0.6737719512166223,
                            "count": 1792,
                            "self": 0.024941702067735605,
                            "children": {
                                "process_trajectory": {
                                    "total": 0.042857749125687405,
                                    "count": 1792,
                                    "self": 0.042857749125687405
                                },
                                "_update_policy": {
                                    "total": 0.6059725000231992,
                                    "count": 13,
                                    "self": 0.07369709010527004,
                                    "children": {
                                        "TorchPPOOptimizer.update": {
                                            "total": 0.5322754099179292,
                                            "count": 468,