{
    "name": "root",
    "metadata": {
        "timer_format_version": "0.1.0",
        "start_time_seconds": "1748544726",
        "python_version": "3.10.2 | packaged by conda-forge | (main, Mar  8 2022, 15:52:47) [Clang 11.1.0 ]",
        "command_line_arguments": "/opt/anaconda3/envs/mlagents/bin/mlagents-learn config/test_config.yaml --run-id=test0529_27",
        "mlagents_version": "1.0.0",
        "mlagents_envs_version": "1.0.0",
        "communication_protocol_version": "1.5.0",
        "pytorch_version": "1.13.1",
        "numpy_version": "1.23.1",
        "end_time_seconds": "1748544729"
    },
    "total": 2.9180812090053223,
    "count": 1,
    "self": 0.00494891800917685,
    "children": {
        "run_training.setup": {
            "total": 0.012940582993905991,
            "count": 1,
            "self": 0.012940582993905991
        },
        "TrainerController.start_learning": {
            "total": 2.9001917080022395,
            "count": 1,
            "self": 7.929097046144307e-05,
            "children": {
                "TrainerController._reset_env": {
                    "total": 2.8793133750150446,
                    "count": 1,
                    "self": 2.8793133750150446
                },
                "TrainerController.advance": {
                    "total": 0.007210125011624768,
                    "count": 1,
                    "self": 8.25000461190939e-06,
                    "children": {
                        "env_step": {
                            "total": 0.007201875007012859,
                            "count": 1,
                            "self": 0.00013699999544769526,
                            "children": {
                                "SubprocessEnvManager._take_step": {
                                    "total": 0.007064875011565164,
                                    "count": 1,
                                    "self": 3.0499999411404133e-05,
                                    "children": {
                                        "TorchPolicy.evaluate": {
                                            "total": 0.00703437501215376,
                                            "count": 1,
                                            "self": 0.00703437501215376
                                        }
                                    }
                                }
                            }
                        }
                    }
                },
                "TrainerController._save_models": {
                    "total": 0.01358891700510867,
                    "count": 1,
                    "self": 1.6250996850430965e-05,
                    "children": {
                        "RLTrainer._checkpoint": {
                            "total": 0.013572666008258238,
                            "count": 1,
                            "self": 0.013572666008258238
                        }
                    }
                }
            }
        }
    }
}