{
    "name": "root",
    "gauges": {
        "Agent.Policy.Entropy.mean": {
            "value": 3.543436288833618,
            "min": 3.3771438598632812,
            "max": 3.756662130355835,
            "count": 3
        },
        "Agent.Policy.Entropy.sum": {
            "value": 35462.7109375,
            "min": 33788.32421875,
            "max": 37604.1875,
            "count": 3
        },
        "Agent.Environment.EpisodeLength.mean": {
            "value": 253.97435897435898,
            "min": 253.97435897435898,
            "max": 278.69444444444446,
            "count": 3
        },
        "Agent.Environment.EpisodeLength.sum": {
            "value": 9905.0,
            "min": 9717.0,
            "max": 10033.0,
            "count": 3
        },
        "Agent.Step.mean": {
            "value": 29959.0,
            "min": 9946.0,
            "max": 29959.0,
            "count": 3
        },
        "Agent.Step.sum": {
            "value": 29959.0,
            "min": 9946.0,
            "max": 29959.0,
            "count": 3
        },
        "Agent.Policy.ExtrinsicValueEstimate.mean": {
            "value": 1.129819631576538,
            "min": 0.9882009029388428,
            "max": 1.129819631576538,
            "count": 3
        },
        "Agent.Policy.ExtrinsicValueEstimate.sum": {
            "value": 192.0693359375,
            "min": 167.00595092773438,
            "max": 192.0693359375,
            "count": 3
        },
        "Agent.Environment.CumulativeReward.mean": {
            "value": 2.989384561777115,
            "min": 2.2769721700913377,
            "max": 2.989384561777115,
            "count": 3
        },
        "Agent.Environment.CumulativeReward.sum": {
            "value": 116.58599790930748,
            "min": 81.97099812328815,
            "max": 116.58599790930748,
            "count": 3
        },
        "Agent.Policy.ExtrinsicReward.mean": {
            "value": 2.989384561777115,
            "min": 2.2769721700913377,
            "max": 2.989384561777115,
            "count": 3
        },
        "Agent.Policy.ExtrinsicReward.sum": {
            "value": 116.58599790930748,
            "min": 81.97099812328815,
            "max": 116.58599790930748,
            "count": 3
        },
        "Agent.Losses.PolicyLoss.mean": {
            "value": 0.24420080228522478,
            "min": 0.2400305358531994,
            "max": 0.24420080228522478,
            "count": 3
        },
        "Agent.Losses.PolicyLoss.sum": {
            "value": 20.024465787388433,
            "min": 19.44247340410915,
            "max": 20.089709269800583,
            "count": 3
        },
        "Agent.Losses.ValueLoss.mean": {
            "value": 0.022607835537190292,
            "min": 0.022607835537190292,
            "max": 0.04277963294249993,
            "count": 3
        },
        "Agent.Losses.ValueLoss.sum": {
            "value": 1.853842514049604,
            "min": 1.853842514049604,
            "max": 3.550709534227494,
            "count": 3
        },
        "Agent.Policy.LearningRate.mean": {
            "value": 0.00028501376841004634,
            "min": 0.00028501376841004634,
            "max": 0.0002969666602703728,
            "count": 3
        },
        "Agent.Policy.LearningRate.sum": {
            "value": 0.0233711290096238,
            "min": 0.0233711290096238,
            "max": 0.024156537247821,
            "count": 3
        },
        "Agent.Policy.Epsilon.mean": {
            "value": 0.19500458780487806,
            "min": 0.19500458780487806,
            "max": 0.19898888641975312,
            "count": 3
        },
        "Agent.Policy.Epsilon.sum": {
            "value": 15.990376200000002,
            "min": 15.990376200000002,
            "max": 16.352179,
            "count": 3
        },
        "Agent.Policy.Beta.mean": {
            "value": 0.0005000000000000001,
            "min": 0.0005000000000000001,
            "max": 0.0005000000000000001,
            "count": 3
        },
        "Agent.Policy.Beta.sum": {
            "value": 0.04100000000000001,
            "min": 0.04050000000000001,
            "max": 0.04150000000000001,
            "count": 3
        },
        "Agent.IsTraining.mean": {
            "value": 1.0,
            "min": 1.0,
            "max": 1.0,
            "count": 3
        },
        "Agent.IsTraining.sum": {
            "value": 1.0,
            "min": 1.0,
            "max": 1.0,
            "count": 3
        }
    },
    "metadata": {
        "timer_format_version": "0.1.0",
        "start_time_seconds": "1748775131",
        "python_version": "3.10.2 (tags/v3.10.2:a58ebcc, Jan 17 2022, 14:12:15) [MSC v.1929 64 bit (AMD64)]",
        "command_line_arguments": "C:\\Users\\kang\\AppData\\Local\\Programs\\Python\\Python310\\Scripts\\mlagents-learn config/test_config.yaml --run-id=test0529_27",
        "mlagents_version": "1.0.0",
        "mlagents_envs_version": "1.0.0",
        "communication_protocol_version": "1.5.0",
        "pytorch_version": "1.13.1+cu117",
        "numpy_version": "1.23.1",
        "end_time_seconds": "1748776111"
    },
    "total": 979.6784847999988,
    "count": 1,
    "self": 0.003980600002250867,
    "children": {
        "run_training.setup": {
            "total": 0.06474379999781377,
            "count": 1,
            "self": 0.06474379999781377
        },
        "TrainerController.start_learning": {
            "total": 979.6097603999988,
            "count": 1,
            "self": 0.6581026996209403,
            "children": {
                "TrainerController._reset_env": {
                    "total": 4.008552600000257,
                    "count": 1,
                    "self": 4.008552600000257
                },
                "TrainerController.advance": {
                    "total": 974.7860414003808,
                    "count": 39596,
                    "self": 0.5063588997072657,
                    "children": {
                        "env_step": {
                            "total": 892.7489325000861,
                            "count": 39596,
                            "self": 802.1197880003929,
                            "children": {
                                "SubprocessEnvManager._take_step": {
                                    "total": 90.23514989964315,
                                    "count": 39596,
                                    "self": 1.3996563990403956,
                                    "children": {
                                        "TorchPolicy.evaluate": {
                                            "total": 88.83549350060275,
                                            "count": 39596,
                                            "self": 88.83549350060275
                                        }
                                    }
                                },
                                "workers": {
                                    "total": 0.39399460005006404,
                                    "count": 39595,
                                    "self": 0.0,
                                    "children": {
                                        "worker_root": {
                                            "total": 912.6448271000481,
                                            "count": 39595,
                                            "is_parallel": true,
                                            "self": 200.91926129956846,
                                            "children": {
                                                "steps_from_proto": {
                                                    "total": 0.00032649999775458127,
                                                    "count": 1,
                                                    "is_parallel": true,
                                                    "self": 0.00018209999689133838,