{
    "name": "root",
    "metadata": {
        "timer_format_version": "0.1.0",
        "start_time_seconds": "1748757533",
        "python_version": "3.10.2 | packaged by conda-forge | (main, Mar  8 2022, 15:52:47) [Clang 11.1.0 ]",
        "command_line_arguments": "/opt/anaconda3/envs/mlagents/bin/mlagents-learn config/test_config.yaml --run-id=branchsize3_0601_25",
        "mlagents_version": "1.0.0",
        "mlagents_envs_version": "1.0.0",
        "communication_protocol_version": "1.5.0",
        "pytorch_version": "1.13.1",
        "numpy_version": "1.23.1",
        "end_time_seconds": "1748757846"
    },
    "total": 313.6431051249965,
    "count": 1,
    "self": 0.002494584070518613,
    "children": {
        "run_training.setup": {
            "total": 0.011729082965757698,
            "count": 1,
            "self": 0.011729082965757698
        },
        "TrainerController.start_learning": {
            "total": 313.62888145796023,
            "count": 1,
            "self": 0.021712695190217346,
            "children": {
                "TrainerController._reset_env": {
                    "total": 3.0502110829693265,
                    "count": 1,
                    "self": 3.0502110829693265
                },
                "TrainerController.advance": {
                    "total": 310.4985000138404,
                    "count": 1944,
                    "self": 0.018326539604458958,
                    "children": {
                        "env_step": {
                            "total": 309.70660443161614,
                            "count": 1944,
                            "self": 308.37306438660016,
                            "children": {
                                "SubprocessEnvManager._take_step": {
                                    "total": 1.320393602421973,
                                    "count": 1944,
                                    "self": 0.03600861760787666,
                                    "children": {
                                        "TorchPolicy.evaluate": {
                                            "total": 1.2843849848140962,
                                            "count": 1944,
                                            "self": 1.2843849848140962
                                        }
                                    }
                                },
                                "workers": {
                                    "total": 0.013146442594006658,
                                    "count": 1943,
                                    "self": 0.0,
                                    "children": {
                                        "worker_root": {
                                            "total": 277.84430775413057,
                                            "count": 1943,
                                            "is_parallel": true,
                                            "self": 3.037411134573631,
                                            "children": {
                                                "steps_from_proto": {
                                                    "total": 0.0006230419967323542,
                                                    "count": 1,
                                                    "is_parallel": true,
                                                    "self": 0.0003463330212980509,
                                                    "children": {
                                                        "_process_rank_one_or_two_observation": {
                                                            "total": 0.0002767089754343033,
                                                            "count": 2,
                                                            "is_parallel": true,
                                                            "self": 0.0002767089754343033
                                                        }
                                                    }
                                                },
                                                "UnityEnvironment.step": {
                                                    "total": 274.8062735775602,
                                                    "count": 1943,
                                                    "is_parallel": true,
                                                    "self": 0.08128673699684441,
                                                    "children": {
                                                        "UnityEnvironment._generate_step_input": {
                                                            "total": 0.05625137477181852,
                                                            "count": 1943,
                                                            "is_parallel": true,
                                                            "self": 0.05625137477181852
                                                        },
                                                        "communicator.exchange": {
                                                            "total": 274.3963905821438,
                                                            "count": 1943,
                                                            "is_parallel": true,
                                                            "self": 274.3963905821438
                                                        },
                                                        "steps_from_proto": {
                                                            "total": 0.27234488364774734,
                                                            "count": 1943,
                                                            "is_parallel": true,
                                                            "self": 0.13895273354137316,
                                                            "children": {
                                                                "_process_rank_one_or_two_observation": {
                                                                    "total": 0.13339215010637417,
                                                                    "count": 3886,
                                                                    "is_parallel": true,
                                                                    "self": 0.13339215010637417
                                                                }
                                                            }
                                                        }
                                                    }
                                                }
                                            }
                                        }
                                    }
                                }
                            }
                        },
                        "trainer_advance": {
                            "total": 0.7735690426197834,
                            "count": 1943,
                            "self": 0.027876838750671595,
                            "children": {
                                "process_trajectory": {
                                    "total": 0.04813537182053551,
                                    "count": 1943,
                                    "self": 0.04813537182053551
                                },
                                "_update_policy": {
                                    "total": 0.6975568320485763,
                                    "count": 15,
                                    "self": 0.0864321346161887,
                                    "children": {
                                        "TorchPPOOptimizer.update": {
                                            "total": 0.6111246974323876,
                                            "count": 540,