{
    "name": "root",
    "metadata": {
        "timer_format_version": "0.1.0",
        "start_time_seconds": "1748866306",
        "python_version": "3.10.2 | packaged by conda-forge | (main, Mar  8 2022, 15:52:47) [Clang 11.1.0 ]",
        "command_line_arguments": "/opt/anaconda3/envs/mlagents/bin/mlagents-learn config/test_config.yaml --run-id=0602_02",
        "mlagents_version": "1.0.0",
        "mlagents_envs_version": "1.0.0",
        "communication_protocol_version": "1.5.0",
        "pytorch_version": "1.13.1",
        "numpy_version": "1.23.1",
        "end_time_seconds": "1748866337"
    },
    "total": 31.021555249986704,
    "count": 1,
    "self": 0.003085333970375359,
    "children": {
        "run_training.setup": {
            "total": 0.013349207991268486,
            "count": 1,
            "self": 0.013349207991268486
        },
        "TrainerController.start_learning": {
            "total": 31.00512070802506,
            "count": 1,
            "self": 0.015952074667438865,
            "children": {
                "TrainerController._reset_env": {
                    "total": 3.0717229160363786,
                    "count": 1,
                    "self": 3.0717229160363786
                },
                "TrainerController.advance": {
                    "total": 27.88365092535969,
                    "count": 1501,
                    "self": 0.013719885901082307,
                    "children": {
                        "env_step": {
                            "total": 27.300919934234116,
                            "count": 1501,
                            "self": 26.280017562326975,
                            "children": {
                                "SubprocessEnvManager._take_step": {
                                    "total": 1.0113859933335334,
                                    "count": 1502,
                                    "self": 0.025936976773664355,
                                    "children": {
                                        "TorchPolicy.evaluate": {
                                            "total": 0.985449016559869,
                                            "count": 1502,
                                            "self": 0.985449016559869
                                        }
                                    }
                                },
                                "workers": {
                                    "total": 0.009516378573607653,
                                    "count": 1500,
                                    "self": 0.0,
                                    "children": {
                                        "worker_root": {
                                            "total": 19.81228098727297,
                                            "count": 1500,
                                            "is_parallel": true,
                                            "self": 2.2422995849628933,
                                            "children": {
                                                "steps_from_proto": {
                                                    "total": 0.0006173329893499613,
                                                    "count": 1,
                                                    "is_parallel": true,
                                                    "self": 0.00034358404809609056,
                                                    "children": {
                                                        "_process_rank_one_or_two_observation": {
                                                            "total": 0.0002737489412538707,
                                                            "count": 2,
                                                            "is_parallel": true,
                                                            "self": 0.0002737489412538707
                                                        }
                                                    }
                                                },
                                                "UnityEnvironment.step": {
                                                    "total": 17.569364069320727,
                                                    "count": 1500,
                                                    "is_parallel": true,
                                                    "self": 0.058029887615703046,
                                                    "children": {
                                                        "UnityEnvironment._generate_step_input": {
                                                            "total": 0.041349905426613986,
                                                            "count": 1500,
                                                            "is_parallel": true,
                                                            "self": 0.041349905426613986
                                                        },
                                                        "communicator.exchange": {
                                                            "total": 17.269090490124654,
                                                            "count": 1500,
                                                            "is_parallel": true,
                                                            "self": 17.269090490124654
                                                        },
                                                        "steps_from_proto": {
                                                            "total": 0.20089378615375608,
                                                            "count": 1500,
                                                            "is_parallel": true,
                                                            "self": 0.10140549461357296,
                                                            "children": {
                                                                "_process_rank_one_or_two_observation": {
                                                                    "total": 0.09948829154018313,
                                                                    "count": 3000,
                                                                    "is_parallel": true,
                                                                    "self": 0.09948829154018313
                                                                }
                                                            }
                                                        }
                                                    }
                                                }
                                            }
                                        }
                                    }
                                }
                            }
                        },
                        "trainer_advance": {
                            "total": 0.5690111052244902,
                            "count": 1500,
                            "self": 0.02117556327721104,
                            "children": {
                                "process_trajectory": {
                                    "total": 0.036151418928056955,
                                    "count": 1500,
                                    "self": 0.036151418928056955
                                },
                                "_update_policy": {
                                    "total": 0.5116841230192222,
                                    "count": 11,
                                    "self": 0.06300381675828248,
                                    "children": {
                                        "TorchPPOOptimizer.update": {
                                            "total": 0.4486803062609397,
                                            "count": 396,