{
    "name": "root",
    "metadata": {
        "timer_format_version": "0.1.0",
        "start_time_seconds": "1749380313",
        "python_version": "3.10.2 | packaged by conda-forge | (main, Mar  8 2022, 15:52:47) [Clang 11.1.0 ]",
        "command_line_arguments": "/opt/anaconda3/envs/mlagents/bin/mlagents-learn config/test_config.yaml --run-id=0608_2",
        "mlagents_version": "1.0.0",
        "mlagents_envs_version": "1.0.0",
        "communication_protocol_version": "1.5.0",
        "pytorch_version": "1.13.1",
        "numpy_version": "1.23.1",
        "end_time_seconds": "1749380567"
    },
    "total": 254.46352016698802,
    "count": 1,
    "self": 0.0026745839859358966,
    "children": {
        "run_training.setup": {
            "total": 0.011460958019597456,
            "count": 1,
            "self": 0.011460958019597456
        },
        "TrainerController.start_learning": {
            "total": 254.44938462498249,
            "count": 1,
            "self": 0.0241669665556401,
            "children": {
                "TrainerController._reset_env": {
                    "total": 2.708087125007296,
                    "count": 1,
                    "self": 2.708087125007296
                },
                "TrainerController.advance": {
                    "total": 251.6465306164173,
                    "count": 2399,
                    "self": 0.022878217103425413,
                    "children": {
                        "env_step": {
                            "total": 250.70140938821714,
                            "count": 2399,
                            "self": 249.04963999043684,
                            "children": {
                                "SubprocessEnvManager._take_step": {
                                    "total": 1.6364355453988537,
                                    "count": 2400,
                                    "self": 0.043720466521335766,
                                    "children": {
                                        "TorchPolicy.evaluate": {
                                            "total": 1.592715078877518,
                                            "count": 2400,
                                            "self": 1.592715078877518
                                        }
                                    }
                                },
                                "workers": {
                                    "total": 0.015333852381445467,
                                    "count": 2398,
                                    "self": 0.0,
                                    "children": {
                                        "worker_root": {
                                            "total": 75.24799271894153,
                                            "count": 2398,
                                            "is_parallel": true,
                                            "self": 3.684203638258623,
                                            "children": {
                                                "steps_from_proto": {
                                                    "total": 0.0008783759840298444,
                                                    "count": 2,
                                                    "is_parallel": true,
                                                    "self": 0.0004116250202059746,
                                                    "children": {
                                                        "_process_rank_one_or_two_observation": {
                                                            "total": 0.0004667509638238698,
                                                            "count": 4,
                                                            "is_parallel": true,
                                                            "self": 0.0004667509638238698
                                                        }
                                                    }
                                                },
                                                "UnityEnvironment.step": {
                                                    "total": 71.56291070469888,
                                                    "count": 2398,
                                                    "is_parallel": true,
                                                    "self": 0.10011984946322627,
                                                    "children": {
                                                        "UnityEnvironment._generate_step_input": {
                                                            "total": 0.07018948878976516,
                                                            "count": 2398,
                                                            "is_parallel": true,
                                                            "self": 0.07018948878976516
                                                        },
                                                        "communicator.exchange": {
                                                            "total": 71.05372213284136,
                                                            "count": 2398,
                                                            "is_parallel": true,
                                                            "self": 71.05372213284136
                                                        },
                                                        "steps_from_proto": {
                                                            "total": 0.3388792336045299,
                                                            "count": 2398,
                                                            "is_parallel": true,
                                                            "self": 0.1688625832903199,
                                                            "children": {
                                                                "_process_rank_one_or_two_observation": {
                                                                    "total": 0.17001665031420998,
                                                                    "count": 4796,
                                                                    "is_parallel": true,
                                                                    "self": 0.17001665031420998
                                                                }
                                                            }
                                                        }
                                                    }
                                                }
                                            }
                                        }
                                    }
                                }
                            }
                        },
                        "trainer_advance": {
                            "total": 0.9222430110967252,
                            "count": 2398,
                            "self": 0.03377013755380176,
                            "children": {
                                "process_trajectory": {
                                    "total": 0.0572833324840758,
                                    "count": 2398,
                                    "self": 0.0572833324840758
                                },
                                "_update_policy": {
                                    "total": 0.8311895410588477,
                                    "count": 18,
                                    "self": 0.10187437423155643,
                                    "children": {
                                        "TorchPPOOptimizer.update": {
                                            "total": 0.7293151668272913,
                                            "count": 648,