{
    "name": "root",
    "metadata": {
        "timer_format_version": "0.1.0",
        "start_time_seconds": "1749380727",
        "python_version": "3.10.2 | packaged by conda-forge | (main, Mar  8 2022, 15:52:47) [Clang 11.1.0 ]",
        "command_line_arguments": "/opt/anaconda3/envs/mlagents/bin/mlagents-learn config/test_config.yaml --run-id=0608_5",
        "mlagents_version": "1.0.0",
        "mlagents_envs_version": "1.0.0",
        "communication_protocol_version": "1.5.0",
        "pytorch_version": "1.13.1",
        "numpy_version": "1.23.1",
        "end_time_seconds": "1749380881"
    },
    "total": 153.78802691600868,
    "count": 1,
    "self": 0.0025088749825954437,
    "children": {
        "run_training.setup": {
            "total": 0.01154716601013206,
            "count": 1,
            "self": 0.01154716601013206
        },
        "TrainerController.start_learning": {
            "total": 153.77397087501595,
            "count": 1,
            "self": 0.02901438932167366,
            "children": {
                "TrainerController._reset_env": {
                    "total": 3.4838676670042332,
                    "count": 1,
                    "self": 3.4838676670042332
                },
                "TrainerController.advance": {
                    "total": 150.20194152669865,
                    "count": 2539,
                    "self": 0.023299588938243687,
                    "children": {
                        "env_step": {
                            "total": 149.13534234082908,
                            "count": 2539,
                            "self": 147.35376198161975,
                            "children": {
                                "SubprocessEnvManager._take_step": {
                                    "total": 1.7645410996628925,
                                    "count": 2540,
                                    "self": 0.04756540973903611,
                                    "children": {
                                        "TorchPolicy.evaluate": {
                                            "total": 1.7169756899238564,
                                            "count": 2538,
                                            "self": 1.7169756899238564
                                        }
                                    }
                                },
                                "workers": {
                                    "total": 0.01703925954643637,
                                    "count": 2538,
                                    "self": 0.0,
                                    "children": {
                                        "worker_root": {
                                            "total": 88.3389026466757,
                                            "count": 2538,
                                            "is_parallel": true,
                                            "self": 3.9757499262923375,
                                            "children": {
                                                "steps_from_proto": {
                                                    "total": 0.0011130830098409206,
                                                    "count": 2,
                                                    "is_parallel": true,
                                                    "self": 0.0005441670073196292,
                                                    "children": {
                                                        "_process_rank_one_or_two_observation": {
                                                            "total": 0.0005689160025212914,
                                                            "count": 4,
                                                            "is_parallel": true,
                                                            "self": 0.0005689160025212914
                                                        }
                                                    }
                                                },
                                                "UnityEnvironment.step": {
                                                    "total": 84.36203963737353,
                                                    "count": 2538,
                                                    "is_parallel": true,
                                                    "self": 0.110912129515782,
                                                    "children": {
                                                        "UnityEnvironment._generate_step_input": {
                                                            "total": 0.07533486039028503,
                                                            "count": 2538,
                                                            "is_parallel": true,
                                                            "self": 0.07533486039028503
                                                        },
                                                        "communicator.exchange": {
                                                            "total": 83.79627750001964,
                                                            "count": 2538,
                                                            "is_parallel": true,
                                                            "self": 83.79627750001964
                                                        },
                                                        "steps_from_proto": {
                                                            "total": 0.3795151474478189,
                                                            "count": 2538,
                                                            "is_parallel": true,
                                                            "self": 0.19281388641684316,
                                                            "children": {
                                                                "_process_rank_one_or_two_observation": {
                                                                    "total": 0.18670126103097573,
                                                                    "count": 5076,
                                                                    "is_parallel": true,
                                                                    "self": 0.18670126103097573
                                                                }
                                                            }
                                                        }
                                                    }
                                                }
                                            }
                                        }
                                    }
                                }
                            }
                        },
                        "trainer_advance": {
                            "total": 1.0432995969313197,
                            "count": 2538,
                            "self": 0.03563829156337306,
                            "children": {
                                "process_trajectory": {
                                    "total": 0.06357209733687341,
                                    "count": 2538,
                                    "self": 0.06357209733687341
                                },
                                "_update_policy": {
                                    "total": 0.9440892080310732,
                                    "count": 20,
                                    "self": 0.11506065912544727,
                                    "children": {
                                        "TorchPPOOptimizer.update": {
                                            "total": 0.8290285489056259,
                                            "count": 714,