{
    "name": "root",
    "metadata": {
        "timer_format_version": "0.1.0",
        "start_time_seconds": "1748433650",
        "python_version": "3.10.2 | packaged by conda-forge | (main, Mar  8 2022, 15:52:47) [Clang 11.1.0 ]",
        "command_line_arguments": "/opt/anaconda3/envs/mlagents/bin/mlagents-learn config/test_config.yaml --run-id=test0528_2",
        "mlagents_version": "1.0.0",
        "mlagents_envs_version": "1.0.0",
        "communication_protocol_version": "1.5.0",
        "pytorch_version": "1.13.1",
        "numpy_version": "1.23.1",
        "end_time_seconds": "1748433775"
    },
    "total": 125.20043287498993,
    "count": 1,
    "self": 0.002585166977951303,
    "children": {
        "run_training.setup": {
            "total": 0.012613458005944267,
            "count": 1,
            "self": 0.012613458005944267
        },
        "TrainerController.start_learning": {
            "total": 125.18523425000603,
            "count": 1,
            "self": 0.0003964589850511402,
            "children": {
                "TrainerController._reset_env": {
                    "total": 4.618173249997199,
                    "count": 1,
                    "self": 4.618173249997199
                },
                "TrainerController.advance": {
                    "total": 120.49757650001266,
                    "count": 1,
                    "self": 0.0003012910165125504,
                    "children": {
                        "env_step": {
                            "total": 120.49727520899614,
                            "count": 1,
                            "self": 120.49310329198488,
                            "children": {
                                "SubprocessEnvManager._take_step": {
                                    "total": 0.004171917011262849,
                                    "count": 1,
                                    "self": 0.00013008300447836518,
                                    "children": {
                                        "TorchPolicy.evaluate": {
                                            "total": 0.004041834006784484,
                                            "count": 1,
                                            "self": 0.004041834006784484
                                        }
                                    }
                                }
                            }
                        }
                    }
                },
                "TrainerController._save_models": {
                    "total": 0.06908804101112764,
                    "count": 1,
                    "self": 0.00040649900620337576,
                    "children": {
                        "RLTrainer._checkpoint": {
                            "total": 0.06868154200492427,
                            "count": 1,
                            "self": 0.06868154200492427
                        }
                    }
                }
            }
        }
    }
}