{
    "name": "root",
    "metadata": {
        "timer_format_version": "0.1.0",
        "start_time_seconds": "1748342179",
        "python_version": "3.10.2 | packaged by conda-forge | (main, Mar  8 2022, 15:52:47) [Clang 11.1.0 ]",
        "command_line_arguments": "/opt/anaconda3/envs/mlagents/bin/mlagents-learn config/test_config.yaml --run-id=test0527_7",
        "mlagents_version": "1.0.0",
        "mlagents_envs_version": "1.0.0",
        "communication_protocol_version": "1.5.0",
        "pytorch_version": "1.13.1",
        "numpy_version": "1.23.1",
        "end_time_seconds": "1748342303"
    },
    "total": 124.53136712500418,
    "count": 1,
    "self": 0.002582000000984408,
    "children": {
        "run_training.setup": {
            "total": 0.011863833999086637,
            "count": 1,
            "self": 0.011863833999086637
        },
        "TrainerController.start_learning": {
            "total": 124.51692129100411,
            "count": 1,
            "self": 0.00031045899959281087,
            "children": {
                "TrainerController._reset_env": {
                    "total": 3.9543729159995564,
                    "count": 1,
                    "self": 3.9543729159995564
                },
                "TrainerController.advance": {
                    "total": 120.4934164160004,
                    "count": 1,
                    "self": 0.0001541660021757707,
                    "children": {
                        "env_step": {
                            "total": 120.49326224999822,
                            "count": 1,
                            "self": 120.48952204199304,
                            "children": {
                                "SubprocessEnvManager._take_step": {
                                    "total": 0.0037402080051833764,
                                    "count": 1,
                                    "self": 7.562401151517406e-05,
                                    "children": {
                                        "TorchPolicy.evaluate": {
                                            "total": 0.0036645839936682023,
                                            "count": 1,
                                            "self": 0.0036645839936682023
                                        }
                                    }
                                }
                            }
                        }
                    }
                },
                "TrainerController._save_models": {
                    "total": 0.06882150000456022,
                    "count": 1,
                    "self": 0.00042137500713579357,
                    "children": {
                        "RLTrainer._checkpoint": {
                            "total": 0.06840012499742443,
                            "count": 1,
                            "self": 0.06840012499742443
                        }
                    }
                }
            }
        }
    }
}